order_id,order_date,region,category,channel,customer_segment,units,unit_price,discount_pct,revenue,cost,profit,delivery_days,rating
489,2024-01-01,East,Apparel,Retail,Home Office,5,71.71,0.0,358.55,242.46,116.09,13.0,
953,2024-01-01,West,Accessories,Online,Consumer,9,27.12,0.15,207.47,131.97,75.5,,
3914,2024-01-01,West,Footwear,Online,Consumer,7,112.19,0.0,785.33,522.66,262.67,10.0,3.0
4961,2024-01-01,North,Apparel,Online,Consumer,4,36.56,0.0,146.24,91.53,54.71,7.0,
1827,2024-01-02,South,Footwear,Online,Consumer,3,44.2,0.0,132.6,89.8,42.8,14.0,
3324,2024-01-02,North,Footwear,Online,Consumer,7,25.39,0.1,159.96,89.49,70.47,2.0,
532,2024-01-03,East,Footwear,Wholesale,Consumer,134,24.43,0.1,2946.26,1976.14,970.12,12.0,4.0
667,2024-01-03,North,Footwear,Online,Consumer,1,98.23,0.0,98.23,59.61,38.62,10.0,1.0
800,2024-01-03,South,Footwear,Wholesale,Consumer,42,48.34,0.0,2030.28,1298.9,731.38,1.0,5.0
972,2024-01-03,East,Footwear,Online,Home Office,11,20.09,0.0,220.99,149.12,71.87,3.0,4.0
1799,2024-01-03,North,Apparel,Retail,Home Office,5,53.07,0.0,265.35,164.36,100.99,4.0,1.0
2958,2024-01-03,South,Apparel,Online,Consumer,5,88.43,0.0,442.15,254.6,187.55,8.0,4.0
4135,2024-01-03,East,Footwear,Online,Consumer,11,67.02,0.25,552.92,358.45,194.47,8.0,1.0
4266,2024-01-03,South,Footwear,Online,Consumer,7,181.72,0.0,1272.04,849.79,422.25,13.0,
4822,2024-01-03,West,Footwear,Online,Corporate,9,86.97,0.05,743.59,437.68,305.91,13.0,3.0
4933,2024-01-03,East,Footwear,Online,Consumer,6,33.76,0.05,192.43,123.95,68.48,13.0,
318,2024-01-04,South,Footwear,Retail,Consumer,3,60.88,0.0,182.64,116.45,66.19,9.0,1.0
357,2024-01-04,South,Apparel,Online,Corporate,5,40.37,0.1,181.66,113.69,67.97,4.0,3.0
2872,2024-01-04,East,Apparel,Online,Consumer,4,38.02,0.05,144.48,94.35,50.13,6.0,3.0
3091,2024-01-04,South,Apparel,Online,Consumer,9,35.19,0.0,316.71,188.83,127.88,8.0,4.0
4108,2024-01-04,West,Apparel,Retail,Consumer,7,39.45,0.05,262.34,162.09,100.25,,
4405,2024-01-04,North,Accessories,Online,Consumer,10,76.88,0.1,691.92,423.31,268.61,,3.0
4504,2024-01-04,East,Outerwear,Online,Consumer,3,57.76,0.15,147.29,91.15,56.14,1.0,
1570,2024-01-05,North,Footwear,Retail,Consumer,9,33.46,0.15,255.97,135.78,120.19,14.0,3.0
2343,2024-01-05,North,Accessories,Retail,Consumer,5,40.73,0.0,203.65,120.51,83.14,4.0,
4695,2024-01-05,West,Accessories,Online,Consumer,6,41.61,0.25,187.24,108.92,78.32,5.0,4.0
453,2024-01-06,East,Outerwear,Wholesale,Consumer,111,39.82,0.05,4199.02,2698.72,1500.3,6.0,5.0
666,2024-01-06,West,Footwear,Online,Corporate,8,29.25,0.05,222.3,146.62,75.68,,5.0
1168,2024-01-06,West,Apparel,Online,Consumer,2,63.76,0.0,127.52,83.71,43.81,7.0,3.0
2883,2024-01-06,South,Footwear,Online,Corporate,3,52.5,0.05,149.62,82.05,67.57,,2.0
3195,2024-01-06,West,Apparel,Online,Home Office,8,41.4,0.0,331.2,218.94,112.26,10.0,
3541,2024-01-06,North,Apparel,Online,Consumer,10,48.3,0.15,410.55,256.69,153.86,7.0,1.0
3868,2024-01-06,West,Apparel,Retail,Consumer,7,31.06,0.05,206.55,128.27,78.28,13.0,
4241,2024-01-06,West,Apparel,Retail,Consumer,3,64.13,0.1,173.15,103.15,70.0,2.0,1.0
4557,2024-01-06,South,Accessories,Wholesale,Corporate,252,56.0,0.1,12700.8,6939.29,5761.51,12.0,4.0
9,2024-01-07,East,Footwear,Online,Consumer,9,45.47,0.0,409.23,270.75,138.48,11.0,
693,2024-01-07,East,Accessories,Online,Consumer,3,35.77,0.0,107.31,62.98,44.33,1.0,1.0
1923,2024-01-07,South,Accessories,Online,Consumer,5,40.15,0.0,200.75,138.67,62.08,14.0,
1925,2024-01-07,North,Accessories,Online,Consumer,8,80.43,0.0,643.44,386.87,256.57,10.0,5.0
2684,2024-01-07,North,Accessories,Online,Corporate,5,61.63,0.15,261.93,158.91,103.02,6.0,1.0
2822,2024-01-07,West,Apparel,Retail,Consumer,8,61.07,0.0,488.56,298.15,190.41,13.0,
3055,2024-01-07,East,Apparel,Online,Corporate,11,24.08,0.1,238.39,154.62,83.77,8.0,2.0
3420,2024-01-07,North,Apparel,Online,Consumer,4,115.72,0.0,462.88,262.72,200.16,12.0,4.0
4280,2024-01-07,South,Outerwear,Retail,Corporate,5,35.14,0.15,149.34,95.38,53.96,13.0,
4579,2024-01-07,South,Outerwear,Wholesale,Corporate,311,62.84,0.25,14657.43,10301.33,4356.1,8.0,3.0
451,2024-01-08,North,Footwear,Online,Home Office,11,15.1,0.25,124.57,72.99,51.58,1.0,5.0
742,2024-01-08,West,Outerwear,Online,Consumer,3,72.14,0.0,216.42,116.86,99.56,10.0,1.0
1598,2024-01-08,North,Outerwear,Wholesale,Corporate,206,56.64,0.0,11667.84,7566.39,4101.45,12.0,
1987,2024-01-08,South,Footwear,Retail,Home Office,3,32.4,0.15,82.62,49.95,32.67,6.0,5.0
2008,2024-01-08,North,Accessories,Online,Consumer,3,41.09,0.25,92.45,56.41,36.04,5.0,
2280,2024-01-08,East,Footwear,Online,Consumer,7,36.39,0.0,254.73,168.05,86.68,8.0,2.0
3115,2024-01-08,North,Footwear,Online,Home Office,8,54.06,0.0,432.48,266.84,165.64,,3.0
3637,2024-01-08,South,Accessories,Retail,Corporate,10,87.82,0.05,834.29,540.91,293.38,6.0,1.0
3697,2024-01-08,South,Outerwear,Online,Consumer,2,91.33,0.0,182.66,108.71,73.95,1.0,4.0
3983,2024-01-08,East,Accessories,Online,Consumer,5,99.3,0.05,471.67,273.4,198.27,13.0,2.0
244,2024-01-09,South,Outerwear,Online,Consumer,8,42.43,0.0,339.44,198.26,141.18,9.0,4.0
1876,2024-01-09,South,Apparel,Online,Corporate,5,80.05,0.0,400.25,243.3,156.95,3.0,2.0
2824,2024-01-09,North,Outerwear,Retail,Corporate,9,44.61,0.0,401.49,220.49,181.0,5.0,1.0
3216,2024-01-09,East,Outerwear,Online,Consumer,5,35.69,0.1,160.6,99.06,61.54,,1.0
3443,2024-01-09,South,Accessories,Online,Consumer,2,104.11,0.0,208.22,117.51,90.71,11.0,2.0
4617,2024-01-09,West,Accessories,Online,Consumer,2,71.18,0.0,142.36,81.51,60.85,2.0,5.0
648,2024-01-10,South,Apparel,Wholesale,Consumer,383,126.04,0.1,43445.99,27948.03,15497.96,4.0,
845,2024-01-10,South,Accessories,Online,Consumer,3,33.96,0.05,96.79,67.78,29.01,11.0,3.0
1912,2024-01-10,South,Outerwear,Online,Consumer,8,38.51,0.0,308.08,180.45,127.63,14.0,1.0
2782,2024-01-10,North,Outerwear,Online,Consumer,11,14.3,0.25,117.98,69.92,48.06,8.0,5.0
2924,2024-01-10,East,Apparel,Online,Consumer,5,36.67,0.0,183.35,107.24,76.11,8.0,3.0
3907,2024-01-10,West,Apparel,Online,Corporate,8,53.95,0.15,366.86,217.41,149.45,2.0,5.0
4083,2024-01-10,South,Footwear,Online,Consumer,6,16.87,0.0,101.22,64.65,36.57,14.0,1.0
237,2024-01-11,North,Accessories,Wholesale,Consumer,238,27.81,0.0,6618.78,4851.84,1766.94,1.0,4.0
1947,2024-01-11,North,Apparel,Online,Consumer,9,93.07,0.1,753.87,530.72,223.15,12.0,4.0
2640,2024-01-11,West,Apparel,Retail,Home Office,2,86.61,0.0,173.22,106.67,66.55,14.0,
3515,2024-01-11,West,Accessories,Retail,Home Office,5,37.03,0.05,175.89,108.13,67.76,4.0,
3913,2024-01-11,North,Outerwear,Online,Consumer,5,54.1,0.0,270.5,174.95,95.55,3.0,5.0
4953,2024-01-11,East,Apparel,Online,Consumer,10,58.59,0.05,556.6,351.64,204.96,9.0,2.0
322,2024-01-12,West,Apparel,Retail,Consumer,11,151.12,0.0,1662.32,1106.8,555.52,13.0,5.0
1274,2024-01-12,East,Apparel,Online,Consumer,10,34.74,0.05,330.03,192.71,137.32,14.0,1.0
1354,2024-01-12,West,Outerwear,Online,Consumer,4,61.0,0.0,244.0,158.07,85.93,6.0,5.0
1482,2024-01-12,East,Outerwear,Retail,Corporate,8,53.44,0.05,406.14,255.85,150.29,14.0,
2209,2024-01-12,North,Footwear,Online,Consumer,7,37.89,0.1,238.71,150.69,88.02,8.0,3.0
2848,2024-01-12,West,Apparel,Online,Home Office,3,79.81,0.0,239.43,147.93,91.5,8.0,3.0
3439,2024-01-12,West,Footwear,Wholesale,Consumer,88,106.63,0.0,9383.44,6004.51,3378.93,,5.0
144,2024-01-13,South,Apparel,Retail,Corporate,7,73.26,0.0,512.82,323.31,189.51,3.0,4.0
829,2024-01-13,West,Accessories,Retail,Home Office,2,27.32,0.15,46.44,29.54,16.9,13.0,4.0
934,2024-01-13,South,Accessories,Retail,Consumer,11,50.85,0.0,559.35,333.48,225.87,4.0,4.0
1248,2024-01-13,East,Footwear,Retail,Consumer,7,72.56,0.0,507.92,307.15,200.77,3.0,3.0
1886,2024-01-13,East,Apparel,Online,Consumer,2,70.0,0.0,140.0,86.74,53.26,7.0,1.0
3022,2024-01-13,South,Footwear,Online,Consumer,8,61.75,0.25,370.5,227.02,143.48,3.0,2.0
3207,2024-01-13,North,Accessories,Online,Corporate,2,33.83,0.05,64.28,41.41,22.87,6.0,
3705,2024-01-13,North,Accessories,Retail,Consumer,9,43.97,0.1,356.16,210.27,145.89,4.0,5.0
525,2024-01-14,East,Apparel,Online,Home Office,4,108.16,0.0,432.64,307.17,125.47,1.0,
1272,2024-01-14,South,Accessories,Retail,Consumer,6,22.92,0.0,137.52,87.37,50.15,7.0,3.0
2216,2024-01-14,West,Apparel,Online,Corporate,11,41.31,0.0,454.41,277.23,177.18,1.0,2.0
2230,2024-01-14,West,Apparel,Online,Home Office,5,30.32,0.0,151.6,92.37,59.23,1.0,2.0
3424,2024-01-14,South,Apparel,Retail,Corporate,7,65.36,0.0,457.52,266.88,190.64,,2.0
286,2024-01-15,East,Apparel,Online,Consumer,10,43.28,0.0,432.8,269.67,163.13,12.0,4.0
319,2024-01-15,East,Accessories,Online,Consumer,4,55.81,0.15,189.75,109.78,79.97,1.0,3.0
1023,2024-01-15,West,Apparel,Online,Consumer,3,133.62,0.0,400.86,241.41,159.45,11.0,
1410,2024-01-15,South,Accessories,Retail,Consumer,5,29.1,0.0,145.5,95.4,50.1,,3.0
3648,2024-01-15,West,Accessories,Wholesale,Home Office,278,61.16,0.0,17002.48,9845.25,7157.23,,2.0
4835,2024-01-15,South,Accessories,Online,Home Office,1,94.95,0.05,90.2,57.49,32.71,5.0,3.0
4874,2024-01-15,West,Outerwear,Retail,Consumer,9,96.31,0.05,823.45,459.63,363.82,10.0,1.0
3252,2024-01-16,South,Accessories,Wholesale,Consumer,61,30.47,0.0,1858.67,1241.34,617.33,8.0,4.0
4983,2024-01-16,East,Footwear,Wholesale,Consumer,252,81.8,0.0,20613.6,12288.45,8325.15,11.0,2.0
180,2024-01-17,West,Footwear,Retail,Consumer,7,53.83,0.25,282.61,174.74,107.87,3.0,4.0
1211,2024-01-17,East,Footwear,Retail,Consumer,1,29.36,0.0,29.36,17.64,11.72,7.0,4.0
4234,2024-01-17,West,Accessories,Online,Consumer,6,37.52,0.15,191.35,117.77,73.58,4.0,1.0
4748,2024-01-17,North,Outerwear,Retail,Home Office,5,38.37,0.0,191.85,129.17,62.68,1.0,3.0
204,2024-01-18,West,Accessories,Retail,Consumer,4,79.53,0.0,318.12,182.37,135.75,6.0,
1984,2024-01-18,West,Footwear,Online,Consumer,9,30.63,0.15,234.32,141.97,92.35,8.0,2.0
2659,2024-01-18,East,Outerwear,Online,Consumer,5,63.44,0.0,317.2,221.29,95.91,10.0,5.0
3176,2024-01-18,North,Accessories,Online,Corporate,9,49.95,0.05,427.07,278.43,148.64,,5.0
3581,2024-01-18,North,Outerwear,Wholesale,Home Office,165,41.69,0.0,6878.85,3869.86,3008.99,5.0,3.0
643,2024-01-19,West,Accessories,Retail,Consumer,4,68.77,0.0,275.08,145.45,129.63,5.0,5.0
773,2024-01-19,West,Apparel,Online,Home Office,6,69.8,0.05,397.86,234.37,163.49,5.0,
1030,2024-01-19,South,Footwear,Wholesale,Consumer,295,22.08,0.1,5862.24,3716.79,2145.45,10.0,2.0
1966,2024-01-19,North,Footwear,Online,Consumer,11,45.94,0.0,505.34,319.71,185.63,8.0,4.0
2892,2024-01-19,West,Footwear,Online,Home Office,11,66.52,0.05,695.13,408.58,286.55,14.0,4.0
3570,2024-01-19,West,Apparel,Wholesale,Consumer,256,77.04,0.15,16763.9,9389.65,7374.25,12.0,5.0
3835,2024-01-19,East,Footwear,Online,Consumer,1,64.37,0.1,57.93,39.38,18.55,13.0,3.0
4040,2024-01-19,West,Footwear,Retail,Consumer,8,60.65,0.1,436.68,270.14,166.54,11.0,5.0
4377,2024-01-19,South,Outerwear,Online,Consumer,7,91.17,0.05,606.28,394.18,212.1,1.0,5.0
4494,2024-01-19,East,Apparel,Retail,Corporate,4,50.97,0.25,152.91,89.43,63.48,5.0,1.0
4646,2024-01-19,North,Apparel,Retail,Consumer,4,68.82,0.1,247.75,175.15,72.6,10.0,5.0
97,2024-01-20,South,Footwear,Wholesale,Consumer,312,77.09,0.05,22849.48,13679.67,9169.81,8.0,4.0
514,2024-01-20,West,Accessories,Retail,Corporate,6,59.46,0.05,338.92,211.96,126.96,7.0,1.0
1125,2024-01-20,South,Apparel,Retail,Corporate,8,50.69,0.1,364.97,237.64,127.33,4.0,1.0
1246,2024-01-20,West,Accessories,Retail,Consumer,10,64.53,0.0,645.3,336.11,309.19,6.0,3.0
1852,2024-01-20,South,Apparel,Retail,Corporate,11,70.52,0.05,736.93,535.91,201.02,7.0,3.0
3270,2024-01-20,South,Apparel,Online,Home Office,9,125.83,0.1,1019.22,635.8,383.42,10.0,3.0
3488,2024-01-20,West,Outerwear,Online,Consumer,3,34.59,0.15,88.2,55.03,33.17,9.0,4.0
3893,2024-01-20,East,Footwear,Online,Home Office,10,69.24,0.0,692.4,438.1,254.3,4.0,1.0
4326,2024-01-20,East,Outerwear,Retail,Home Office,8,56.59,0.0,452.72,299.3,153.42,,
4572,2024-01-20,North,Footwear,Online,Corporate,1,26.65,0.1,23.98,14.3,9.68,9.0,
571,2024-01-21,North,Apparel,Online,Consumer,3,27.79,0.0,83.37,47.64,35.73,13.0,4.0
1862,2024-01-21,South,Footwear,Retail,Home Office,1,109.69,0.0,109.69,66.73,42.96,6.0,3.0
2087,2024-01-21,South,Accessories,Retail,Corporate,5,60.81,0.0,304.05,192.8,111.25,9.0,4.0
3403,2024-01-21,North,Accessories,Online,Consumer,10,78.11,0.15,663.94,382.85,281.09,1.0,
3807,2024-01-21,West,Apparel,Retail,Consumer,1,115.26,0.0,115.26,72.04,43.22,5.0,4.0
30,2024-01-22,West,Apparel,Wholesale,Consumer,318,64.55,0.0,20526.9,12588.97,7937.93,,4.0
495,2024-01-22,East,Outerwear,Online,Consumer,10,11.36,0.0,113.6,80.38,33.22,10.0,2.0
2634,2024-01-22,South,Accessories,Online,Consumer,1,29.19,0.0,29.19,18.16,11.03,11.0,1.0
2961,2024-01-22,East,Outerwear,Retail,Consumer,1,32.32,0.25,24.24,15.14,9.1,10.0,3.0
3291,2024-01-22,West,Footwear,Wholesale,Corporate,227,40.3,0.0,9148.1,5292.23,3855.87,,5.0
29,2024-01-23,East,Apparel,Online,Consumer,2,37.99,0.05,72.18,45.51,26.67,2.0,
2248,2024-01-23,East,Apparel,Wholesale,Corporate,333,66.21,0.05,20945.53,12197.86,8747.67,8.0,3.0
4840,2024-01-23,West,Apparel,Retail,Home Office,9,64.41,0.0,579.69,374.72,204.97,11.0,1.0
76,2024-01-24,South,Apparel,Online,Corporate,6,57.98,0.0,347.88,195.22,152.66,12.0,
662,2024-01-24,West,Accessories,Retail,Corporate,4,118.9,0.0,475.6,310.26,165.34,10.0,2.0
676,2024-01-24,South,Apparel,Online,Consumer,11,33.22,0.0,365.42,205.74,159.68,10.0,4.0
1659,2024-01-24,East,Footwear,Online,Consumer,8,57.82,0.05,439.43,278.65,160.78,3.0,2.0
2141,2024-01-24,South,Outerwear,Retail,Consumer,2,77.43,0.0,154.86,96.65,58.21,4.0,2.0
129,2024-01-25,North,Outerwear,Online,Consumer,4,43.98,0.05,167.12,107.24,59.88,8.0,2.0
599,2024-01-25,South,Footwear,Online,Consumer,8,17.97,0.0,143.76,79.12,64.64,4.0,
697,2024-01-25,East,Apparel,Online,Corporate,5,79.39,0.0,396.95,258.28,138.67,5.0,5.0
1531,2024-01-25,South,Accessories,Retail,Home Office,3,53.06,0.15,135.3,87.34,47.96,11.0,1.0
1533,2024-01-25,North,Apparel,Online,Consumer,7,92.94,0.0,650.58,429.3,221.28,,5.0
2858,2024-01-25,South,Outerwear,Online,Home Office,9,32.47,0.15,248.4,148.42,99.98,11.0,3.0
2929,2024-01-25,West,Footwear,Online,Consumer,9,22.83,0.05,195.2,127.96,67.24,9.0,1.0
4417,2024-01-25,South,Accessories,Retail,Home Office,6,58.22,0.0,349.32,198.37,150.95,12.0,
4780,2024-01-25,East,Accessories,Wholesale,Consumer,81,28.99,0.0,2348.19,1424.99,923.2,14.0,1.0
4890,2024-01-25,North,Footwear,Online,Corporate,5,46.32,0.0,231.6,139.28,92.32,5.0,3.0
4895,2024-01-25,North,Apparel,Online,Consumer,10,135.34,0.05,1285.73,787.4,498.33,8.0,1.0
3053,2024-01-26,East,Outerwear,Online,Home Office,7,43.56,0.1,274.43,185.37,89.06,13.0,5.0
3532,2024-01-26,North,Accessories,Retail,Consumer,4,61.35,0.0,245.4,156.82,88.58,5.0,5.0
3575,2024-01-26,East,Footwear,Online,Corporate,7,82.01,0.05,545.37,325.62,219.75,7.0,4.0
4100,2024-01-26,East,Apparel,Retail,Consumer,10,21.11,0.0,211.1,133.56,77.54,6.0,
4272,2024-01-26,East,Accessories,Online,Corporate,6,141.82,0.05,808.37,513.35,295.02,5.0,4.0
4684,2024-01-26,East,Apparel,Retail,Consumer,6,44.21,0.05,252.0,163.94,88.06,,
4733,2024-01-26,South,Accessories,Retail,Corporate,4,53.12,0.0,212.48,124.88,87.6,3.0,2.0
4794,2024-01-26,West,Footwear,Online,Consumer,11,66.13,0.1,654.69,392.63,262.06,11.0,1.0
2231,2024-01-27,East,Outerwear,Retail,Consumer,2,23.19,0.0,46.38,27.59,18.79,,4.0
613,2024-01-28,East,Apparel,Online,Consumer,9,39.16,0.1,317.2,200.98,116.22,12.0,1.0
1401,2024-01-28,West,Outerwear,Retail,Consumer,3,19.34,0.05,55.12,35.03,20.09,13.0,4.0
2296,2024-01-28,North,Footwear,Online,Corporate,9,62.04,0.1,502.52,320.64,181.88,9.0,2.0
3102,2024-01-28,East,Apparel,Online,Consumer,9,37.68,0.05,322.16,215.16,107.0,14.0,4.0
3409,2024-01-28,North,Accessories,Online,Corporate,8,27.28,0.05,207.33,122.94,84.39,5.0,1.0
552,2024-01-29,West,Apparel,Wholesale,Consumer,197,43.31,0.05,8105.47,4555.14,3550.33,12.0,
1070,2024-01-29,North,Footwear,Online,Consumer,9,64.61,0.05,552.42,353.77,198.65,,
1561,2024-01-29,West,Accessories,Online,Corporate,10,82.76,0.0,827.6,529.74,297.86,13.0,5.0
1758,2024-01-29,East,Footwear,Online,Corporate,7,47.69,0.0,333.83,209.34,124.49,5.0,4.0
2373,2024-01-29,South,Outerwear,Online,Consumer,10,66.12,0.05,628.14,411.46,216.68,8.0,5.0
2653,2024-01-29,East,Footwear,Wholesale,Corporate,81,63.45,0.0,5139.45,3440.4,1699.05,4.0,
4914,2024-01-29,West,Apparel,Online,Consumer,6,77.05,0.0,462.3,269.25,193.05,6.0,5.0
170,2024-01-30,North,Apparel,Wholesale,Corporate,112,30.87,0.0,3457.44,2364.06,1093.38,10.0,3.0
844,2024-01-30,West,Apparel,Online,Consumer,2,31.9,0.0,63.8,38.52,25.28,5.0,1.0
1836,2024-01-30,South,Footwear,Retail,Corporate,6,20.76,0.0,124.56,77.91,46.65,7.0,3.0
2114,2024-01-30,West,Apparel,Retail,Home Office,8,102.31,0.0,818.48,459.34,359.14,,2.0
2396,2024-01-30,West,Footwear,Retail,Consumer,9,37.17,0.15,284.35,180.08,104.27,6.0,1.0
2949,2024-01-30,West,Apparel,Retail,Corporate,4,64.37,0.0,257.48,175.08,82.4,10.0,2.0
1707,2024-01-31,North,Footwear,Retail,Consumer,5,39.38,0.15,167.36,100.22,67.14,9.0,4.0
1915,2024-01-31,South,Apparel,Wholesale,Home Office,92,91.8,0.05,8023.32,4769.04,3254.28,4.0,1.0
3400,2024-01-31,North,Outerwear,Wholesale,Consumer,168,51.19,0.0,8599.92,5749.96,2849.96,2.0,4.0
172,2024-02-01,West,Apparel,Online,Consumer,7,55.8,0.0,458.96,286.99,171.97,12.0,1.0
449,2024-02-01,North,Footwear,Online,Consumer,7,60.76,0.1,449.78,268.78,181.0,7.0,
2623,2024-02-01,South,Footwear,Retail,Consumer,3,17.41,0.0,61.37,36.77,24.6,3.0,5.0
3508,2024-02-01,South,Outerwear,Online,Corporate,6,14.92,0.15,89.41,58.11,31.3,13.0,2.0
4204,2024-02-01,West,Accessories,Online,Corporate,4,69.71,0.0,327.64,200.83,126.81,14.0,
1801,2024-02-02,North,Outerwear,Retail,Home Office,6,120.95,0.0,852.7,461.1,391.6,8.0,4.0
2288,2024-02-02,West,Footwear,Online,Consumer,3,74.09,0.0,261.17,179.92,81.25,8.0,2.0
2502,2024-02-02,North,Apparel,Wholesale,Consumer,268,57.81,0.0,18204.37,12514.22,5690.15,5.0,1.0
4771,2024-02-02,West,Apparel,Retail,Consumer,7,34.69,0.15,242.53,147.98,94.55,10.0,
719,2024-02-03,East,Accessories,Retail,Corporate,4,36.29,0.0,170.56,87.97,82.59,5.0,2.0
2202,2024-02-03,East,Apparel,Online,Consumer,2,64.36,0.05,143.68,95.74,47.94,12.0,4.0
2689,2024-02-03,North,Footwear,Retail,Corporate,10,27.99,0.15,279.55,173.7,105.85,12.0,2.0
2820,2024-02-03,South,Footwear,Online,Home Office,6,28.48,0.15,170.67,107.73,62.94,8.0,4.0
3110,2024-02-03,South,Footwear,Retail,Consumer,1,28.26,0.05,31.55,17.6,13.95,,
3698,2024-02-03,South,Apparel,Wholesale,Consumer,117,48.89,0.0,6721.15,3878.73,2842.42,,
3901,2024-02-03,North,Apparel,Online,Corporate,10,95.46,0.0,1121.66,651.33,470.33,11.0,4.0
4005,2024-02-03,South,Accessories,Wholesale,Home Office,129,54.89,0.05,7903.95,4430.56,3473.39,11.0,2.0
4413,2024-02-03,South,Accessories,Online,Corporate,6,117.54,0.0,828.66,497.08,331.58,4.0,
4619,2024-02-03,West,Apparel,Retail,Consumer,5,20.68,0.0,121.5,83.41,38.09,1.0,5.0
221,2024-02-04,North,Footwear,Online,Corporate,1,12.08,0.0,14.19,8.05,6.14,,
806,2024-02-04,West,Footwear,Retail,Consumer,4,38.7,0.05,172.8,109.16,63.64,4.0,2.0
889,2024-02-04,East,Apparel,Online,Corporate,7,91.44,0.0,752.09,405.38,346.71,6.0,4.0
1229,2024-02-04,South,Apparel,Online,Corporate,5,84.51,0.05,471.67,310.76,160.91,6.0,1.0
1778,2024-02-04,West,Footwear,Retail,Home Office,11,59.39,0.0,767.62,451.22,316.4,11.0,4.0
2078,2024-02-04,North,Accessories,Online,Consumer,4,63.5,0.0,298.45,205.97,92.48,6.0,4.0
2098,2024-02-04,South,Accessories,Retail,Consumer,6,27.52,0.1,174.61,111.41,63.2,14.0,1.0
2151,2024-02-04,East,Footwear,Wholesale,Consumer,205,33.05,0.0,7960.92,4960.43,3000.49,9.0,
2392,2024-02-04,East,Outerwear,Online,Consumer,10,30.93,0.0,363.43,233.21,130.22,14.0,4.0
2771,2024-02-04,East,Outerwear,Online,Consumer,1,86.41,0.1,91.38,53.88,37.5,1.0,2.0
3039,2024-02-05,West,Footwear,Retail,Corporate,2,91.09,0.15,181.95,125.28,56.67,7.0,4.0
3330,2024-02-05,West,Apparel,Wholesale,Consumer,335,52.42,0.0,20633.82,13288.66,7345.16,14.0,2.0
4019,2024-02-05,South,Footwear,Wholesale,Corporate,111,36.09,0.0,4707.04,3021.83,1685.21,11.0,3.0
4446,2024-02-05,West,Apparel,Retail,Consumer,8,30.4,0.0,285.76,191.73,94.03,13.0,3.0
207,2024-02-06,South,Footwear,Online,Home Office,2,73.82,0.05,164.8,105.78,59.02,7.0,4.0
550,2024-02-06,West,Accessories,Online,Corporate,1,119.65,0.0,140.59,90.59,50.0,10.0,5.0
710,2024-02-06,East,Accessories,Online,Home Office,7,26.87,0.05,209.96,136.19,73.77,,
1314,2024-02-06,East,Accessories,Online,Corporate,11,73.36,0.15,805.95,508.69,297.26,10.0,1.0
1343,2024-02-06,East,Outerwear,Wholesale,Consumer,193,63.23,0.25,10754.24,7059.24,3695.0,8.0,1.0
1555,2024-02-06,East,Apparel,Online,Consumer,11,115.07,0.25,1115.46,735.09,380.37,10.0,3.0
2408,2024-02-06,South,Apparel,Retail,Consumer,8,37.43,0.0,351.84,216.64,135.2,12.0,1.0
2854,2024-02-06,East,Accessories,Online,Home Office,6,121.08,0.05,810.93,473.11,337.82,5.0,
3337,2024-02-06,North,Apparel,Retail,Consumer,4,64.01,0.0,300.85,186.01,114.84,6.0,4.0
3402,2024-02-06,South,Footwear,Online,Consumer,4,105.13,0.0,494.11,290.73,203.38,,1.0
3874,2024-02-06,South,Apparel,Retail,Consumer,11,69.51,0.0,898.42,574.3,324.12,9.0,
3946,2024-02-06,West,Footwear,Online,Consumer,4,34.7,0.05,154.94,95.9,59.04,,5.0
4114,2024-02-06,North,Accessories,Online,Corporate,9,39.62,0.15,356.13,213.76,142.37,10.0,2.0
4908,2024-02-06,East,Accessories,Online,Corporate,5,28.92,0.0,169.91,119.27,50.64,13.0,4.0
39,2024-02-07,East,Footwear,Retail,Consumer,3,86.76,0.1,275.25,172.44,102.81,,4.0
2540,2024-02-07,North,Footwear,Retail,Corporate,9,83.47,0.0,882.7,547.17,335.53,14.0,
2661,2024-02-07,South,Footwear,Retail,Consumer,6,45.82,0.0,323.03,188.88,134.15,10.0,3.0
3525,2024-02-07,South,Accessories,Retail,Consumer,3,36.87,0.0,129.97,82.9,47.07,3.0,2.0
3689,2024-02-07,South,Apparel,Online,Corporate,10,38.05,0.0,447.09,269.57,177.52,10.0,
145,2024-02-08,West,Footwear,Online,Consumer,7,16.06,0.1,118.88,77.46,41.42,9.0,1.0
660,2024-02-08,West,Accessories,Online,Corporate,2,35.42,0.05,79.08,44.35,34.73,11.0,4.0
2164,2024-02-08,West,Apparel,Retail,Consumer,2,94.03,0.15,187.82,125.77,62.05,5.0,4.0
2172,2024-02-08,West,Accessories,Retail,Consumer,10,60.75,0.1,642.43,373.75,268.68,14.0,4.0
2349,2024-02-08,East,Footwear,Online,Corporate,10,49.34,0.1,521.77,325.65,196.12,2.0,4.0
3014,2024-02-08,East,Footwear,Retail,Corporate,2,44.16,0.0,103.78,65.77,38.01,11.0,
617,2024-02-09,South,Accessories,Retail,Consumer,1,99.81,0.0,117.28,75.9,41.38,5.0,5.0
1222,2024-02-09,West,Outerwear,Wholesale,Consumer,194,110.33,0.25,18862.29,11703.28,7159.01,9.0,
1347,2024-02-09,East,Outerwear,Online,Corporate,10,29.9,0.0,351.32,214.48,136.84,4.0,5.0
1795,2024-02-09,East,Accessories,Online,Corporate,8,64.5,0.0,606.3,345.55,260.75,3.0,1.0
3123,2024-02-09,North,Footwear,Online,Corporate,8,51.16,0.25,360.68,233.15,127.53,,
3478,2024-02-09,East,Accessories,Online,Corporate,7,47.69,0.0,392.25,222.72,169.53,7.0,5.0
4357,2024-02-09,East,Outerwear,Online,Home Office,5,146.85,0.0,862.74,500.52,362.22,3.0,5.0
4810,2024-02-09,West,Footwear,Online,Consumer,10,71.16,0.0,836.13,546.72,289.41,2.0,1.0
383,2024-02-10,North,Accessories,Online,Consumer,4,30.88,0.0,145.14,96.41,48.73,5.0,3.0
3985,2024-02-10,North,Footwear,Retail,Consumer,7,89.73,0.0,738.03,500.13,237.9,12.0,
3997,2024-02-10,North,Accessories,Online,Consumer,11,27.89,0.05,342.45,226.13,116.32,4.0,
4268,2024-02-10,East,Footwear,Wholesale,Consumer,278,60.4,0.05,18743.18,11388.93,7354.25,2.0,
778,2024-02-11,North,Outerwear,Wholesale,Consumer,376,71.51,0.0,31593.12,18906.92,12686.2,3.0,
1728,2024-02-11,South,Apparel,Online,Corporate,7,99.33,0.05,776.14,454.92,321.22,10.0,5.0
1821,2024-02-11,East,Apparel,Retail,Corporate,9,62.86,0.1,598.27,317.92,280.35,1.0,1.0
2901,2024-02-11,East,Footwear,Retail,Consumer,5,101.45,0.0,596.02,371.74,224.28,3.0,
3476,2024-02-11,North,Accessories,Retail,Corporate,1,67.95,0.0,79.84,50.15,29.69,13.0,2.0
4351,2024-02-11,East,Apparel,Online,Consumer,11,58.14,0.1,676.31,492.02,184.29,7.0,4.0
4547,2024-02-11,South,Apparel,Retail,Home Office,8,31.01,0.25,218.62,129.78,88.84,9.0,4.0
4869,2024-02-11,South,Accessories,Retail,Consumer,9,88.21,0.0,932.82,529.58,403.24,5.0,2.0
716,2024-02-12,North,Footwear,Online,Corporate,8,37.03,0.0,348.08,224.68,123.4,6.0,4.0
1443,2024-02-12,West,Apparel,Retail,Home Office,4,20.71,0.0,97.34,58.86,38.48,5.0,1.0
2951,2024-02-12,East,Outerwear,Online,Consumer,3,18.12,0.25,47.9,27.62,20.28,,
4025,2024-02-12,East,Footwear,Retail,Consumer,5,101.1,0.15,504.87,319.95,184.92,3.0,5.0
4309,2024-02-12,South,Apparel,Online,Corporate,9,54.48,0.05,547.32,358.38,188.94,7.0,4.0
4479,2024-02-12,South,Footwear,Online,Home Office,1,28.66,0.15,28.62,17.97,10.65,5.0,
320,2024-02-13,West,Outerwear,Online,Corporate,4,52.24,0.05,233.25,138.65,94.6,6.0,4.0
338,2024-02-13,South,Accessories,Online,Consumer,2,31.21,0.0,73.34,46.63,26.71,,5.0
549,2024-02-13,West,Footwear,Online,Corporate,2,42.56,0.0,100.02,65.92,34.1,10.0,2.0
696,2024-02-13,West,Accessories,Retail,Consumer,1,39.47,0.0,46.38,30.32,16.06,6.0,1.0
2612,2024-02-13,North,Apparel,Online,Consumer,11,65.99,0.0,852.92,553.28,299.64,13.0,4.0
4210,2024-02-13,South,Accessories,Retail,Consumer,9,140.35,0.0,1484.2,939.79,544.41,6.0,
4390,2024-02-13,South,Apparel,Online,Consumer,2,31.58,0.05,70.5,42.53,27.97,1.0,5.0
183,2024-02-14,North,Footwear,Retail,Consumer,1,27.46,0.05,30.65,19.74,10.91,3.0,1.0
516,2024-02-14,East,Footwear,Online,Consumer,7,54.17,0.0,445.55,266.81,178.74,1.0,1.0
799,2024-02-14,East,Apparel,Retail,Consumer,2,43.94,0.0,103.26,55.42,47.84,8.0,4.0
1979,2024-02-14,South,Accessories,Online,Home Office,2,25.16,0.0,59.13,38.0,21.13,,3.0
2186,2024-02-14,North,Apparel,Retail,Home Office,8,26.09,0.0,245.25,152.11,93.14,12.0,5.0
2470,2024-02-14,East,Apparel,Retail,Consumer,2,21.59,0.0,50.74,29.22,21.52,1.0,3.0
3090,2024-02-14,East,Footwear,Online,Corporate,7,51.31,0.1,379.82,229.85,149.97,,4.0
3236,2024-02-14,West,Apparel,Wholesale,Corporate,205,30.17,0.0,7267.2,4421.3,2845.9,6.0,2.0
3299,2024-02-14,North,Accessories,Online,Consumer,2,76.15,0.0,178.95,113.59,65.36,10.0,
4414,2024-02-14,West,Accessories,Online,Home Office,9,55.96,0.1,532.6,315.23,217.37,9.0,3.0
179,2024-02-15,East,Footwear,Wholesale,Home Office,229,82.32,0.25,16612.69,11049.3,5563.39,4.0,4.0
1609,2024-02-15,North,Accessories,Online,Consumer,11,73.44,0.0,949.21,524.76,424.45,,
1629,2024-02-15,East,Accessories,Retail,Consumer,7,52.47,0.0,431.57,244.39,187.18,14.0,5.0
1804,2024-02-15,North,Apparel,Online,Consumer,10,120.57,0.0,1416.7,822.52,594.18,2.0,5.0
3038,2024-02-15,West,Apparel,Retail,Home Office,5,49.72,0.25,219.08,128.62,90.46,3.0,
4576,2024-02-15,South,Apparel,Online,Consumer,7,66.89,0.0,550.17,315.71,234.46,5.0,5.0
64,2024-02-16,South,Accessories,Retail,Consumer,1,111.85,0.05,124.85,83.59,41.26,13.0,2.0
554,2024-02-16,South,Outerwear,Wholesale,Corporate,174,72.64,0.15,12623.56,7347.05,5276.51,11.0,3.0
867,2024-02-16,East,Apparel,Online,Home Office,2,50.1,0.15,100.07,56.4,43.67,8.0,4.0
1962,2024-02-16,South,Apparel,Retail,Home Office,8,33.43,0.0,314.24,218.96,95.28,4.0,2.0
2622,2024-02-16,East,Footwear,Online,Corporate,9,73.76,0.0,780.01,499.17,280.84,6.0,1.0
3798,2024-02-16,East,Outerwear,Online,Home Office,2,51.23,0.0,120.39,63.09,57.3,4.0,1.0
4313,2024-02-16,West,Outerwear,Online,Home Office,2,93.39,0.0,219.47,139.6,79.87,12.0,5.0
4380,2024-02-16,West,Accessories,Retail,Consumer,11,18.6,0.0,240.41,162.98,77.43,4.0,4.0
4603,2024-02-16,North,Accessories,Retail,Consumer,9,125.75,0.1,1196.83,668.48,528.35,8.0,1.0
276,2024-02-17,North,Accessories,Online,Corporate,10,177.18,0.15,1769.59,1005.66,763.93,8.0,1.0
1025,2024-02-17,East,Apparel,Retail,Home Office,1,39.96,0.25,35.21,19.79,15.42,6.0,
2250,2024-02-17,North,Apparel,Online,Consumer,11,32.39,0.1,376.78,231.86,144.92,10.0,1.0
4719,2024-02-17,West,Footwear,Online,Corporate,6,53.83,0.0,379.5,255.79,123.71,11.0,3.0
316,2024-02-18,North,Apparel,Online,Corporate,1,68.45,0.1,72.39,43.99,28.4,2.0,3.0
661,2024-02-18,South,Footwear,Online,Consumer,6,42.75,0.0,301.39,181.51,119.88,7.0,5.0
1312,2024-02-18,East,Apparel,Retail,Home Office,9,44.92,0.0,475.03,292.49,182.54,8.0,3.0
2648,2024-02-18,East,Footwear,Retail,Home Office,3,36.86,0.0,129.93,75.13,54.8,10.0,1.0
2727,2024-02-18,West,Apparel,Retail,Consumer,5,46.9,0.15,234.21,150.09,84.12,3.0,
2815,2024-02-18,North,Accessories,Online,Home Office,3,51.65,0.0,182.07,118.56,63.51,4.0,4.0
3587,2024-02-18,South,Apparel,Retail,Corporate,8,107.12,0.0,1006.93,620.88,386.05,11.0,
4499,2024-02-18,East,Apparel,Online,Consumer,8,102.11,0.0,959.83,580.62,379.21,11.0,
4621,2024-02-18,West,Apparel,Online,Corporate,1,116.72,0.0,137.15,83.99,53.16,6.0,4.0
907,2024-02-19,North,Accessories,Online,Home Office,11,48.73,0.0,629.84,381.82,248.02,5.0,2.0
1386,2024-02-19,West,Footwear,Retail,Consumer,7,16.01,0.25,98.76,62.98,35.78,12.0,4.0
2636,2024-02-19,North,Footwear,Retail,Corporate,10,46.34,0.05,517.27,325.97,191.3,6.0,4.0
4737,2024-02-19,South,Outerwear,Online,Consumer,9,44.94,0.15,403.95,264.88,139.07,3.0,3.0
392,2024-02-20,North,Outerwear,Retail,Consumer,4,105.46,0.25,371.75,249.49,122.26,3.0,1.0
1672,2024-02-20,East,Apparel,Wholesale,Consumer,265,24.5,0.0,7628.69,4718.42,2910.27,12.0,1.0
1737,2024-02-20,West,Outerwear,Online,Consumer,6,55.51,0.05,371.78,228.76,143.02,5.0,5.0
2334,2024-02-20,West,Footwear,Online,Consumer,4,46.98,0.05,209.77,102.95,106.82,14.0,5.0
2350,2024-02-20,South,Footwear,Wholesale,Home Office,331,28.21,0.25,8228.68,4449.18,3779.5,2.0,
2604,2024-02-20,East,Apparel,Retail,Consumer,2,25.3,0.05,56.48,35.84,20.64,,4.0
2625,2024-02-20,North,Apparel,Retail,Consumer,8,76.5,0.05,683.14,513.76,169.38,13.0,3.0
3027,2024-02-20,South,Apparel,Retail,Consumer,1,19.09,0.0,22.43,13.93,8.5,5.0,4.0
3327,2024-02-20,South,Accessories,Online,Consumer,5,55.44,0.05,309.42,197.35,112.07,,1.0
134,2024-02-21,West,Accessories,Retail,Corporate,4,21.02,0.25,74.1,45.72,28.38,8.0,4.0
2317,2024-02-21,East,Apparel,Retail,Corporate,2,37.95,0.0,89.18,59.82,29.36,1.0,2.0
3175,2024-02-21,North,Apparel,Wholesale,Home Office,380,35.77,0.25,11978.48,6571.63,5406.85,7.0,3.0
3582,2024-02-21,North,Accessories,Online,Home Office,9,48.06,0.1,457.41,281.39,176.02,9.0,1.0
3716,2024-02-21,East,Apparel,Online,Consumer,10,43.35,0.15,432.96,274.92,158.04,6.0,5.0
3998,2024-02-21,West,Outerwear,Online,Corporate,5,21.96,0.0,129.02,81.15,47.87,14.0,1.0
679,2024-02-22,West,Accessories,Online,Consumer,5,49.47,0.15,247.04,160.08,86.96,14.0,
2154,2024-02-22,West,Apparel,Online,Consumer,5,74.09,0.05,413.51,255.33,158.18,1.0,3.0
2315,2024-02-22,West,Outerwear,Retail,Consumer,4,103.13,0.0,484.71,311.86,172.85,8.0,1.0
3084,2024-02-22,North,Outerwear,Online,Consumer,4,60.98,0.0,286.61,194.86,91.75,12.0,2.0
3140,2024-02-22,South,Apparel,Online,Consumer,1,51.33,0.0,60.31,41.13,19.18,1.0,2.0
4505,2024-02-22,South,Apparel,Online,Corporate,7,18.11,0.0,148.95,96.97,51.98,3.0,1.0
220,2024-02-23,South,Accessories,Online,Home Office,3,39.67,0.0,139.84,80.79,59.05,11.0,3.0
264,2024-02-23,West,Outerwear,Online,Consumer,3,45.47,0.05,152.27,86.32,65.95,2.0,1.0
849,2024-02-23,North,Footwear,Wholesale,Consumer,270,36.97,0.0,11728.73,7187.83,4540.9,5.0,2.0
1684,2024-02-23,South,Footwear,Online,Home Office,9,26.58,0.0,281.08,156.01,125.07,12.0,
2019,2024-02-23,East,Outerwear,Online,Consumer,7,70.42,0.05,550.24,296.59,253.65,9.0,5.0
2130,2024-02-23,North,Apparel,Wholesale,Consumer,391,63.91,0.0,29361.85,16769.83,12592.02,1.0,
2962,2024-02-23,West,Apparel,Wholesale,Consumer,99,55.94,0.05,6181.86,3722.37,2459.49,14.0,5.0
3465,2024-02-23,North,Footwear,Online,Consumer,5,30.89,0.1,163.33,95.54,67.79,11.0,
3557,2024-02-23,North,Footwear,Online,Home Office,10,47.16,0.0,554.13,348.24,205.89,5.0,5.0
3766,2024-02-23,South,Apparel,Online,Consumer,2,77.46,0.0,182.03,111.28,70.75,,4.0
4442,2024-02-23,West,Accessories,Online,Consumer,10,89.86,0.05,1003.06,637.72,365.34,7.0,1.0
2025,2024-02-24,East,Accessories,Wholesale,Home Office,335,14.73,0.05,5508.19,3237.72,2270.47,,1.0
3658,2024-02-24,East,Apparel,Online,Consumer,3,41.96,0.0,147.91,90.08,57.83,7.0,1.0
4028,2024-02-24,East,Outerwear,Retail,Corporate,6,58.57,0.0,412.92,252.95,159.97,8.0,5.0
4230,2024-02-24,South,Apparel,Retail,Home Office,5,70.92,0.1,374.99,234.61,140.38,6.0,
726,2024-02-25,North,Apparel,Online,Consumer,9,78.07,0.0,825.59,469.81,355.78,5.0,
1900,2024-02-25,South,Apparel,Online,Corporate,8,28.31,0.15,226.2,135.77,90.43,12.0,3.0
2537,2024-02-25,South,Outerwear,Retail,Home Office,3,60.82,0.0,214.39,123.95,90.44,12.0,3.0
3586,2024-02-25,South,Apparel,Retail,Home Office,11,50.92,0.1,592.33,357.47,234.86,13.0,3.0
519,2024-02-26,South,Apparel,Retail,Consumer,5,24.73,0.0,145.29,84.63,60.66,1.0,2.0
1010,2024-02-26,North,Outerwear,Retail,Home Office,11,46.82,0.05,574.89,332.68,242.21,10.0,4.0
1280,2024-02-26,South,Apparel,Wholesale,Consumer,171,71.43,0.0,14352.07,8348.71,6003.36,12.0,1.0
1983,2024-02-26,South,Footwear,Online,Consumer,10,17.71,0.0,208.09,133.79,74.3,5.0,3.0
3405,2024-02-26,South,Apparel,Online,Consumer,10,22.78,0.0,267.67,167.55,100.12,9.0,
3778,2024-02-26,East,Accessories,Wholesale,Consumer,46,60.05,0.0,3245.7,1912.21,1333.49,8.0,
4392,2024-02-26,North,Accessories,Online,Corporate,7,96.27,0.0,791.82,461.46,330.36,3.0,1.0
4455,2024-02-26,North,Apparel,Retail,Corporate,8,96.77,0.0,909.64,501.57,408.07,3.0,2.0
4531,2024-02-26,North,Accessories,Online,Consumer,8,11.85,0.0,111.39,73.24,38.15,3.0,4.0
1011,2024-02-27,South,Outerwear,Online,Consumer,7,57.89,0.0,476.15,297.72,178.43,4.0,1.0
2942,2024-02-27,West,Outerwear,Retail,Consumer,6,36.02,0.0,253.94,161.33,92.61,3.0,3.0
3333,2024-02-27,South,Footwear,Retail,Consumer,6,93.6,0.0,659.88,466.44,193.44,6.0,3.0
3601,2024-02-27,East,Apparel,Wholesale,Consumer,162,30.37,0.1,5202.84,3397.39,1805.45,14.0,4.0
3878,2024-02-27,North,Outerwear,Online,Consumer,9,72.91,0.0,771.02,511.86,259.16,1.0,1.0
4344,2024-02-27,West,Outerwear,Online,Consumer,2,38.61,0.05,86.2,50.91,35.29,3.0,2.0
858,2024-02-28,East,Apparel,Wholesale,Consumer,385,50.0,0.05,21487.81,12666.76,8821.05,3.0,3.0
905,2024-02-28,East,Footwear,Online,Consumer,3,15.12,0.05,50.63,34.92,15.71,13.0,4.0
1537,2024-02-28,North,Outerwear,Retail,Home Office,4,19.72,0.0,92.68,59.73,32.95,2.0,
2028,2024-02-28,East,Accessories,Retail,Consumer,7,85.17,0.0,700.52,428.28,272.24,,4.0
4079,2024-02-28,East,Accessories,Retail,Corporate,10,55.84,0.1,590.51,377.85,212.66,13.0,1.0
4687,2024-02-28,North,Outerwear,Online,Home Office,5,60.89,0.1,321.96,166.85,155.11,3.0,
2096,2024-02-29,North,Accessories,Online,Consumer,1,29.54,0.15,29.5,17.83,11.67,6.0,3.0
2385,2024-02-29,South,Accessories,Wholesale,Corporate,241,47.1,0.0,13337.54,8477.93,4859.61,10.0,3.0
3274,2024-02-29,East,Accessories,Wholesale,Consumer,235,96.62,0.0,26679.2,16448.75,10230.45,1.0,2.0
257,2024-03-01,East,Footwear,Online,Corporate,8,115.74,0.0,1206.57,713.29,493.28,7.0,
2723,2024-03-01,East,Accessories,Online,Consumer,4,51.76,0.05,256.31,152.51,103.8,4.0,1.0
2909,2024-03-01,South,Outerwear,Retail,Corporate,2,48.75,0.15,108.0,63.48,44.52,,3.0
4109,2024-03-01,West,Footwear,Retail,Consumer,8,76.94,0.0,802.09,489.81,312.28,5.0,3.0
4323,2024-03-01,South,Outerwear,Retail,Home Office,3,40.52,0.0,158.41,100.39,58.02,,
2065,2024-03-02,North,Apparel,Wholesale,Consumer,268,64.11,0.1,20150.41,12339.52,7810.89,7.0,4.0
2489,2024-03-02,East,Accessories,Online,Consumer,1,21.79,0.1,25.56,16.49,9.07,13.0,4.0
2721,2024-03-02,West,Outerwear,Wholesale,Consumer,313,37.34,0.0,15229.98,8865.17,6364.81,14.0,3.0
4608,2024-03-02,East,Accessories,Wholesale,Consumer,379,64.42,0.05,30224.86,17259.57,12965.29,5.0,
1155,2024-03-03,West,Apparel,Online,Consumer,6,61.48,0.05,456.66,289.3,167.36,10.0,5.0
1472,2024-03-03,North,Apparel,Retail,Corporate,3,54.4,0.05,202.03,126.71,75.32,6.0,1.0
1666,2024-03-03,West,Apparel,Online,Home Office,2,97.13,0.1,227.83,133.29,94.54,9.0,4.0
1872,2024-03-03,South,Apparel,Retail,Corporate,2,24.66,0.0,64.27,34.55,29.72,13.0,2.0
2418,2024-03-03,West,Apparel,Wholesale,Corporate,124,67.54,0.0,10913.48,6849.73,4063.75,,5.0
2728,2024-03-03,West,Apparel,Retail,Corporate,9,20.9,0.0,245.11,147.08,98.03,,5.0
2092,2024-03-04,West,Accessories,Online,Corporate,1,27.78,0.05,34.39,21.78,12.61,6.0,5.0
3268,2024-03-04,South,Apparel,Wholesale,Consumer,103,43.53,0.05,5550.48,3701.77,1848.71,6.0,1.0
3360,2024-03-04,South,Footwear,Retail,Consumer,3,72.11,0.15,239.62,144.5,95.12,2.0,3.0
3482,2024-03-04,North,Footwear,Online,Consumer,2,83.8,0.05,207.48,122.52,84.96,10.0,
366,2024-03-05,East,Outerwear,Retail,Consumer,2,33.69,0.05,83.41,54.15,29.26,2.0,5.0
1357,2024-03-05,East,Apparel,Retail,Consumer,8,85.1,0.15,754.08,432.03,322.05,4.0,2.0
1651,2024-03-05,West,Apparel,Online,Consumer,10,80.51,0.0,1049.13,606.18,442.95,2.0,1.0
3167,2024-03-05,South,Footwear,Online,Consumer,9,115.19,0.0,1350.95,911.2,439.75,8.0,
3389,2024-03-05,South,Apparel,Wholesale,Consumer,246,67.82,0.1,19566.63,12765.11,6801.52,1.0,3.0
3472,2024-03-05,West,Footwear,Online,Consumer,8,61.26,0.15,542.83,334.4,208.43,12.0,3.0
3738,2024-03-05,East,Apparel,Online,Corporate,1,39.86,0.1,46.75,28.65,18.1,11.0,3.0
4387,2024-03-05,North,Footwear,Online,Consumer,2,40.44,0.05,100.13,64.29,35.84,4.0,
4951,2024-03-05,East,Apparel,Online,Corporate,9,16.53,0.1,174.48,103.09,71.39,3.0,4.0
163,2024-03-06,North,Apparel,Retail,Home Office,4,24.56,0.0,128.02,75.12,52.9,2.0,
414,2024-03-06,North,Apparel,Retail,Corporate,10,60.06,0.05,743.51,501.44,242.07,9.0,
468,2024-03-06,South,Footwear,Online,Home Office,7,41.57,0.0,379.19,229.02,150.17,6.0,4.0
1390,2024-03-06,South,Apparel,Online,Corporate,8,44.63,0.0,465.26,251.86,213.4,7.0,4.0
1563,2024-03-06,South,Accessories,Online,Consumer,6,50.51,0.0,394.92,242.49,152.43,5.0,1.0
1840,2024-03-06,West,Accessories,Online,Consumer,8,68.35,0.1,641.29,393.86,247.43,6.0,
2001,2024-03-06,West,Accessories,Online,Consumer,10,30.38,0.0,395.88,266.43,129.45,10.0,1.0
3362,2024-03-06,North,Apparel,Online,Consumer,9,98.52,0.0,1155.44,682.38,473.06,3.0,1.0
3366,2024-03-06,East,Apparel,Retail,Consumer,8,46.56,0.1,436.84,260.9,175.94,6.0,3.0
932,2024-03-07,North,Apparel,Online,Corporate,1,47.14,0.05,58.36,36.9,21.46,13.0,3.0
1080,2024-03-07,North,Outerwear,Online,Consumer,1,65.43,0.0,85.26,51.11,34.15,6.0,
1278,2024-03-07,South,Accessories,Online,Consumer,6,39.49,0.05,293.32,188.87,104.45,14.0,1.0
3794,2024-03-07,East,Accessories,Online,Consumer,10,35.59,0.0,463.78,268.56,195.22,7.0,5.0
1382,2024-03-08,West,Outerwear,Online,Corporate,7,74.49,0.15,577.56,378.57,198.99,2.0,1.0
2666,2024-03-08,North,Footwear,Online,Corporate,3,54.31,0.0,212.32,136.13,76.19,1.0,3.0
2681,2024-03-08,South,Footwear,Retail,Corporate,1,52.22,0.1,61.24,36.98,24.26,6.0,2.0
3754,2024-03-08,North,Accessories,Online,Consumer,6,64.76,0.0,506.34,328.48,177.86,6.0,2.0
3856,2024-03-08,West,Apparel,Online,Consumer,10,34.25,0.0,446.31,272.28,174.03,,4.0
4130,2024-03-08,East,Apparel,Online,Corporate,3,53.0,0.0,207.19,114.75,92.44,11.0,
4373,2024-03-08,West,Footwear,Retail,Home Office,2,22.9,0.0,59.68,33.84,25.84,9.0,2.0
4824,2024-03-08,West,Footwear,Online,Consumer,9,85.17,0.0,998.87,608.39,390.48,9.0,
4931,2024-03-08,East,Accessories,Online,Consumer,5,58.69,0.05,363.28,224.0,139.28,2.0,3.0
50,2024-03-09,West,Accessories,Online,Consumer,5,38.04,0.1,223.07,127.71,95.36,11.0,
313,2024-03-09,East,Footwear,Online,Corporate,4,30.81,0.1,144.54,86.99,57.55,2.0,1.0
1308,2024-03-09,South,Footwear,Online,Consumer,3,33.26,0.05,123.52,79.56,43.96,1.0,3.0
2778,2024-03-09,West,Outerwear,Online,Corporate,11,50.63,0.0,725.74,422.5,303.24,,3.0
3109,2024-03-09,East,Footwear,Online,Consumer,9,63.21,0.1,667.19,400.65,266.54,10.0,1.0
3204,2024-03-09,North,Outerwear,Online,Consumer,11,85.29,0.0,1222.56,674.7,547.86,6.0,5.0
4015,2024-03-09,East,Accessories,Retail,Corporate,10,68.99,0.15,764.16,463.04,301.12,13.0,5.0
4418,2024-03-09,East,Footwear,Online,Corporate,10,101.78,0.25,994.73,635.28,359.45,6.0,4.0
4884,2024-03-09,North,Footwear,Online,Consumer,9,52.27,0.0,613.02,369.22,243.8,1.0,
715,2024-03-10,North,Footwear,Online,Corporate,1,127.02,0.0,165.52,101.86,63.66,1.0,5.0
2505,2024-03-10,North,Apparel,Retail,Consumer,11,56.81,0.0,814.33,486.76,327.57,5.0,
2726,2024-03-10,East,Footwear,Online,Consumer,3,34.63,0.25,101.53,55.13,46.4,,4.0
2997,2024-03-10,South,Apparel,Retail,Consumer,6,47.44,0.1,333.83,207.39,126.44,3.0,
4337,2024-03-10,North,Outerwear,Retail,Consumer,3,56.17,0.0,219.59,135.01,84.58,3.0,4.0
950,2024-03-11,East,Accessories,Wholesale,Consumer,58,42.53,0.05,3053.71,2053.17,1000.54,8.0,2.0
1377,2024-03-11,East,Apparel,Retail,Corporate,1,40.41,0.05,50.03,32.24,17.79,8.0,4.0
1618,2024-03-11,South,Accessories,Retail,Home Office,6,35.62,0.05,264.58,163.58,101.0,7.0,
1662,2024-03-11,West,Apparel,Online,Consumer,7,30.62,0.05,265.34,182.64,82.7,13.0,4.0
1822,2024-03-11,South,Accessories,Retail,Corporate,2,53.94,0.05,133.55,86.4,47.15,,3.0
1938,2024-03-11,South,Apparel,Retail,Corporate,9,108.19,0.1,1141.97,657.16,484.81,12.0,5.0
2148,2024-03-11,North,Footwear,Online,Consumer,10,62.39,0.15,691.06,452.93,238.13,4.0,
4878,2024-03-11,North,Footwear,Retail,Corporate,9,39.99,0.0,469.0,281.48,187.52,6.0,3.0
48,2024-03-12,North,Outerwear,Online,Corporate,7,47.43,0.05,411.01,252.79,158.22,2.0,3.0
381,2024-03-12,North,Apparel,Wholesale,Corporate,63,65.7,0.1,4854.33,3068.65,1785.68,4.0,3.0
544,2024-03-12,South,Apparel,Online,Consumer,7,51.36,0.05,445.07,278.25,166.82,12.0,4.0
2584,2024-03-12,North,Apparel,Online,Home Office,1,41.39,0.0,53.94,32.37,21.57,1.0,4.0
3150,2024-03-12,East,Footwear,Wholesale,Corporate,175,32.14,0.0,7329.34,4796.37,2532.97,4.0,1.0
4439,2024-03-12,West,Apparel,Retail,Corporate,4,49.71,0.0,259.11,165.24,93.87,6.0,2.0
2546,2024-03-13,South,Footwear,Retail,Consumer,1,36.98,0.0,48.19,27.1,21.09,2.0,1.0
3249,2024-03-13,West,Apparel,Retail,Consumer,6,24.41,0.05,181.31,114.14,67.17,11.0,5.0
3588,2024-03-13,West,Apparel,Wholesale,Consumer,267,165.58,0.25,43207.7,28021.31,15186.39,12.0,
3714,2024-03-13,East,Apparel,Online,Consumer,9,31.29,0.0,366.97,230.84,136.13,12.0,3.0
4082,2024-03-13,West,Apparel,Retail,Consumer,11,79.01,0.0,1132.54,755.2,377.34,5.0,1.0
4559,2024-03-13,South,Outerwear,Online,Home Office,10,68.41,0.25,668.59,445.72,222.87,12.0,3.0
358,2024-03-14,East,Accessories,Online,Consumer,1,82.93,0.0,108.07,68.07,40.0,11.0,5.0
836,2024-03-14,North,Apparel,Retail,Consumer,11,117.15,0.0,1679.25,1066.56,612.69,14.0,
1119,2024-03-14,South,Apparel,Online,Corporate,11,11.9,0.05,162.05,103.65,58.4,10.0,5.0
1139,2024-03-14,East,Footwear,Online,Corporate,4,93.74,0.0,488.61,296.77,191.84,2.0,2.0
1182,2024-03-14,North,Apparel,Retail,Consumer,11,44.92,0.05,611.7,360.82,250.88,13.0,
2800,2024-03-14,East,Outerwear,Wholesale,Corporate,229,103.23,0.0,30805.06,18262.23,12542.83,13.0,1.0
327,2024-03-15,North,Accessories,Retail,Home Office,10,21.57,0.05,267.03,164.89,102.14,4.0,
690,2024-03-15,North,Outerwear,Retail,Corporate,5,55.44,0.0,361.22,259.59,101.63,14.0,1.0
729,2024-03-15,North,Footwear,Online,Corporate,9,24.16,0.0,283.35,185.32,98.03,3.0,4.0
775,2024-03-15,West,Apparel,Online,Consumer,1,110.7,0.05,137.04,83.36,53.68,11.0,2.0
985,2024-03-15,South,Apparel,Retail,Home Office,1,43.53,0.05,53.89,34.0,19.89,10.0,3.0
1741,2024-03-15,South,Apparel,Wholesale,Consumer,46,53.44,0.0,3203.35,1839.81,1363.54,12.0,2.0
2839,2024-03-15,West,Footwear,Online,Consumer,1,66.53,0.25,65.02,37.72,27.3,13.0,
3363,2024-03-15,West,Footwear,Online,Home Office,8,132.2,0.1,1240.35,705.51,534.84,5.0,3.0
4296,2024-03-15,West,Accessories,Retail,Home Office,1,38.45,0.0,50.1,26.63,23.47,12.0,1.0
4972,2024-03-15,West,Accessories,Retail,Consumer,1,201.01,0.0,261.94,175.68,86.26,11.0,
252,2024-03-16,North,Apparel,Online,Consumer,2,79.32,0.0,206.73,129.33,77.4,12.0,
682,2024-03-16,North,Footwear,Wholesale,Consumer,354,45.61,0.0,21039.92,11619.72,9420.2,1.0,4.0
2544,2024-03-16,South,Outerwear,Retail,Corporate,7,33.06,0.05,286.49,170.38,116.11,14.0,1.0
3386,2024-03-16,West,Footwear,Retail,Corporate,3,51.0,0.25,149.53,93.83,55.7,14.0,3.0
4913,2024-03-16,North,Footwear,Retail,Corporate,5,23.67,0.0,154.22,94.33,59.89,9.0,5.0
4943,2024-03-16,East,Footwear,Online,Home Office,10,74.71,0.0,973.55,632.54,341.01,10.0,
940,2024-03-17,West,Apparel,Wholesale,Corporate,357,38.65,0.0,17980.36,12471.52,5508.84,,1.0
969,2024-03-17,South,Apparel,Retail,Corporate,5,55.59,0.15,307.87,195.29,112.58,10.0,4.0
1239,2024-03-17,East,Accessories,Online,Consumer,3,84.27,0.1,296.5,179.55,116.95,8.0,4.0
3921,2024-03-17,North,Apparel,Online,Corporate,6,35.87,0.0,280.46,190.67,89.79,1.0,5.0
3940,2024-03-17,East,Apparel,Retail,Consumer,6,69.99,0.05,519.87,321.9,197.97,13.0,4.0
4636,2024-03-17,North,Accessories,Retail,Consumer,1,71.17,0.0,92.74,52.82,39.92,9.0,4.0
300,2024-03-18,East,Outerwear,Retail,Corporate,5,133.26,0.0,868.26,510.75,357.51,13.0,2.0
529,2024-03-18,West,Apparel,Wholesale,Consumer,81,56.51,0.0,5964.73,3650.59,2314.14,12.0,2.0
832,2024-03-18,West,Footwear,Online,Consumer,9,34.79,0.1,367.21,233.37,133.84,5.0,3.0
890,2024-03-18,East,Footwear,Online,Corporate,6,80.0,0.05,594.22,384.55,209.67,,3.0
913,2024-03-18,North,Accessories,Retail,Corporate,9,58.97,0.05,657.02,410.33,246.69,12.0,3.0
1430,2024-03-18,West,Accessories,Retail,Consumer,11,68.85,0.0,986.91,566.51,420.4,,
1485,2024-03-18,South,Apparel,Online,Corporate,5,102.83,0.25,502.5,325.78,176.72,8.0,
2165,2024-03-18,South,Outerwear,Retail,Consumer,6,57.02,0.05,423.53,269.12,154.41,12.0,2.0
2888,2024-03-18,South,Footwear,Online,Consumer,10,22.81,0.15,252.65,170.85,81.8,7.0,1.0
3748,2024-03-18,East,Apparel,Online,Corporate,5,31.39,0.05,194.3,136.05,58.25,12.0,3.0
1165,2024-03-19,East,Accessories,Online,Consumer,7,76.09,0.0,694.07,444.05,250.02,8.0,4.0
2777,2024-03-20,East,Accessories,Online,Corporate,2,81.91,0.25,160.11,87.71,72.4,,5.0
3967,2024-03-20,East,Apparel,Retail,Consumer,5,55.23,0.15,305.88,186.15,119.73,14.0,3.0
21,2024-03-21,South,Footwear,Retail,Home Office,8,72.8,0.0,758.93,470.67,288.26,13.0,4.0
332,2024-03-21,East,Footwear,Online,Home Office,9,57.63,0.0,675.88,431.34,244.54,12.0,1.0
1306,2024-03-21,East,Footwear,Retail,Home Office,1,106.75,0.05,132.15,77.19,54.96,12.0,4.0
1604,2024-03-21,South,Apparel,Online,Consumer,5,10.4,0.15,57.6,36.23,21.37,9.0,
2242,2024-03-21,West,Apparel,Retail,Consumer,8,72.79,0.0,758.83,513.37,245.46,14.0,
670,2024-03-22,South,Apparel,Online,Home Office,9,57.2,0.1,603.76,374.28,229.48,1.0,3.0
774,2024-03-22,West,Footwear,Online,Home Office,5,24.08,0.0,156.89,84.58,72.31,4.0,1.0
1082,2024-03-22,East,Outerwear,Online,Home Office,8,76.65,0.1,719.16,476.66,242.5,10.0,3.0
1936,2024-03-22,North,Apparel,Online,Consumer,2,98.0,0.0,255.41,169.76,85.65,,1.0
2007,2024-03-22,South,Footwear,Online,Home Office,7,106.58,0.0,972.2,633.74,338.46,6.0,4.0
2477,2024-03-22,South,Outerwear,Retail,Corporate,7,228.87,0.0,2087.7,1318.42,769.28,4.0,3.0
2498,2024-03-22,South,Footwear,Online,Consumer,3,66.68,0.05,247.64,160.63,87.01,8.0,2.0
3962,2024-03-22,West,Accessories,Wholesale,Home Office,74,60.21,0.1,5225.45,3101.58,2123.87,14.0,1.0
4663,2024-03-22,North,Accessories,Retail,Consumer,11,44.59,0.0,639.16,409.03,230.13,12.0,3.0
219,2024-03-23,East,Footwear,Online,Consumer,7,113.64,0.0,1036.6,644.69,391.91,5.0,1.0
225,2024-03-23,South,Footwear,Online,Consumer,6,30.22,0.05,224.47,151.63,72.84,5.0,4.0
341,2024-03-23,West,Accessories,Online,Corporate,7,49.47,0.0,451.25,305.24,146.01,7.0,
572,2024-03-23,North,Apparel,Retail,Home Office,4,56.04,0.1,262.89,161.39,101.5,10.0,5.0
3275,2024-03-23,North,Outerwear,Wholesale,Consumer,42,99.55,0.0,5448.43,3141.11,2307.32,3.0,1.0
3606,2024-03-23,South,Footwear,Retail,Consumer,3,81.57,0.0,318.88,186.93,131.95,9.0,3.0
4027,2024-03-23,West,Outerwear,Online,Home Office,4,25.21,0.15,111.69,68.75,42.94,13.0,4.0
4541,2024-03-23,West,Footwear,Online,Consumer,7,127.99,0.1,1050.74,666.81,383.93,,4.0
312,2024-03-24,East,Accessories,Wholesale,Consumer,105,23.12,0.0,3163.43,1906.08,1257.35,10.0,
782,2024-03-24,North,Footwear,Online,Consumer,6,30.12,0.15,200.17,134.23,65.94,11.0,5.0
1104,2024-03-24,West,Apparel,Online,Consumer,3,64.45,0.05,239.36,158.36,81.0,11.0,3.0
1290,2024-03-24,East,Apparel,Online,Consumer,9,33.36,0.0,391.25,260.12,131.13,2.0,5.0
1319,2024-03-24,West,Apparel,Retail,Consumer,5,74.86,0.1,438.98,255.53,183.45,7.0,3.0
4946,2024-03-24,West,Footwear,Online,Home Office,3,104.07,0.05,386.5,237.62,148.88,2.0,
192,2024-03-25,North,Accessories,Online,Consumer,5,57.8,0.0,376.6,220.28,156.32,9.0,3.0
245,2024-03-25,West,Footwear,Retail,Consumer,1,99.82,0.0,130.08,84.28,45.8,,4.0
470,2024-03-25,East,Footwear,Online,Corporate,1,37.91,0.05,46.93,30.16,16.77,2.0,5.0
1163,2024-03-25,South,Apparel,Online,Corporate,7,88.33,0.15,684.87,446.67,238.2,8.0,3.0
1225,2024-03-25,North,Outerwear,Retail,Consumer,3,48.5,0.05,180.12,109.94,70.18,9.0,
3412,2024-03-25,North,Footwear,Online,Corporate,5,67.53,0.0,439.99,278.93,161.06,13.0,4.0
3816,2024-03-25,North,Apparel,Retail,Home Office,9,40.07,0.05,446.44,276.15,170.29,9.0,5.0
3923,2024-03-25,East,Outerwear,Online,Consumer,11,107.61,0.05,1465.38,880.03,585.35,12.0,
4461,2024-03-25,West,Footwear,Online,Consumer,8,14.11,0.0,147.09,97.8,49.29,10.0,
4477,2024-03-25,North,Outerwear,Online,Home Office,10,29.37,0.0,382.72,221.19,161.53,3.0,2.0
4593,2024-03-25,East,Apparel,Retail,Consumer,8,81.78,0.0,852.55,500.79,351.76,13.0,3.0
78,2024-03-26,North,Apparel,Online,Corporate,3,22.79,0.0,89.09,53.84,35.25,10.0,5.0
481,2024-03-26,East,Apparel,Retail,Consumer,4,58.53,0.0,305.08,191.4,113.68,13.0,1.0
993,2024-03-26,West,Apparel,Online,Consumer,3,48.02,0.0,187.73,118.29,69.44,1.0,1.0
1106,2024-03-26,North,Outerwear,Online,Consumer,6,122.32,0.0,956.38,596.04,360.34,6.0,2.0
1226,2024-03-26,South,Apparel,Retail,Corporate,1,66.04,0.0,86.06,44.66,41.4,9.0,2.0
1365,2024-03-26,South,Footwear,Online,Corporate,7,121.82,0.0,1111.21,600.97,510.24,5.0,1.0
1512,2024-03-26,South,Apparel,Online,Home Office,11,59.95,0.1,773.4,454.55,318.85,14.0,
2187,2024-03-26,West,Apparel,Retail,Consumer,10,12.19,0.25,119.14,72.7,46.44,,3.0
2788,2024-03-26,East,Apparel,Retail,Corporate,1,32.06,0.0,41.78,24.43,17.35,10.0,3.0
3147,2024-03-26,East,Apparel,Retail,Consumer,11,47.67,0.1,614.98,391.48,223.5,14.0,
4977,2024-03-26,North,Apparel,Online,Consumer,4,97.34,0.0,507.38,315.95,191.43,6.0,5.0
377,2024-03-27,South,Footwear,Retail,Consumer,10,63.96,0.15,708.45,441.39,267.06,7.0,3.0
818,2024-03-27,West,Accessories,Online,Consumer,4,59.8,0.0,311.7,204.78,106.92,9.0,5.0
1431,2024-03-27,West,Outerwear,Online,Consumer,1,77.39,0.1,90.76,51.6,39.16,5.0,
1913,2024-03-27,West,Apparel,Online,Consumer,5,34.66,0.0,225.83,155.88,69.95,8.0,
3440,2024-03-27,West,Footwear,Wholesale,Home Office,287,93.61,0.05,33258.94,20025.65,13233.29,13.0,4.0
3492,2024-03-27,East,Accessories,Retail,Consumer,1,74.88,0.0,97.58,63.6,33.98,5.0,1.0
3580,2024-03-27,East,Outerwear,Retail,Consumer,7,104.3,0.1,856.26,505.61,350.65,14.0,
4253,2024-03-27,South,Accessories,Online,Consumer,4,96.16,0.1,451.11,248.81,202.3,5.0,2.0
4257,2024-03-27,South,Accessories,Online,Corporate,7,92.9,0.0,847.41,526.51,320.9,2.0,2.0
1747,2024-03-28,West,Outerwear,Wholesale,Consumer,249,68.37,0.1,19965.87,12237.57,7728.3,11.0,4.0
3284,2024-03-28,South,Apparel,Online,Consumer,4,16.11,0.0,83.97,48.22,35.75,3.0,2.0
4121,2024-03-28,North,Outerwear,Online,Consumer,6,38.3,0.05,284.48,164.99,119.49,,
4143,2024-03-28,South,Footwear,Retail,Consumer,6,55.66,0.0,435.19,230.22,204.97,4.0,4.0
4289,2024-03-28,West,Outerwear,Wholesale,Corporate,363,39.88,0.0,18864.38,11642.31,7222.07,6.0,3.0
4970,2024-03-28,West,Accessories,Online,Consumer,1,36.83,0.1,43.19,28.3,14.89,,2.0
182,2024-03-29,West,Footwear,Online,Corporate,5,79.27,0.1,464.84,278.97,185.87,13.0,3.0
1371,2024-03-29,North,Apparel,Online,Consumer,10,76.77,0.0,1000.4,659.76,340.64,,4.0
2598,2024-03-29,West,Footwear,Online,Corporate,4,44.46,0.1,208.57,136.04,72.53,13.0,
4092,2024-03-29,South,Footwear,Online,Consumer,6,45.71,0.05,339.52,199.94,139.58,5.0,4.0
4332,2024-03-29,South,Apparel,Retail,Consumer,11,46.19,0.25,496.57,300.84,195.73,7.0,1.0
4489,2024-03-29,South,Footwear,Online,Consumer,1,62.43,0.0,81.35,48.72,32.63,4.0,5.0
4508,2024-03-29,West,Apparel,Online,Consumer,5,77.6,0.25,379.2,230.97,148.23,5.0,4.0
4600,2024-03-29,West,Footwear,Wholesale,Corporate,154,41.41,0.1,7479.1,4711.47,2767.63,1.0,1.0
4920,2024-03-29,East,Accessories,Online,Consumer,11,45.18,0.25,485.71,319.52,166.19,12.0,5.0
681,2024-03-30,West,Footwear,Retail,Corporate,5,43.41,0.0,282.84,156.14,126.7,10.0,1.0
1612,2024-03-30,North,Apparel,Wholesale,Home Office,229,55.42,0.0,16537.99,9564.85,6973.14,2.0,1.0
2817,2024-03-30,West,Footwear,Retail,Consumer,9,63.97,0.0,750.24,500.34,249.9,13.0,3.0
3095,2024-03-30,East,Accessories,Retail,Consumer,9,102.12,0.05,1137.78,640.58,497.2,5.0,4.0
3149,2024-03-30,South,Apparel,Online,Corporate,4,55.12,0.1,258.58,151.23,107.35,10.0,5.0
3976,2024-03-30,West,Accessories,Wholesale,Consumer,196,33.54,0.15,7281.46,4758.58,2522.88,11.0,4.0
4188,2024-03-30,West,Apparel,Retail,Home Office,2,67.62,0.0,176.23,111.51,64.72,,3.0
4736,2024-03-30,South,Accessories,Online,Consumer,2,100.45,0.0,261.79,151.56,110.23,14.0,2.0
4969,2024-03-30,North,Footwear,Retail,Home Office,3,35.76,0.0,139.8,91.91,47.89,7.0,
2613,2024-03-31,North,Accessories,Online,Consumer,1,54.46,0.0,70.97,38.63,32.34,13.0,2.0
2627,2024-03-31,West,Apparel,Online,Consumer,11,53.19,0.1,686.19,376.28,309.91,7.0,1.0
2761,2024-03-31,South,Footwear,Online,Home Office,1,40.68,0.0,53.01,31.42,21.59,2.0,4.0
3530,2024-03-31,North,Footwear,Online,Corporate,7,46.83,0.0,427.17,269.16,158.01,2.0,5.0
272,2024-04-01,West,Footwear,Online,Consumer,11,32.05,0.15,404.55,248.08,156.47,6.0,
918,2024-04-01,North,Apparel,Online,Consumer,6,83.64,0.1,609.74,412.2,197.54,11.0,5.0
4506,2024-04-01,North,Apparel,Wholesale,Corporate,316,30.83,0.0,13152.08,8995.76,4156.32,7.0,
450,2024-04-02,South,Footwear,Online,Consumer,5,67.18,0.0,453.47,274.05,179.42,1.0,1.0
704,2024-04-02,West,Outerwear,Online,Home Office,8,135.09,0.1,1313.07,737.34,575.73,,
733,2024-04-02,South,Outerwear,Online,Consumer,5,42.82,0.0,289.04,192.45,96.59,3.0,2.0
961,2024-04-02,South,Outerwear,Online,Consumer,4,128.46,0.0,693.68,431.07,262.61,2.0,
1017,2024-04-02,West,Footwear,Retail,Consumer,4,16.96,0.0,91.58,56.77,34.81,8.0,1.0
1681,2024-04-02,South,Footwear,Retail,Consumer,4,79.52,0.05,407.94,258.91,149.03,10.0,5.0
3219,2024-04-02,West,Apparel,Online,Consumer,9,33.05,0.1,361.4,217.79,143.61,9.0,4.0
4987,2024-04-02,South,Outerwear,Online,Corporate,7,16.02,0.05,143.82,81.22,62.6,11.0,5.0
369,2024-04-03,West,Apparel,Online,Consumer,10,62.0,0.1,753.3,440.31,312.99,1.0,4.0
422,2024-04-03,East,Accessories,Retail,Consumer,4,39.01,0.15,179.06,117.78,61.28,10.0,4.0
478,2024-04-03,West,Accessories,Online,Consumer,4,21.71,0.05,111.37,70.53,40.84,6.0,3.0
790,2024-04-03,West,Accessories,Wholesale,Home Office,348,137.69,0.15,54983.75,36300.91,18682.84,11.0,2.0
960,2024-04-03,East,Footwear,Retail,Corporate,8,85.34,0.05,875.59,541.9,333.69,9.0,3.0
2702,2024-04-03,South,Apparel,Retail,Consumer,10,86.72,0.0,1170.72,642.59,528.13,7.0,5.0
3849,2024-04-03,North,Outerwear,Online,Consumer,9,71.95,0.05,830.48,490.87,339.61,2.0,1.0
4419,2024-04-03,East,Outerwear,Online,Consumer,5,42.31,0.0,285.59,168.44,117.15,12.0,5.0
4474,2024-04-03,East,Apparel,Online,Home Office,8,191.34,0.05,1963.15,1277.44,685.71,1.0,2.0
4949,2024-04-03,South,Footwear,Online,Consumer,5,48.25,0.0,325.69,205.75,119.94,1.0,
202,2024-04-04,North,Accessories,Online,Corporate,3,72.62,0.0,294.11,193.21,100.9,11.0,4.0
884,2024-04-04,South,Footwear,Retail,Consumer,8,75.02,0.25,607.66,378.14,229.52,9.0,2.0
1439,2024-04-04,West,Footwear,Online,Consumer,7,153.62,0.0,1451.71,919.61,532.1,3.0,3.0
2089,2024-04-04,South,Apparel,Online,Corporate,9,16.77,0.05,193.57,119.31,74.26,5.0,5.0
2717,2024-04-04,East,Accessories,Retail,Consumer,6,73.73,0.0,597.21,380.65,216.56,,2.0
3085,2024-04-04,South,Outerwear,Online,Consumer,11,85.67,0.0,1272.2,783.68,488.52,,5.0
4411,2024-04-04,West,Accessories,Online,Home Office,5,72.76,0.0,491.13,284.53,206.6,2.0,3.0
128,2024-04-05,West,Footwear,Retail,Corporate,11,111.69,0.05,1575.67,915.69,659.98,13.0,4.0
575,2024-04-05,East,Accessories,Online,Home Office,8,52.4,0.05,537.62,302.45,235.17,9.0,3.0
1888,2024-04-05,South,Apparel,Retail,Consumer,4,108.77,0.25,440.52,273.54,166.98,3.0,2.0
2707,2024-04-05,West,Accessories,Online,Corporate,7,59.33,0.0,560.67,332.28,228.39,6.0,
3871,2024-04-05,South,Footwear,Wholesale,Consumer,300,30.85,0.1,11244.82,6652.35,4592.47,1.0,3.0
4288,2024-04-05,South,Accessories,Wholesale,Corporate,384,81.78,0.05,40275.01,25669.68,14605.33,14.0,4.0
576,2024-04-06,North,Apparel,Online,Consumer,7,56.34,0.15,452.55,301.32,151.23,1.0,4.0
1423,2024-04-06,West,Apparel,Online,Home Office,11,73.75,0.1,985.67,630.69,354.98,13.0,4.0
1483,2024-04-06,West,Outerwear,Retail,Home Office,9,42.94,0.05,495.63,335.97,159.66,7.0,4.0
2587,2024-04-06,West,Accessories,Retail,Consumer,4,75.04,0.15,344.43,230.58,113.85,12.0,4.0
2876,2024-04-06,North,Accessories,Online,Consumer,2,73.04,0.15,167.63,104.7,62.93,12.0,
4221,2024-04-06,North,Outerwear,Retail,Consumer,6,49.8,0.0,403.38,256.49,146.89,,1.0
4250,2024-04-06,North,Footwear,Retail,Corporate,1,90.0,0.0,121.5,70.9,50.6,1.0,4.0
4926,2024-04-06,North,Outerwear,Online,Consumer,2,31.86,0.0,86.02,50.3,35.72,9.0,5.0
92,2024-04-07,North,Apparel,Online,Home Office,1,79.56,0.15,91.3,56.79,34.51,5.0,3.0
830,2024-04-07,North,Footwear,Online,Consumer,7,47.13,0.05,423.11,258.16,164.95,5.0,2.0
2960,2024-04-07,South,Accessories,Retail,Consumer,1,26.34,0.0,35.56,23.13,12.43,8.0,2.0
3314,2024-04-07,East,Apparel,Wholesale,Home Office,177,60.01,0.1,12905.45,7697.45,5208.0,14.0,1.0
3504,2024-04-07,South,Accessories,Online,Consumer,1,138.51,0.0,186.99,108.29,78.7,9.0,5.0
4010,2024-04-07,East,Footwear,Online,Consumer,11,48.35,0.0,718.0,474.68,243.32,3.0,1.0
4692,2024-04-07,South,Apparel,Retail,Consumer,11,77.99,0.1,1042.34,696.6,345.74,13.0,2.0
350,2024-04-08,North,Footwear,Retail,Consumer,9,65.44,0.0,795.1,530.1,265.0,1.0,5.0
402,2024-04-08,North,Footwear,Online,Consumer,5,18.53,0.15,106.32,65.66,40.66,14.0,5.0
594,2024-04-08,West,Apparel,Online,Consumer,1,85.01,0.0,114.76,74.25,40.51,12.0,2.0
618,2024-04-08,West,Footwear,Online,Consumer,7,30.88,0.0,291.82,178.62,113.2,13.0,5.0
880,2024-04-08,North,Accessories,Retail,Home Office,7,18.82,0.0,177.85,120.15,57.7,7.0,
2553,2024-04-08,North,Footwear,Retail,Consumer,8,112.32,0.0,1213.06,803.26,409.8,3.0,2.0
2772,2024-04-08,South,Outerwear,Online,Corporate,9,53.64,0.05,619.14,374.2,244.94,10.0,3.0
3789,2024-04-08,West,Apparel,Online,Corporate,10,87.77,0.15,1007.16,614.51,392.65,14.0,
4246,2024-04-08,East,Apparel,Retail,Consumer,5,39.5,0.0,266.62,184.21,82.41,6.0,4.0
4677,2024-04-08,West,Accessories,Wholesale,Consumer,396,53.53,0.05,27186.28,15804.09,11382.19,4.0,5.0
1424,2024-04-09,West,Footwear,Retail,Consumer,11,99.67,0.0,1480.1,847.81,632.29,12.0,1.0
1562,2024-04-09,East,Accessories,Online,Consumer,8,89.13,0.05,914.47,600.54,313.93,14.0,2.0
1940,2024-04-09,East,Apparel,Retail,Corporate,8,37.84,0.0,408.67,233.34,175.33,2.0,4.0
2131,2024-04-09,South,Outerwear,Retail,Consumer,11,90.51,0.0,1344.07,810.71,533.36,10.0,4.0
3170,2024-04-09,South,Apparel,Online,Consumer,8,53.02,0.0,572.62,350.86,221.76,,3.0
3445,2024-04-09,South,Outerwear,Online,Consumer,4,87.11,0.1,423.35,251.67,171.68,5.0,5.0
4229,2024-04-09,North,Apparel,Online,Corporate,7,32.69,0.0,308.92,186.5,122.42,7.0,
213,2024-04-10,West,Accessories,Online,Home Office,8,110.14,0.0,1189.51,714.26,475.25,2.0,5.0
741,2024-04-10,South,Footwear,Retail,Corporate,7,41.18,0.0,389.15,230.22,158.93,,3.0
1782,2024-04-10,South,Footwear,Online,Corporate,5,112.9,0.0,762.08,514.8,247.28,5.0,
4470,2024-04-10,West,Apparel,Retail,Home Office,10,90.79,0.0,1225.67,833.07,392.6,7.0,5.0
2247,2024-04-11,North,Accessories,Wholesale,Consumer,163,47.06,0.0,10355.55,6017.48,4338.07,10.0,3.0
3784,2024-04-11,North,Footwear,Wholesale,Consumer,394,93.86,0.15,42435.51,27232.26,15203.25,8.0,4.0
4329,2024-04-11,West,Footwear,Wholesale,Consumer,109,46.71,0.05,6529.71,3909.6,2620.11,10.0,4.0
4883,2024-04-11,North,Outerwear,Retail,Consumer,3,56.19,0.15,193.43,110.39,83.04,8.0,5.0
387,2024-04-12,West,Accessories,Retail,Corporate,6,48.52,0.1,353.71,231.41,122.3,14.0,1.0
487,2024-04-12,South,Footwear,Online,Consumer,5,37.69,0.0,254.41,154.55,99.86,13.0,3.0
1655,2024-04-12,East,Outerwear,Retail,Corporate,10,83.29,0.15,955.75,581.82,373.93,14.0,2.0
2292,2024-04-12,South,Apparel,Retail,Consumer,4,104.77,0.0,565.76,342.48,223.28,14.0,4.0
2572,2024-04-12,South,Footwear,Online,Consumer,11,38.01,0.15,479.78,297.37,182.41,3.0,2.0
3866,2024-04-12,West,Apparel,Online,Consumer,7,74.63,0.0,705.25,489.85,215.4,5.0,2.0
3889,2024-04-12,North,Apparel,Retail,Corporate,8,132.27,0.0,1428.52,806.25,622.27,3.0,5.0
4016,2024-04-12,East,Accessories,Retail,Consumer,2,60.84,0.25,123.2,79.33,43.87,4.0,
628,2024-04-13,West,Apparel,Retail,Home Office,8,77.68,0.0,838.94,552.88,286.06,9.0,2.0
1022,2024-04-13,East,Apparel,Retail,Consumer,6,18.25,0.1,133.04,86.73,46.31,11.0,1.0
2580,2024-04-13,North,Accessories,Online,Consumer,7,61.78,0.0,583.82,355.14,228.68,4.0,
2631,2024-04-13,East,Accessories,Online,Corporate,7,82.24,0.0,777.17,475.17,302.0,1.0,
3965,2024-04-13,North,Apparel,Wholesale,Home Office,133,50.83,0.15,7757.55,4756.81,3000.74,6.0,3.0
80,2024-04-14,North,Footwear,Online,Consumer,6,47.19,0.0,382.24,226.11,156.13,12.0,
801,2024-04-14,North,Footwear,Wholesale,Home Office,371,106.24,0.15,45228.76,27739.05,17489.71,,1.0
1035,2024-04-14,North,Apparel,Online,Consumer,6,20.7,0.0,167.67,110.17,57.5,2.0,5.0
1223,2024-04-14,West,Apparel,Online,Consumer,9,95.34,0.0,1158.38,604.65,553.73,12.0,1.0
1954,2024-04-14,East,Footwear,Retail,Corporate,10,42.88,0.0,578.88,353.06,225.82,6.0,4.0
1968,2024-04-14,South,Footwear,Online,Consumer,9,50.0,0.0,607.5,422.57,184.93,11.0,3.0
3316,2024-04-14,East,Outerwear,Retail,Corporate,9,100.04,0.0,1215.49,679.92,535.57,10.0,3.0
3649,2024-04-14,North,Apparel,Online,Home Office,10,110.7,0.1,1345.0,857.2,487.8,10.0,5.0
301,2024-04-15,South,Footwear,Online,Corporate,2,72.25,0.0,195.08,117.05,78.03,9.0,3.0
1991,2024-04-15,North,Outerwear,Retail,Corporate,1,52.02,0.0,70.23,39.03,31.2,9.0,3.0
3072,2024-04-15,South,Apparel,Retail,Corporate,5,42.76,0.05,274.2,154.63,119.57,13.0,4.0
4438,2024-04-15,West,Outerwear,Retail,Corporate,11,98.57,0.15,1244.2,803.61,440.59,5.0,3.0
4582,2024-04-15,West,Accessories,Wholesale,Consumer,321,73.19,0.15,26959.35,16408.94,10550.41,11.0,1.0
4924,2024-04-15,East,Apparel,Retail,Corporate,4,139.16,0.15,638.74,400.41,238.33,9.0,3.0
3771,2024-04-16,North,Accessories,Wholesale,Consumer,168,57.44,0.05,12376.02,7174.71,5201.31,7.0,4.0
4321,2024-04-16,South,Apparel,Wholesale,Consumer,383,33.79,0.0,17471.12,9526.46,7944.66,1.0,3.0
1358,2024-04-17,West,Footwear,Retail,Home Office,2,66.53,0.0,179.63,114.12,65.51,3.0,2.0
1967,2024-04-17,North,Footwear,Retail,Home Office,11,39.65,0.15,500.48,285.8,214.68,,
2056,2024-04-17,East,Apparel,Online,Consumer,4,61.07,0.0,329.78,173.04,156.74,5.0,3.0
2295,2024-04-17,South,Footwear,Retail,Corporate,3,15.37,0.0,62.25,35.58,26.67,12.0,5.0
2963,2024-04-17,South,Footwear,Online,Consumer,7,37.28,0.0,352.3,187.19,165.11,6.0,5.0
3318,2024-04-17,North,Accessories,Retail,Consumer,8,153.82,0.05,1578.19,916.53,661.66,1.0,4.0
4203,2024-04-17,West,Outerwear,Online,Consumer,10,57.2,0.1,694.98,428.21,266.77,2.0,4.0
1868,2024-04-18,South,Apparel,Wholesale,Corporate,217,61.69,0.25,13554.06,8595.95,4958.11,4.0,1.0
2236,2024-04-18,West,Outerwear,Wholesale,Consumer,359,77.34,0.1,33734.55,22314.35,11420.2,11.0,4.0
2767,2024-04-18,West,Accessories,Wholesale,Corporate,44,61.15,0.0,3632.31,2111.4,1520.91,,2.0
3230,2024-04-18,South,Footwear,Online,Corporate,2,98.07,0.05,251.55,169.55,82.0,2.0,2.0
3295,2024-04-18,East,Footwear,Wholesale,Consumer,334,151.33,0.1,61411.23,42159.36,19251.87,11.0,2.0
3825,2024-04-18,West,Apparel,Online,Corporate,6,80.98,0.0,655.94,401.89,254.05,14.0,5.0
4186,2024-04-18,South,Outerwear,Online,Consumer,5,75.51,0.0,509.69,336.74,172.95,9.0,4.0
4872,2024-04-18,North,Accessories,Online,Corporate,6,12.35,0.0,100.04,57.13,42.91,1.0,
370,2024-04-19,West,Accessories,Online,Consumer,2,90.69,0.05,232.62,170.23,62.39,11.0,4.0
1710,2024-04-19,North,Footwear,Retail,Home Office,9,39.36,0.0,478.22,281.1,197.12,4.0,3.0
3479,2024-04-19,South,Accessories,Online,Consumer,10,62.44,0.0,842.94,571.17,271.77,6.0,1.0
4573,2024-04-19,West,Apparel,Online,Corporate,1,45.02,0.1,54.7,30.57,24.13,11.0,1.0
133,2024-04-20,South,Footwear,Online,Consumer,5,118.75,0.0,801.56,451.87,349.69,10.0,4.0
363,2024-04-20,West,Apparel,Retail,Corporate,6,23.35,0.0,189.14,116.1,73.04,1.0,3.0
1779,2024-04-20,North,Footwear,Online,Consumer,4,106.71,0.05,547.42,303.97,243.45,2.0,4.0
3288,2024-04-20,East,Footwear,Retail,Home Office,5,78.74,0.1,478.35,284.1,194.25,7.0,5.0
3346,2024-04-20,East,Footwear,Retail,Consumer,6,36.16,0.05,278.25,181.13,97.12,7.0,
4075,2024-04-20,North,Apparel,Retail,Corporate,2,102.46,0.15,235.15,163.69,71.46,,
4919,2024-04-20,East,Outerwear,Online,Consumer,2,19.61,0.15,45.0,25.49,19.51,5.0,4.0
491,2024-04-21,South,Apparel,Retail,Corporate,1,74.26,0.0,100.25,58.09,42.16,14.0,3.0
757,2024-04-21,East,Apparel,Retail,Consumer,7,80.26,0.0,758.46,517.88,240.58,5.0,2.0
1000,2024-04-21,West,Outerwear,Retail,Consumer,5,31.18,0.0,210.47,118.33,92.14,4.0,
1090,2024-04-21,East,Apparel,Online,Home Office,11,69.91,0.0,1038.16,635.72,402.44,13.0,5.0
1206,2024-04-21,South,Apparel,Retail,Consumer,1,61.46,0.05,78.82,50.45,28.37,4.0,1.0
1558,2024-04-22,South,Footwear,Online,Home Office,11,18.59,0.1,248.46,147.35,101.11,14.0,2.0
2307,2024-04-22,North,Accessories,Retail,Consumer,11,23.27,0.15,293.73,157.02,136.71,9.0,2.0
2879,2024-04-22,East,Footwear,Retail,Corporate,5,105.65,0.25,534.85,360.44,174.41,1.0,
2978,2024-04-22,East,Apparel,Online,Consumer,8,95.26,0.0,1028.81,625.48,403.33,5.0,
1053,2024-04-23,South,Accessories,Retail,Home Office,10,20.48,0.15,235.01,155.48,79.53,11.0,
1603,2024-04-23,East,Outerwear,Online,Consumer,4,47.84,0.0,258.34,163.98,94.36,4.0,3.0
2345,2024-04-23,West,Accessories,Online,Corporate,2,90.36,0.0,243.97,137.09,106.88,,
2586,2024-04-23,West,Apparel,Online,Corporate,1,44.93,0.25,45.49,29.16,16.33,2.0,5.0
3019,2024-04-23,North,Outerwear,Retail,Corporate,7,147.86,0.0,1397.28,831.88,565.4,11.0,
3046,2024-04-23,South,Apparel,Online,Consumer,5,45.55,0.0,307.46,204.31,103.15,12.0,3.0
3704,2024-04-23,North,Footwear,Retail,Consumer,6,98.16,0.0,795.1,461.69,333.41,3.0,5.0
3993,2024-04-23,West,Outerwear,Online,Consumer,10,19.34,0.0,261.09,151.5,109.59,2.0,5.0
153,2024-04-24,East,Footwear,Online,Consumer,7,80.21,0.0,757.98,434.9,323.08,6.0,
687,2024-04-24,South,Apparel,Retail,Consumer,11,39.15,0.05,552.31,362.77,189.54,7.0,4.0
755,2024-04-24,West,Outerwear,Online,Consumer,2,21.18,0.0,57.19,35.35,21.84,12.0,
310,2024-04-25,West,Accessories,Online,Consumer,10,16.11,0.05,206.61,127.96,78.65,,5.0
3876,2024-04-25,East,Accessories,Online,Corporate,1,21.52,0.05,27.6,17.33,10.27,11.0,3.0
4909,2024-04-25,South,Footwear,Online,Consumer,1,41.86,0.15,48.03,30.39,17.64,13.0,5.0
193,2024-04-26,West,Apparel,Online,Consumer,5,59.95,0.0,404.66,260.08,144.58,3.0,2.0
365,2024-04-26,South,Apparel,Wholesale,Corporate,210,24.21,0.0,6863.54,4352.51,2511.03,,
419,2024-04-26,South,Apparel,Wholesale,Home Office,236,129.54,0.05,39207.87,24525.04,14682.83,4.0,
675,2024-04-26,North,Footwear,Online,Corporate,2,61.81,0.1,150.2,82.51,67.69,8.0,
1267,2024-04-26,North,Accessories,Online,Consumer,1,57.75,0.05,74.06,46.52,27.54,1.0,5.0
2118,2024-04-26,South,Accessories,Retail,Corporate,6,30.92,0.05,237.93,137.61,100.32,6.0,3.0
2199,2024-04-26,North,Outerwear,Online,Home Office,3,32.15,0.0,130.21,84.57,45.64,8.0,
2841,2024-04-26,East,Footwear,Retail,Consumer,10,60.57,0.0,817.7,513.71,303.99,9.0,
4471,2024-04-26,West,Apparel,Retail,Consumer,2,20.28,0.0,54.76,33.47,21.29,4.0,
4958,2024-04-26,South,Accessories,Online,Consumer,11,50.33,0.05,710.03,446.9,263.13,6.0,4.0
190,2024-04-27,North,Apparel,Retail,Corporate,1,63.8,0.1,77.52,50.62,26.9,8.0,
515,2024-04-27,West,Footwear,Online,Home Office,8,19.82,0.1,192.65,125.07,67.58,5.0,4.0
1107,2024-04-27,West,Outerwear,Online,Consumer,5,65.1,0.0,439.42,280.95,158.47,4.0,1.0
1330,2024-04-27,South,Apparel,Online,Corporate,4,30.73,0.1,149.35,91.35,58.0,8.0,3.0
2688,2024-04-27,East,Apparel,Online,Home Office,10,75.93,0.05,973.8,622.05,351.75,1.0,1.0
3334,2024-04-27,South,Footwear,Retail,Consumer,10,33.97,0.15,389.81,223.15,166.66,10.0,5.0
4507,2024-04-27,North,Apparel,Online,Consumer,6,20.24,0.0,163.94,101.8,62.14,,
4740,2024-04-27,North,Apparel,Online,Consumer,3,43.0,0.0,174.15,101.01,73.14,11.0,4.0
4929,2024-04-27,East,Accessories,Online,Corporate,9,49.17,0.15,507.8,317.25,190.55,5.0,3.0
922,2024-04-28,West,Apparel,Online,Corporate,7,47.81,0.05,429.21,248.99,180.22,9.0,4.0
1924,2024-04-28,South,Accessories,Online,Consumer,8,45.85,0.05,470.42,275.86,194.56,3.0,5.0
2337,2024-04-28,East,Apparel,Online,Consumer,7,36.6,0.05,328.58,202.82,125.76,1.0,5.0
2428,2024-04-28,South,Outerwear,Online,Home Office,8,42.01,0.25,340.28,209.96,130.32,6.0,5.0
2582,2024-04-28,North,Footwear,Online,Consumer,4,114.14,0.15,523.9,301.21,222.69,9.0,
3791,2024-04-28,North,Outerwear,Online,Consumer,5,40.19,0.05,257.72,168.74,88.98,5.0,
3810,2024-04-28,North,Outerwear,Online,Consumer,3,77.07,0.0,312.13,186.9,125.23,6.0,5.0
4957,2024-04-28,North,Apparel,Retail,Consumer,5,39.43,0.0,266.15,166.49,99.66,6.0,5.0
537,2024-04-29,South,Footwear,Online,Consumer,10,104.5,0.05,1340.21,810.31,529.9,12.0,
1249,2024-04-29,North,Accessories,Online,Corporate,9,48.68,0.0,591.46,346.97,244.49,14.0,5.0
2182,2024-04-29,West,Footwear,Online,Consumer,3,53.26,0.0,215.7,146.15,69.55,3.0,
3210,2024-04-29,East,Footwear,Online,Consumer,1,49.3,0.0,66.56,38.13,28.43,9.0,1.0
3991,2024-04-29,North,Footwear,Online,Consumer,5,53.2,0.0,359.1,245.62,113.48,11.0,2.0
4627,2024-04-29,North,Footwear,Online,Consumer,5,29.01,0.15,166.44,91.6,74.84,7.0,2.0
4632,2024-04-29,East,Apparel,Online,Consumer,1,96.66,0.0,130.49,77.73,52.76,1.0,
3,2024-04-30,South,Footwear,Online,Home Office,2,27.14,0.1,65.95,42.26,23.69,4.0,1.0
2677,2024-04-30,North,Accessories,Online,Consumer,6,64.96,0.0,526.18,308.11,218.07,4.0,4.0
3129,2024-04-30,West,Footwear,Online,Consumer,9,63.77,0.05,736.07,433.15,302.92,14.0,4.0
3728,2024-04-30,South,Accessories,Online,Home Office,4,44.71,0.0,241.43,152.84,88.59,10.0,4.0
4398,2024-04-30,West,Footwear,Retail,Consumer,7,128.51,0.15,1032.26,647.75,384.51,2.0,5.0
4656,2024-04-30,North,Footwear,Online,Corporate,8,25.29,0.0,273.13,186.56,86.57,,
560,2024-05-01,South,Apparel,Online,Consumer,8,64.76,0.05,641.36,386.21,255.15,13.0,
1050,2024-05-01,North,Accessories,Wholesale,Corporate,52,112.85,0.15,6499.87,4127.49,2372.38,3.0,4.0
1468,2024-05-01,West,Footwear,Online,Consumer,11,67.4,0.1,869.51,552.37,317.14,7.0,3.0
2344,2024-05-01,West,Apparel,Online,Consumer,10,22.98,0.0,299.45,160.98,138.47,13.0,
2592,2024-05-01,East,Accessories,Wholesale,Consumer,185,51.93,0.0,12519.03,8031.3,4487.73,2.0,5.0
2651,2024-05-01,North,Accessories,Online,Corporate,8,12.18,0.0,126.97,73.04,53.93,2.0,
4727,2024-05-01,South,Apparel,Online,Home Office,1,76.17,0.0,99.26,63.8,35.46,8.0,4.0
1628,2024-05-02,South,Apparel,Online,Corporate,7,114.38,0.0,1043.35,655.09,388.26,7.0,2.0
1829,2024-05-02,East,Outerwear,Online,Consumer,7,23.28,0.1,191.12,113.97,77.15,12.0,
2614,2024-05-02,West,Apparel,Retail,Home Office,7,55.42,0.25,379.15,242.32,136.83,7.0,2.0
3750,2024-05-02,East,Accessories,Online,Home Office,2,76.88,0.1,180.33,116.96,63.37,,2.0
4031,2024-05-02,South,Accessories,Retail,Consumer,10,43.02,0.05,532.57,344.33,188.24,5.0,2.0
4793,2024-05-02,North,Apparel,Online,Consumer,11,37.73,0.1,486.75,327.78,158.97,7.0,2.0
187,2024-05-03,West,Apparel,Online,Home Office,11,72.59,0.0,1040.52,634.36,406.16,,5.0
966,2024-05-03,West,Apparel,Online,Home Office,6,60.16,0.1,423.33,282.97,140.36,5.0,1.0
1775,2024-05-03,South,Apparel,Online,Corporate,4,65.1,0.1,305.4,198.43,106.97,14.0,1.0
4126,2024-05-03,South,Accessories,Retail,Consumer,11,64.24,0.15,782.7,458.56,324.14,9.0,2.0
4207,2024-05-03,East,Footwear,Online,Home Office,6,24.43,0.0,191.01,122.56,68.45,,1.0
4393,2024-05-03,West,Outerwear,Retail,Consumer,6,25.01,0.0,195.54,113.13,82.41,6.0,2.0
380,2024-05-04,South,Footwear,Retail,Corporate,8,104.31,0.05,1033.05,668.97,364.08,7.0,3.0
492,2024-05-04,West,Footwear,Online,Consumer,1,13.83,0.05,17.12,9.64,7.48,13.0,2.0
623,2024-05-04,East,Accessories,Online,Corporate,8,63.13,0.1,592.31,385.31,207.0,10.0,2.0
1128,2024-05-04,North,Accessories,Online,Consumer,9,68.77,0.1,725.88,471.8,254.08,1.0,2.0
1526,2024-05-04,East,Footwear,Online,Home Office,3,46.82,0.0,183.03,107.82,75.21,9.0,
2083,2024-05-04,South,Apparel,Online,Consumer,9,46.5,0.05,518.08,364.3,153.78,5.0,3.0
2346,2024-05-04,South,Footwear,Online,Consumer,3,17.68,0.0,69.12,42.21,26.91,12.0,
2635,2024-05-04,South,Apparel,Online,Consumer,7,22.45,0.05,194.54,120.52,74.02,9.0,
3539,2024-05-04,South,Footwear,Retail,Consumer,7,139.09,0.0,1268.75,757.7,511.05,4.0,5.0
4205,2024-05-04,North,Apparel,Online,Corporate,2,31.85,0.0,83.01,49.02,33.99,12.0,1.0
4435,2024-05-04,North,Footwear,Retail,Corporate,3,57.73,0.1,203.12,124.75,78.37,12.0,3.0
906,2024-05-05,South,Footwear,Wholesale,Corporate,285,70.04,0.25,19508.91,13171.15,6337.76,5.0,2.0
1623,2024-05-05,West,Footwear,Online,Corporate,5,30.15,0.0,196.44,113.09,83.35,12.0,5.0
1630,2024-05-05,West,Apparel,Retail,Home Office,4,30.62,0.0,159.6,95.92,63.68,9.0,4.0
2066,2024-05-05,North,Accessories,Retail,Corporate,6,25.22,0.1,177.47,104.54,72.93,2.0,2.0
2556,2024-05-05,West,Accessories,Online,Consumer,1,75.35,0.0,98.19,59.28,38.91,,2.0
3456,2024-05-05,West,Footwear,Online,Consumer,7,34.98,0.0,319.08,206.21,112.87,11.0,3.0
2262,2024-05-06,East,Footwear,Online,Corporate,4,88.52,0.0,461.4,326.57,134.83,9.0,2.0
2842,2024-05-06,South,Apparel,Online,Corporate,6,43.2,0.0,337.77,209.57,128.2,1.0,4.0
3600,2024-05-06,South,Accessories,Retail,Corporate,10,90.42,0.15,1001.53,590.9,410.63,10.0,5.0
4379,2024-05-06,West,Footwear,Retail,Home Office,11,104.13,0.0,1492.62,838.35,654.27,13.0,1.0
287,2024-05-07,North,Apparel,Online,Corporate,4,57.7,0.0,300.76,168.96,131.8,14.0,
1228,2024-05-07,West,Accessories,Retail,Consumer,6,36.98,0.0,289.13,156.9,132.23,9.0,
1331,2024-05-07,South,Apparel,Online,Corporate,6,57.04,0.15,379.08,248.75,130.33,10.0,1.0
2157,2024-05-07,West,Apparel,Retail,Consumer,3,48.57,0.0,189.88,128.19,61.69,14.0,4.0
2223,2024-05-07,South,Apparel,Retail,Corporate,9,97.39,0.0,1142.19,661.66,480.53,14.0,4.0
3756,2024-05-07,South,Footwear,Retail,Home Office,10,104.2,0.0,1357.84,849.21,508.63,11.0,2.0
4022,2024-05-07,South,Footwear,Online,Consumer,9,54.76,0.05,610.11,354.04,256.07,9.0,5.0
743,2024-05-08,East,Accessories,Online,Consumer,6,23.31,0.05,173.14,98.41,74.73,12.0,1.0
804,2024-05-08,South,Outerwear,Retail,Consumer,7,73.88,0.1,606.52,413.23,193.29,3.0,2.0
1083,2024-05-08,West,Accessories,Retail,Consumer,5,59.86,0.05,370.52,239.19,131.33,3.0,
1465,2024-05-08,North,Outerwear,Online,Home Office,11,34.61,0.1,446.5,295.74,150.76,7.0,
2207,2024-05-08,South,Apparel,Retail,Corporate,7,103.92,0.0,947.93,544.54,403.39,11.0,3.0
2596,2024-05-08,West,Outerwear,Online,Home Office,1,44.07,0.0,57.43,34.85,22.58,8.0,1.0
2686,2024-05-08,East,Accessories,Online,Corporate,10,30.66,0.0,399.53,294.1,105.43,1.0,4.0
3320,2024-05-08,North,Accessories,Online,Consumer,3,37.4,0.05,138.9,84.22,54.68,6.0,2.0
3345,2024-05-08,North,Accessories,Online,Consumer,4,52.53,0.0,273.81,178.72,95.09,13.0,5.0
4049,2024-05-08,West,Footwear,Online,Consumer,2,69.24,0.05,171.43,123.65,47.78,9.0,
4150,2024-05-08,South,Apparel,Online,Consumer,4,53.27,0.0,277.67,167.41,110.26,4.0,3.0
4754,2024-05-08,West,Footwear,Online,Corporate,9,48.06,0.0,563.65,374.52,189.13,6.0,
866,2024-05-09,South,Accessories,Online,Corporate,8,35.98,0.1,337.58,168.56,169.02,14.0,5.0
1072,2024-05-09,South,Accessories,Wholesale,Consumer,156,109.24,0.1,19986.17,13233.21,6752.96,4.0,4.0
1861,2024-05-09,West,Apparel,Online,Consumer,11,169.84,0.15,2069.34,1293.39,775.95,7.0,3.0
2198,2024-05-09,South,Outerwear,Online,Corporate,3,42.59,0.0,166.5,105.52,60.98,3.0,5.0
3427,2024-05-09,West,Apparel,Wholesale,Corporate,239,49.55,0.25,11574.0,7761.9,3812.1,9.0,
3737,2024-05-09,North,Outerwear,Online,Consumer,9,36.9,0.15,367.85,218.99,148.86,,2.0
477,2024-05-10,South,Footwear,Online,Consumer,9,24.67,0.0,289.33,188.54,100.79,8.0,
1007,2024-05-10,North,Footwear,Online,Corporate,10,75.95,0.15,841.25,537.92,303.33,2.0,4.0
1173,2024-05-10,East,Footwear,Retail,Consumer,10,109.48,0.0,1426.64,945.65,480.99,9.0,5.0
2241,2024-05-10,South,Outerwear,Retail,Consumer,1,20.08,0.25,19.62,12.11,7.51,11.0,5.0
2257,2024-05-10,West,Accessories,Online,Consumer,4,11.69,0.05,57.89,39.15,18.74,8.0,
2282,2024-05-10,West,Accessories,Retail,Consumer,1,59.45,0.1,69.72,44.43,25.29,11.0,
2734,2024-05-10,West,Outerwear,Retail,Consumer,3,33.89,0.0,132.49,71.1,61.39,13.0,2.0
3542,2024-05-10,North,Footwear,Retail,Consumer,4,56.57,0.0,294.87,169.19,125.68,9.0,2.0
4164,2024-05-10,West,Accessories,Retail,Consumer,6,84.72,0.0,662.4,399.83,262.57,4.0,2.0
1237,2024-05-11,East,Footwear,Wholesale,Home Office,253,59.88,0.1,17767.47,10925.93,6841.54,7.0,1.0
1422,2024-05-11,East,Accessories,Retail,Corporate,8,26.69,0.0,278.24,177.15,101.09,,2.0
1636,2024-05-11,North,Apparel,Retail,Corporate,1,39.01,0.1,45.75,27.97,17.78,,2.0
1686,2024-05-11,South,Outerwear,Online,Consumer,11,51.03,0.05,694.9,460.55,234.35,,
1724,2024-05-11,East,Apparel,Retail,Consumer,8,17.07,0.1,160.16,107.87,52.29,8.0,1.0
3662,2024-05-11,West,Apparel,Online,Consumer,9,116.22,0.05,1294.87,750.56,544.31,6.0,4.0
4988,2024-05-11,East,Footwear,Online,Corporate,10,45.47,0.05,562.9,349.62,213.28,10.0,5.0
5000,2024-05-11,West,Outerwear,Retail,Consumer,1,75.23,0.05,93.13,51.65,41.48,2.0,1.0
1039,2024-05-12,West,Footwear,Online,Consumer,4,14.72,0.0,76.73,50.33,26.4,1.0,2.0
1381,2024-05-12,South,Apparel,Online,Consumer,6,57.65,0.1,405.67,239.91,165.76,6.0,2.0
1719,2024-05-12,East,Footwear,Online,Home Office,8,106.03,0.0,1105.35,643.39,461.96,9.0,1.0
2448,2024-05-12,East,Apparel,Wholesale,Home Office,276,90.25,0.0,32459.14,19868.32,12590.82,5.0,2.0
3635,2024-05-12,East,Accessories,Online,Consumer,2,67.83,0.05,167.94,106.53,61.41,,5.0
3751,2024-05-12,East,Outerwear,Online,Consumer,8,63.46,0.0,661.56,403.49,258.07,8.0,2.0
3995,2024-05-12,South,Apparel,Online,Consumer,1,16.16,0.0,21.06,13.18,7.88,5.0,
10,2024-05-13,South,Outerwear,Online,Home Office,9,56.97,0.15,567.92,379.13,188.79,3.0,1.0
185,2024-05-13,South,Apparel,Retail,Consumer,1,18.48,0.0,24.08,15.09,8.99,1.0,1.0
1277,2024-05-13,West,Apparel,Retail,Consumer,4,50.79,0.0,264.74,167.57,97.17,6.0,1.0
1326,2024-05-13,East,Outerwear,Retail,Corporate,11,101.12,0.0,1449.47,914.96,534.51,5.0,1.0
2121,2024-05-13,North,Apparel,Online,Consumer,2,45.74,0.0,119.21,69.33,49.88,7.0,4.0
3103,2024-05-13,North,Apparel,Retail,Home Office,5,32.19,0.05,199.25,121.51,77.74,,5.0
3118,2024-05-13,East,Apparel,Wholesale,Corporate,228,14.93,0.25,3326.88,1901.52,1425.36,12.0,3.0
215,2024-05-14,South,Footwear,Online,Consumer,6,84.61,0.1,595.38,373.39,221.99,13.0,1.0
718,2024-05-14,South,Footwear,Retail,Consumer,9,84.31,0.0,988.79,640.35,348.44,3.0,
1157,2024-05-14,West,Footwear,Online,Consumer,4,50.52,0.0,263.33,163.07,100.26,7.0,2.0
3306,2024-05-14,North,Outerwear,Online,Consumer,5,79.17,0.25,386.88,247.27,139.61,10.0,1.0
454,2024-05-15,West,Footwear,Wholesale,Consumer,341,46.93,0.0,20853.82,14465.31,6388.51,6.0,2.0
1339,2024-05-15,West,Footwear,Online,Consumer,6,87.77,0.25,514.68,317.96,196.72,10.0,
1720,2024-05-15,North,Footwear,Retail,Home Office,2,44.61,0.05,110.45,69.61,40.84,10.0,
1825,2024-05-15,North,Apparel,Online,Consumer,7,27.87,0.1,228.8,121.56,107.24,1.0,
2398,2024-05-15,North,Apparel,Retail,Corporate,7,73.37,0.15,568.87,385.82,183.05,,1.0
2406,2024-05-15,South,Apparel,Retail,Consumer,2,56.38,0.15,124.9,79.52,45.38,12.0,1.0
2947,2024-05-15,South,Footwear,Online,Consumer,5,62.25,0.0,405.59,222.55,183.04,7.0,5.0
4047,2024-05-15,East,Outerwear,Online,Consumer,9,53.29,0.15,531.24,321.54,209.7,2.0,2.0
779,2024-05-16,South,Apparel,Online,Consumer,11,68.27,0.0,978.6,633.26,345.34,2.0,
1849,2024-05-16,North,Accessories,Retail,Home Office,11,39.63,0.0,568.06,355.82,212.24,3.0,4.0
2437,2024-05-16,West,Apparel,Wholesale,Corporate,234,52.04,0.15,13488.16,8489.8,4998.36,,
472,2024-05-17,West,Footwear,Online,Corporate,1,53.15,0.0,69.26,42.47,26.79,12.0,2.0
1748,2024-05-17,East,Footwear,Online,Consumer,3,143.42,0.0,560.68,343.29,217.39,3.0,2.0
3209,2024-05-17,West,Outerwear,Online,Home Office,5,90.13,0.0,587.25,359.16,228.09,11.0,3.0
3380,2024-05-17,South,Apparel,Retail,Consumer,10,47.41,0.15,525.13,324.84,200.29,8.0,
3483,2024-05-17,South,Apparel,Retail,Home Office,2,45.95,0.0,119.76,79.57,40.19,1.0,1.0
3811,2024-05-17,South,Footwear,Online,Consumer,8,80.63,0.0,840.56,553.8,286.76,6.0,
53,2024-05-18,West,Apparel,Online,Consumer,7,24.19,0.1,198.59,135.75,62.84,4.0,3.0
512,2024-05-18,West,Accessories,Retail,Corporate,1,24.78,0.0,32.29,21.49,10.8,7.0,4.0
1600,2024-05-18,East,Apparel,Online,Home Office,4,14.49,0.0,75.53,51.99,23.54,9.0,4.0
2156,2024-05-18,South,Apparel,Online,Consumer,8,46.68,0.0,486.63,339.69,146.94,4.0,4.0
2535,2024-05-18,West,Apparel,Retail,Home Office,6,34.13,0.0,266.85,158.85,108.0,12.0,3.0
3012,2024-05-18,West,Accessories,Online,Consumer,3,64.14,0.1,225.67,154.65,71.02,14.0,4.0
4952,2024-05-18,East,Accessories,Online,Consumer,10,24.53,0.0,319.65,194.23,125.42,5.0,2.0
342,2024-05-19,East,Footwear,Online,Corporate,10,47.3,0.05,585.55,351.26,234.29,8.0,5.0
995,2024-05-19,West,Footwear,Online,Home Office,11,120.5,0.1,1554.54,872.44,682.1,6.0,4.0
1100,2024-05-19,East,Apparel,Online,Home Office,3,17.45,0.0,68.22,41.81,26.41,4.0,4.0
2534,2024-05-19,South,Accessories,Online,Consumer,9,45.41,0.0,532.57,327.86,204.71,,3.0
2795,2024-05-19,East,Footwear,Wholesale,Consumer,181,19.53,0.0,4606.4,2788.16,1818.24,9.0,4.0
4801,2024-05-19,East,Footwear,Retail,Consumer,9,21.73,0.0,254.85,165.85,89.0,4.0,1.0
4828,2024-05-19,East,Apparel,Online,Consumer,3,132.14,0.0,516.58,333.3,183.28,1.0,3.0
49,2024-05-20,East,Accessories,Online,Consumer,6,35.53,0.0,277.8,188.77,89.03,7.0,4.0
2503,2024-05-20,South,Footwear,Retail,Consumer,7,13.06,0.0,119.13,75.85,43.28,14.0,
3139,2024-05-20,East,Footwear,Online,Consumer,11,69.85,0.0,1001.24,576.18,425.06,6.0,1.0
3490,2024-05-20,West,Apparel,Wholesale,Corporate,352,57.86,0.0,26540.05,17806.42,8733.63,7.0,
4263,2024-05-20,West,Footwear,Online,Corporate,4,78.16,0.15,346.29,213.06,133.23,3.0,4.0
4408,2024-05-20,North,Apparel,Retail,Consumer,5,49.46,0.25,241.69,142.6,99.09,,2.0
4530,2024-05-20,North,Outerwear,Retail,Consumer,3,93.77,0.0,366.58,262.57,104.01,11.0,
132,2024-05-21,West,Accessories,Online,Consumer,8,74.13,0.0,772.8,454.7,318.1,5.0,
1402,2024-05-21,South,Apparel,Wholesale,Corporate,371,32.41,0.0,15668.72,9618.22,6050.5,,1.0
2237,2024-05-21,South,Apparel,Online,Consumer,7,23.36,0.05,202.43,133.61,68.82,6.0,3.0
2603,2024-05-21,East,Outerwear,Retail,Consumer,3,105.49,0.0,412.39,250.61,161.78,5.0,5.0
3770,2024-05-21,South,Apparel,Online,Home Office,8,65.69,0.0,684.81,384.05,300.76,14.0,4.0
3896,2024-05-21,East,Accessories,Retail,Consumer,6,74.94,0.1,527.34,319.28,208.06,10.0,4.0
4064,2024-05-21,West,Footwear,Online,Consumer,11,35.16,0.15,428.39,244.49,183.9,12.0,4.0
4664,2024-05-21,North,Outerwear,Retail,Consumer,9,14.82,0.0,173.81,106.02,67.79,,3.0
983,2024-05-22,West,Outerwear,Online,Consumer,11,64.42,0.15,784.9,474.16,310.74,12.0,3.0
4199,2024-05-22,East,Footwear,Retail,Corporate,2,37.53,0.0,97.81,61.57,36.24,9.0,
4473,2024-05-22,North,Apparel,Retail,Consumer,9,53.46,0.1,564.28,326.5,237.78,10.0,3.0
1092,2024-05-23,North,Footwear,Online,Consumer,10,29.81,0.0,388.46,228.31,160.15,3.0,5.0
1299,2024-05-23,South,Footwear,Online,Consumer,8,61.75,0.1,579.36,329.76,249.6,8.0,1.0
1416,2024-05-23,West,Apparel,Retail,Corporate,6,22.78,0.05,169.2,92.42,76.78,12.0,4.0
1478,2024-05-23,North,Apparel,Online,Consumer,1,42.75,0.1,50.14,32.85,17.29,9.0,
1557,2024-05-23,East,Apparel,Online,Consumer,8,82.83,0.0,863.49,525.34,338.15,6.0,5.0
3459,2024-05-23,West,Accessories,Online,Consumer,4,99.33,0.0,517.75,317.4,200.35,10.0,1.0
333,2024-05-24,West,Apparel,Online,Consumer,4,75.94,0.05,376.04,209.14,166.9,6.0,4.0
2258,2024-05-24,West,Footwear,Wholesale,Home Office,54,106.97,0.05,7150.89,4153.07,2997.82,10.0,4.0
2712,2024-05-24,East,Footwear,Online,Home Office,5,44.24,0.0,288.25,172.58,115.67,10.0,2.0
3470,2024-05-24,East,Apparel,Wholesale,Corporate,284,65.06,0.0,24077.6,15243.66,8833.94,1.0,
308,2024-05-25,North,Footwear,Online,Consumer,6,111.9,0.0,874.91,490.07,384.84,6.0,
2274,2024-05-25,West,Footwear,Online,Corporate,1,92.87,0.0,121.02,70.51,50.51,14.0,
3742,2024-05-25,South,Accessories,Online,Corporate,1,70.34,0.15,77.91,49.81,28.1,6.0,2.0
4918,2024-05-25,South,Footwear,Wholesale,Consumer,179,41.26,0.1,8661.75,5615.7,3046.05,13.0,2.0
711,2024-05-26,North,Apparel,Retail,Consumer,3,49.78,0.05,184.88,109.17,75.71,14.0,
1142,2024-05-26,South,Apparel,Retail,Consumer,11,64.8,0.05,882.41,626.49,255.92,3.0,1.0
1236,2024-05-26,South,Footwear,Wholesale,Home Office,136,23.37,0.0,4141.7,2774.63,1367.07,,4.0
1838,2024-05-26,West,Accessories,Wholesale,Consumer,112,12.26,0.0,1789.32,1093.13,696.19,3.0,3.0
1999,2024-05-26,North,Accessories,Retail,Corporate,4,54.17,0.0,282.36,172.54,109.82,14.0,5.0
2333,2024-05-26,North,Accessories,Online,Corporate,1,61.87,0.1,72.56,45.46,27.1,2.0,3.0
2846,2024-05-26,South,Accessories,Retail,Consumer,4,43.01,0.05,212.98,120.53,92.45,13.0,2.0
3120,2024-05-26,East,Accessories,Retail,Consumer,6,44.3,0.0,346.37,215.44,130.93,,3.0
3655,2024-05-26,West,Accessories,Retail,Consumer,11,22.42,0.0,321.37,221.22,100.15,1.0,
1055,2024-05-27,East,Apparel,Retail,Consumer,3,118.17,0.0,461.97,294.85,167.12,10.0,
1178,2024-05-27,East,Footwear,Retail,Corporate,4,77.66,0.15,344.08,231.06,113.02,12.0,5.0
1528,2024-05-27,East,Outerwear,Online,Corporate,8,90.48,0.05,896.08,516.19,379.89,,1.0
1553,2024-05-27,West,Footwear,Online,Corporate,8,26.06,0.0,271.67,163.58,108.09,9.0,5.0
1690,2024-05-27,East,Footwear,Online,Corporate,10,15.17,0.0,197.68,139.9,57.78,10.0,4.0
1704,2024-05-27,East,Apparel,Online,Consumer,8,108.99,0.0,1136.21,743.8,392.41,5.0,1.0
2313,2024-05-27,West,Footwear,Online,Consumer,3,107.27,0.0,419.35,261.26,158.09,10.0,5.0
2906,2024-05-27,West,Apparel,Retail,Consumer,8,69.62,0.05,689.49,405.94,283.55,13.0,3.0
3062,2024-05-27,West,Footwear,Online,Consumer,8,61.02,0.0,636.13,370.43,265.7,9.0,5.0
3381,2024-05-27,South,Apparel,Retail,Consumer,2,8.69,0.0,22.65,12.47,10.18,,3.0
4303,2024-05-27,East,Footwear,Online,Consumer,9,52.73,0.1,556.57,347.77,208.8,4.0,3.0
4338,2024-05-27,West,Footwear,Retail,Corporate,7,96.6,0.0,881.16,579.93,301.23,9.0,
4805,2024-05-27,East,Apparel,Online,Consumer,5,54.73,0.05,338.77,187.97,150.8,1.0,1.0
1815,2024-05-28,West,Footwear,Wholesale,Home Office,135,112.56,0.0,19801.52,13146.68,6654.84,11.0,3.0
2693,2024-05-28,West,Footwear,Retail,Corporate,2,43.41,0.0,113.14,75.16,37.98,7.0,2.0
2975,2024-05-28,East,Accessories,Retail,Consumer,3,73.91,0.0,288.94,179.69,109.25,1.0,1.0
3332,2024-05-28,West,Apparel,Retail,Consumer,1,135.91,0.15,150.54,86.64,63.9,12.0,3.0
3446,2024-05-28,North,Accessories,Retail,Consumer,2,46.19,0.0,120.38,71.94,48.44,,3.0
4254,2024-05-28,North,Accessories,Retail,Consumer,8,44.01,0.0,458.8,283.53,175.27,3.0,2.0
4607,2024-05-28,West,Apparel,Online,Consumer,8,36.05,0.05,357.03,203.5,153.53,13.0,1.0
101,2024-05-29,West,Footwear,Wholesale,Consumer,187,106.08,0.05,24557.23,15450.65,9106.58,7.0,2.0
1415,2024-05-29,South,Apparel,Online,Consumer,4,91.19,0.1,427.79,278.68,149.11,10.0,5.0
1607,2024-05-29,West,Outerwear,Online,Corporate,2,61.93,0.0,161.4,91.06,70.34,7.0,
4325,2024-05-29,East,Apparel,Wholesale,Consumer,339,66.32,0.1,26367.41,17722.3,8645.11,6.0,3.0
465,2024-05-30,West,Footwear,Retail,Consumer,1,34.46,0.15,38.17,22.75,15.42,12.0,1.0
1033,2024-05-30,East,Footwear,Online,Consumer,10,53.2,0.05,658.59,362.37,296.22,13.0,4.0
1580,2024-05-30,North,Apparel,Online,Consumer,6,88.51,0.0,692.03,484.35,207.68,4.0,4.0
2805,2024-05-30,North,Accessories,Online,Corporate,6,42.03,0.05,312.19,193.32,118.87,7.0,
4275,2024-05-30,East,Apparel,Retail,Corporate,4,30.73,0.05,152.17,85.74,66.43,8.0,
4587,2024-05-30,North,Apparel,Online,Home Office,3,57.46,0.0,224.63,151.2,73.43,12.0,5.0
4816,2024-05-30,West,Footwear,Wholesale,Consumer,115,93.5,0.1,12610.51,8329.88,4280.63,8.0,3.0
523,2024-05-31,North,Footwear,Retail,Consumer,11,32.6,0.1,420.57,241.48,179.09,1.0,3.0
803,2024-05-31,East,Outerwear,Retail,Consumer,8,109.3,0.0,1139.44,728.24,411.2,12.0,
2052,2024-05-31,East,Footwear,Online,Home Office,9,52.28,0.05,582.48,379.43,203.05,,4.0
2060,2024-05-31,North,Apparel,Online,Consumer,8,46.11,0.0,480.69,292.83,187.86,8.0,1.0
2363,2024-05-31,South,Footwear,Wholesale,Corporate,216,63.11,0.15,15099.12,9815.09,5284.03,9.0,3.0
4778,2024-05-31,South,Footwear,Online,Consumer,11,38.86,0.25,417.77,257.27,160.5,2.0,2.0
677,2024-06-01,South,Footwear,Retail,Consumer,11,57.66,0.0,745.26,496.28,248.98,11.0,2.0
708,2024-06-01,East,Outerwear,Online,Consumer,1,22.21,0.05,24.79,16.6,8.19,3.0,4.0
753,2024-06-01,East,Footwear,Online,Corporate,1,23.98,0.0,28.18,17.46,10.72,8.0,4.0
1089,2024-06-01,North,Apparel,Retail,Consumer,11,82.92,0.0,1071.74,673.05,398.69,9.0,5.0
2111,2024-06-01,South,Apparel,Online,Consumer,8,13.11,0.05,117.07,71.85,45.22,2.0,1.0
2436,2024-06-01,South,Accessories,Online,Corporate,6,68.07,0.25,359.92,234.95,124.97,2.0,4.0
2902,2024-06-01,North,Apparel,Online,Consumer,8,63.89,0.05,570.54,325.3,245.24,12.0,
3265,2024-06-01,West,Apparel,Wholesale,Consumer,185,96.53,0.1,18884.89,11552.91,7331.98,3.0,2.0
4437,2024-06-01,North,Accessories,Retail,Consumer,2,48.11,0.0,113.06,65.31,47.75,3.0,4.0
317,2024-06-02,West,Apparel,Online,Consumer,5,85.17,0.1,450.34,277.48,172.86,,3.0
1616,2024-06-02,East,Outerwear,Online,Consumer,7,21.12,0.0,173.71,98.75,74.96,2.0,5.0
2713,2024-06-02,East,Footwear,Online,Corporate,1,18.01,0.0,21.16,12.0,9.16,14.0,5.0
2863,2024-06-02,South,Apparel,Retail,Corporate,10,53.45,0.25,471.03,294.3,176.73,13.0,3.0
3888,2024-06-02,East,Apparel,Retail,Consumer,7,91.86,0.1,679.99,424.99,255.0,1.0,
4054,2024-06-02,East,Accessories,Online,Consumer,1,43.78,0.0,51.44,33.47,17.97,6.0,4.0
4168,2024-06-02,South,Footwear,Wholesale,Consumer,202,56.98,0.05,12847.99,8257.31,4590.68,9.0,2.0
4427,2024-06-02,East,Accessories,Online,Consumer,7,32.8,0.05,256.29,162.31,93.98,,3.0
4456,2024-06-02,South,Apparel,Online,Consumer,6,112.71,0.1,715.14,443.27,271.87,12.0,5.0
621,2024-06-03,West,Footwear,Online,Corporate,2,23.27,0.0,54.68,31.95,22.73,5.0,3.0
654,2024-06-03,West,Footwear,Retail,Consumer,10,19.95,0.05,222.69,163.0,59.69,10.0,
1593,2024-06-03,West,Footwear,Online,Consumer,3,37.46,0.0,132.05,81.51,50.54,13.0,4.0
2669,2024-06-03,South,Accessories,Online,Consumer,3,159.24,0.05,533.25,328.04,205.21,12.0,
3436,2024-06-03,North,Accessories,Online,Consumer,1,71.26,0.0,83.73,45.58,38.15,2.0,4.0
4363,2024-06-03,East,Apparel,Online,Corporate,3,82.33,0.0,290.21,199.35,90.86,7.0,3.0
4720,2024-06-03,South,Accessories,Online,Corporate,3,88.77,0.05,297.27,195.1,102.17,4.0,
138,2024-06-04,South,Outerwear,Online,Home Office,1,90.75,0.25,79.97,45.36,34.61,2.0,1.0
1731,2024-06-04,North,Footwear,Online,Corporate,5,29.21,0.0,171.61,114.82,56.79,5.0,1.0
2030,2024-06-04,West,Footwear,Online,Corporate,3,54.2,0.15,162.4,97.37,65.03,5.0,1.0
2856,2024-06-04,East,Apparel,Retail,Corporate,5,58.14,0.0,341.57,213.0,128.57,13.0,1.0
4904,2024-06-04,South,Outerwear,Online,Consumer,1,36.45,0.0,42.83,28.82,14.01,8.0,4.0
2417,2024-06-05,South,Apparel,Retail,Home Office,8,74.77,0.1,632.55,392.23,240.32,7.0,
2828,2024-06-05,East,Apparel,Online,Consumer,5,39.39,0.1,208.27,130.83,77.44,8.0,3.0
3018,2024-06-05,East,Outerwear,Online,Home Office,6,61.64,0.0,434.56,239.41,195.15,14.0,5.0
4312,2024-06-05,North,Apparel,Online,Home Office,4,35.98,0.05,160.65,90.06,70.59,,2.0
4945,2024-06-05,North,Outerwear,Wholesale,Consumer,119,58.51,0.05,7772.1,4884.18,2887.92,2.0,
14,2024-06-06,West,Apparel,Online,Consumer,9,92.35,0.0,976.6,600.92,375.68,14.0,5.0
1467,2024-06-06,South,Outerwear,Retail,Home Office,7,46.49,0.0,382.38,256.03,126.35,2.0,1.0
2324,2024-06-06,East,Apparel,Retail,Consumer,10,69.3,0.0,814.28,532.38,281.9,6.0,3.0
2616,2024-06-06,North,Footwear,Retail,Consumer,2,51.77,0.25,91.24,56.34,34.9,9.0,4.0
2725,2024-06-06,East,Accessories,Retail,Consumer,11,15.99,0.0,206.67,111.06,95.61,11.0,
3000,2024-06-06,South,Footwear,Retail,Consumer,2,75.17,0.25,132.49,80.44,52.05,,4.0
3787,2024-06-06,South,Outerwear,Online,Home Office,10,56.29,0.0,661.41,427.97,233.44,3.0,4.0
3840,2024-06-06,East,Footwear,Retail,Consumer,4,61.81,0.0,290.51,207.93,82.58,11.0,2.0
4443,2024-06-06,East,Accessories,Retail,Home Office,5,38.83,0.0,228.13,131.17,96.96,2.0,2.0
438,2024-06-07,South,Footwear,Online,Home Office,4,26.8,0.0,125.96,74.58,51.38,11.0,4.0
694,2024-06-07,West,Footwear,Online,Consumer,5,81.85,0.0,480.87,303.68,177.19,,1.0
2347,2024-06-07,North,Apparel,Online,Consumer,1,70.66,0.25,62.27,39.6,22.67,5.0,
3112,2024-06-07,South,Outerwear,Retail,Corporate,2,25.94,0.0,60.96,34.29,26.67,6.0,5.0
3261,2024-06-07,West,Accessories,Online,Consumer,10,55.3,0.0,649.78,445.12,204.66,7.0,5.0
3312,2024-06-07,North,Footwear,Retail,Consumer,10,45.13,0.0,530.28,327.91,202.37,14.0,3.0
3937,2024-06-07,East,Outerwear,Online,Consumer,9,46.86,0.0,495.54,330.51,165.03,6.0,3.0
4315,2024-06-07,South,Apparel,Online,Consumer,7,68.52,0.05,535.4,311.29,224.11,12.0,1.0
4550,2024-06-07,East,Outerwear,Online,Consumer,1,47.09,0.25,41.5,26.85,14.65,10.0,5.0
406,2024-06-08,East,Outerwear,Wholesale,Consumer,119,62.19,0.0,8695.72,5779.21,2916.51,3.0,2.0
747,2024-06-08,South,Footwear,Online,Consumer,1,60.81,0.0,71.45,50.65,20.8,13.0,5.0
1397,2024-06-08,East,Accessories,Online,Corporate,1,41.89,0.0,49.22,30.62,18.6,6.0,5.0
1595,2024-06-08,South,Apparel,Online,Corporate,5,85.19,0.1,450.44,272.62,177.82,11.0,
1732,2024-06-08,East,Outerwear,Online,Corporate,1,52.27,0.0,61.42,38.76,22.66,4.0,1.0
2706,2024-06-08,East,Accessories,Online,Consumer,9,36.19,0.1,344.44,216.78,127.66,4.0,1.0
3594,2024-06-08,East,Apparel,Online,Consumer,1,66.13,0.0,77.7,45.3,32.4,3.0,
4650,2024-06-08,South,Footwear,Online,Corporate,9,32.1,0.0,339.46,214.67,124.79,,2.0
1411,2024-06-09,South,Footwear,Retail,Consumer,3,54.04,0.05,180.97,106.93,74.04,,1.0
2900,2024-06-09,South,Apparel,Retail,Corporate,8,61.82,0.05,552.05,358.83,193.22,1.0,2.0
3463,2024-06-09,West,Accessories,Retail,Consumer,10,45.22,0.05,504.77,283.68,221.09,12.0,2.0
3869,2024-06-09,East,Outerwear,Online,Consumer,3,61.28,0.15,183.61,113.59,70.02,,1.0
4584,2024-06-09,South,Accessories,Wholesale,Consumer,362,120.11,0.15,43425.47,25132.73,18292.74,4.0,1.0
4925,2024-06-09,South,Outerwear,Online,Consumer,3,138.29,0.1,438.73,261.87,176.86,13.0,5.0
226,2024-06-10,West,Footwear,Online,Consumer,5,52.66,0.05,293.91,185.98,107.93,7.0,3.0
500,2024-06-10,South,Footwear,Retail,Home Office,7,54.83,0.15,383.33,244.34,138.99,11.0,
691,2024-06-10,East,Apparel,Retail,Consumer,2,38.67,0.0,90.87,51.96,38.91,6.0,2.0
749,2024-06-10,South,Apparel,Retail,Consumer,7,39.11,0.1,289.51,179.88,109.63,,5.0
1620,2024-06-10,South,Apparel,Online,Corporate,8,121.22,0.1,1025.52,657.15,368.37,7.0,2.0
2218,2024-06-10,West,Apparel,Online,Consumer,2,48.78,0.0,114.63,71.65,42.98,2.0,5.0
3819,2024-06-10,West,Apparel,Retail,Consumer,8,37.88,0.25,267.05,154.36,112.69,,1.0
131,2024-06-11,West,Accessories,Retail,Consumer,11,43.75,0.0,565.47,347.24,218.23,1.0,
236,2024-06-11,West,Accessories,Online,Home Office,7,52.83,0.1,391.07,232.55,158.52,3.0,2.0
1941,2024-06-11,East,Apparel,Retail,Corporate,9,110.55,0.05,1110.61,625.22,485.39,2.0,
3801,2024-06-11,South,Accessories,Wholesale,Corporate,348,38.14,0.25,11696.58,7099.97,4596.61,12.0,5.0
4051,2024-06-11,East,Apparel,Online,Corporate,2,70.44,0.0,165.53,96.84,68.69,5.0,1.0
349,2024-06-12,North,Outerwear,Retail,Consumer,8,52.54,0.0,493.88,341.76,152.12,13.0,5.0
1959,2024-06-12,South,Footwear,Online,Corporate,9,69.83,0.0,738.45,487.07,251.38,12.0,2.0
3917,2024-06-12,North,Outerwear,Retail,Consumer,4,25.05,0.0,117.74,79.19,38.55,10.0,2.0
4834,2024-06-12,East,Apparel,Online,Consumer,9,77.76,0.05,781.2,488.08,293.12,12.0,4.0
19,2024-06-13,South,Accessories,Online,Home Office,1,104.63,0.0,122.94,79.65,43.29,8.0,
114,2024-06-13,West,Accessories,Online,Corporate,5,24.36,0.0,143.12,99.44,43.68,6.0,2.0
3165,2024-06-13,South,Apparel,Online,Home Office,3,79.14,0.0,278.97,191.28,87.69,3.0,5.0
3589,2024-06-13,North,Apparel,Online,Home Office,3,92.88,0.05,311.03,213.18,97.85,14.0,2.0
3746,2024-06-13,South,Accessories,Retail,Consumer,5,72.7,0.0,427.11,251.87,175.24,3.0,2.0
3927,2024-06-13,North,Footwear,Online,Consumer,7,59.18,0.0,486.76,310.95,175.81,14.0,2.0
3978,2024-06-13,South,Footwear,Retail,Consumer,2,93.03,0.0,218.62,133.16,85.46,14.0,1.0
4368,2024-06-13,South,Apparel,Retail,Consumer,11,135.12,0.05,1659.1,955.81,703.29,10.0,5.0
4389,2024-06-13,West,Footwear,Retail,Home Office,1,74.32,0.0,87.33,57.13,30.2,9.0,
4567,2024-06-13,West,Apparel,Online,Consumer,6,60.47,0.0,426.31,277.64,148.67,1.0,4.0
695,2024-06-14,West,Accessories,Retail,Consumer,2,74.91,0.0,176.04,112.19,63.85,5.0,3.0
1316,2024-06-14,East,Footwear,Online,Consumer,1,27.63,0.1,29.22,16.53,12.69,11.0,5.0
1740,2024-06-14,South,Footwear,Online,Consumer,1,61.08,0.0,71.77,40.14,31.63,14.0,3.0
2744,2024-06-14,South,Footwear,Wholesale,Home Office,167,55.57,0.0,10904.22,6354.86,4549.36,3.0,3.0
2913,2024-06-14,North,Footwear,Online,Corporate,6,73.1,0.0,515.36,305.9,209.46,11.0,
3688,2024-06-14,North,Outerwear,Online,Consumer,10,128.04,0.0,1504.47,998.16,506.31,10.0,2.0
3963,2024-06-14,East,Accessories,Online,Corporate,7,77.5,0.0,637.44,411.87,225.57,8.0,4.0
4141,2024-06-14,East,Accessories,Retail,Consumer,10,20.56,0.05,229.5,150.05,79.45,8.0,2.0
4179,2024-06-14,North,Apparel,Retail,Corporate,10,36.76,0.0,431.93,245.05,186.88,7.0,3.0
4334,2024-06-14,East,Footwear,Wholesale,Home Office,201,36.59,0.1,7777.48,5233.22,2544.26,8.0,1.0
565,2024-06-15,West,Apparel,Wholesale,Consumer,68,66.69,0.05,5062.1,3105.57,1956.53,13.0,
1204,2024-06-15,East,Apparel,Online,Consumer,9,61.27,0.0,647.93,375.42,272.51,14.0,2.0
1721,2024-06-15,South,Accessories,Online,Corporate,4,48.91,0.1,206.89,137.46,69.43,14.0,3.0
2748,2024-06-15,West,Apparel,Online,Consumer,7,37.08,0.1,274.48,180.64,93.84,5.0,
2940,2024-06-15,North,Apparel,Retail,Corporate,9,57.98,0.0,613.14,371.69,241.45,4.0,
3076,2024-06-15,South,Apparel,Retail,Corporate,8,19.98,0.1,169.03,111.88,57.15,5.0,
4954,2024-06-15,West,Footwear,Wholesale,Consumer,209,49.14,0.0,12067.56,6603.22,5464.34,4.0,1.0
789,2024-06-16,East,Apparel,Online,Corporate,1,87.66,0.05,97.85,59.95,37.9,4.0,
1065,2024-06-16,East,Footwear,Retail,Consumer,10,51.43,0.15,513.66,330.45,183.21,3.0,3.0
1141,2024-06-16,East,Accessories,Retail,Corporate,2,87.62,0.0,205.91,130.14,75.77,2.0,5.0
2497,2024-06-16,East,Footwear,Online,Corporate,8,113.97,0.1,964.19,571.73,392.46,5.0,1.0
3200,2024-06-16,West,Footwear,Retail,Consumer,11,15.96,0.05,195.97,118.31,77.66,3.0,2.0
3407,2024-06-16,South,Footwear,Retail,Consumer,3,50.83,0.0,179.18,105.69,73.49,12.0,
3451,2024-06-16,South,Apparel,Online,Consumer,5,47.39,0.0,278.42,171.44,106.98,14.0,
3812,2024-06-16,West,Footwear,Online,Home Office,6,40.07,0.0,282.49,178.78,103.71,13.0,
3846,2024-06-16,East,Accessories,Online,Consumer,2,99.82,0.1,211.12,135.71,75.41,5.0,1.0
4666,2024-06-16,East,Footwear,Online,Home Office,8,80.16,0.0,753.5,442.75,310.75,13.0,
1042,2024-06-17,North,Apparel,Retail,Corporate,8,39.73,0.0,373.46,229.53,143.93,1.0,2.0
1729,2024-06-17,East,Apparel,Retail,Home Office,2,63.32,0.1,133.92,73.64,60.28,,3.0
2132,2024-06-17,North,Accessories,Retail,Corporate,3,47.73,0.0,168.25,102.44,65.81,8.0,
2460,2024-06-17,South,Footwear,Online,Consumer,8,36.94,0.0,347.24,229.49,117.75,8.0,4.0
3473,2024-06-17,West,Footwear,Online,Consumer,9,106.27,0.0,1123.81,667.98,455.83,12.0,5.0
69,2024-06-18,West,Apparel,Retail,Consumer,3,46.27,0.1,146.79,78.93,67.86,5.0,5.0
909,2024-06-18,North,Apparel,Online,Consumer,10,46.07,0.0,541.32,340.03,201.29,14.0,4.0
1784,2024-06-18,North,Apparel,Retail,Consumer,6,42.12,0.0,296.95,168.61,128.34,4.0,4.0
2331,2024-06-18,West,Footwear,Online,Corporate,11,84.79,0.05,1041.12,636.69,404.43,7.0,
2938,2024-06-18,North,Apparel,Online,Corporate,4,100.34,0.0,471.6,306.0,165.6,4.0,
3343,2024-06-18,East,Apparel,Online,Corporate,9,55.56,0.05,558.17,392.18,165.99,1.0,2.0
3815,2024-06-18,South,Apparel,Retail,Home Office,9,58.73,0.0,621.07,368.46,252.61,12.0,
4071,2024-06-18,West,Footwear,Retail,Consumer,8,49.25,0.0,462.95,289.35,173.6,6.0,3.0
4449,2024-06-18,South,Apparel,Retail,Home Office,1,23.2,0.1,24.53,14.55,9.98,3.0,
1965,2024-06-19,North,Footwear,Online,Consumer,3,63.52,0.05,212.71,138.98,73.73,13.0,4.0
2053,2024-06-19,North,Footwear,Online,Consumer,5,57.16,0.0,335.81,230.49,105.32,14.0,4.0
3016,2024-06-19,West,Footwear,Online,Corporate,8,66.42,0.1,561.91,305.12,256.79,9.0,
3460,2024-06-19,East,Footwear,Online,Home Office,8,30.3,0.0,284.82,180.93,103.89,12.0,5.0
678,2024-06-20,East,Outerwear,Retail,Consumer,7,80.25,0.0,660.06,442.6,217.46,7.0,1.0
1207,2024-06-20,South,Footwear,Online,Consumer,2,95.0,0.0,223.25,128.74,94.51,12.0,1.0
1677,2024-06-20,South,Apparel,Online,Corporate,2,56.97,0.05,127.19,80.54,46.65,14.0,4.0
2150,2024-06-20,North,Footwear,Online,Home Office,10,70.46,0.0,827.9,495.32,332.58,5.0,4.0
2803,2024-06-20,East,Apparel,Online,Consumer,10,31.0,0.0,364.25,213.39,150.86,7.0,2.0
27,2024-06-21,West,Footwear,Online,Home Office,1,24.43,0.05,27.27,17.86,9.41,6.0,3.0
2930,2024-06-21,East,Footwear,Wholesale,Consumer,319,56.26,0.1,18978.89,11403.84,7575.05,3.0,1.0
4138,2024-06-21,North,Footwear,Wholesale,Home Office,295,78.92,0.0,27355.65,18831.91,8523.74,8.0,4.0
828,2024-06-22,South,Apparel,Wholesale,Corporate,50,87.56,0.0,5144.15,3008.11,2136.04,9.0,5.0
3999,2024-06-22,West,Footwear,Online,Consumer,4,67.59,0.0,317.67,215.89,101.78,12.0,5.0
4583,2024-06-22,North,Apparel,Online,Consumer,6,70.66,0.0,498.15,291.49,206.66,12.0,
59,2024-06-23,East,Apparel,Online,Home Office,7,42.78,0.0,351.87,191.33,160.54,7.0,4.0
573,2024-06-23,South,Footwear,Wholesale,Corporate,179,101.14,0.0,21272.27,12831.88,8440.39,10.0,4.0
1040,2024-06-23,North,Footwear,Retail,Consumer,3,45.6,0.0,160.74,105.47,55.27,9.0,5.0
1808,2024-06-23,West,Apparel,Retail,Consumer,1,49.1,0.0,57.69,32.71,24.98,1.0,2.0
2036,2024-06-23,South,Outerwear,Online,Corporate,8,32.12,0.0,301.93,192.29,109.64,1.0,5.0
2159,2024-06-23,East,Footwear,Retail,Corporate,1,59.64,0.0,70.08,40.32,29.76,2.0,1.0
2624,2024-06-23,South,Outerwear,Retail,Consumer,11,38.68,0.05,474.94,313.01,161.93,7.0,5.0
2999,2024-06-23,South,Accessories,Online,Consumer,9,38.46,0.05,386.38,235.99,150.39,11.0,
3273,2024-06-23,North,Outerwear,Wholesale,Corporate,283,57.15,0.0,19003.8,11116.13,7887.67,8.0,
4116,2024-06-23,West,Apparel,Retail,Consumer,9,70.97,0.1,675.46,409.94,265.52,11.0,4.0
121,2024-06-24,North,Apparel,Online,Corporate,9,39.59,0.05,397.73,268.95,128.78,11.0,4.0
304,2024-06-24,North,Accessories,Online,Home Office,3,12.85,0.0,45.3,29.78,15.52,10.0,
424,2024-06-24,East,Footwear,Retail,Consumer,3,61.38,0.0,216.36,131.15,85.21,1.0,4.0
629,2024-06-24,North,Apparel,Retail,Consumer,11,81.84,0.1,952.0,644.96,307.04,1.0,5.0
2403,2024-06-24,North,Footwear,Retail,Home Office,1,40.5,0.1,42.83,29.32,13.51,1.0,3.0
2539,2024-06-24,South,Footwear,Retail,Consumer,7,62.66,0.0,515.38,356.17,159.21,9.0,4.0
2794,2024-06-24,North,Footwear,Online,Consumer,8,128.36,0.0,1206.58,772.67,433.91,14.0,5.0
3063,2024-06-24,West,Apparel,Online,Corporate,5,56.78,0.0,333.58,208.05,125.53,10.0,3.0
4293,2024-06-24,West,Footwear,Online,Home Office,5,59.47,0.0,349.39,185.19,164.2,11.0,5.0
4354,2024-06-24,North,Apparel,Retail,Consumer,7,64.57,0.0,531.09,313.84,217.25,3.0,
4453,2024-06-24,West,Accessories,Retail,Consumer,1,42.32,0.0,49.73,32.97,16.76,14.0,
4984,2024-06-24,West,Apparel,Online,Consumer,1,106.14,0.05,118.48,71.88,46.6,3.0,2.0
2583,2024-06-25,East,Apparel,Online,Consumer,1,117.89,0.0,138.52,78.92,59.6,,3.0
4073,2024-06-25,West,Accessories,Retail,Consumer,6,27.99,0.0,197.33,120.5,76.83,14.0,5.0
1446,2024-06-26,South,Outerwear,Online,Home Office,4,52.95,0.1,223.98,132.74,91.24,9.0,4.0
2469,2024-06-26,North,Accessories,Retail,Consumer,2,62.43,0.0,146.71,88.59,58.12,13.0,5.0
2845,2024-06-26,West,Apparel,Online,Consumer,6,31.89,0.1,202.34,139.93,62.41,5.0,
3377,2024-06-26,West,Accessories,Online,Consumer,1,64.53,0.1,68.24,37.29,30.95,9.0,
3498,2024-06-26,North,Apparel,Online,Consumer,1,77.75,0.0,91.36,55.63,35.73,9.0,5.0
4757,2024-06-26,South,Apparel,Online,Consumer,8,36.7,0.0,344.98,195.8,149.18,11.0,
4998,2024-06-26,East,Footwear,Wholesale,Consumer,387,105.96,0.0,48182.66,31983.11,16199.55,12.0,4.0
186,2024-06-27,South,Outerwear,Online,Consumer,6,40.54,0.0,285.81,164.92,120.89,10.0,5.0
1193,2024-06-27,West,Apparel,Retail,Corporate,9,46.06,0.0,487.08,284.99,202.09,1.0,
1615,2024-06-27,West,Footwear,Retail,Consumer,4,43.07,0.15,172.06,113.08,58.98,12.0,3.0
2167,2024-06-27,South,Footwear,Retail,Consumer,3,74.71,0.05,250.19,145.12,105.07,4.0,3.0
2377,2024-06-27,East,Outerwear,Retail,Corporate,10,43.54,0.0,511.6,320.48,191.12,1.0,
2910,2024-06-27,East,Outerwear,Online,Consumer,9,45.24,0.1,430.57,239.44,191.13,11.0,5.0
3065,2024-06-27,West,Footwear,Wholesale,Consumer,157,47.69,0.05,8357.73,5447.76,2909.97,12.0,3.0
3128,2024-06-27,North,Accessories,Online,Consumer,6,100.23,0.05,671.29,454.27,217.02,,
98,2024-06-28,South,Accessories,Online,Consumer,1,37.99,0.0,44.64,26.83,17.81,14.0,5.0
1668,2024-06-28,South,Footwear,Online,Consumer,2,39.64,0.1,83.84,50.97,32.87,6.0,2.0
4282,2024-06-28,South,Accessories,Online,Consumer,5,73.29,0.25,322.93,201.5,121.43,9.0,3.0
199,2024-06-29,South,Footwear,Online,Home Office,8,65.37,0.1,553.03,335.25,217.78,8.0,2.0
671,2024-06-29,South,Footwear,Online,Corporate,3,93.75,0.0,330.47,214.79,115.68,5.0,3.0
869,2024-06-29,South,Accessories,Retail,Consumer,9,101.76,0.0,1076.11,674.28,401.83,5.0,3.0
923,2024-06-29,East,Apparel,Online,Consumer,3,41.53,0.05,139.07,81.84,57.23,14.0,2.0
926,2024-06-29,West,Accessories,Online,Home Office,5,23.32,0.1,123.3,67.41,55.89,7.0,3.0
1546,2024-06-29,West,Footwear,Retail,Consumer,8,91.66,0.0,861.6,570.1,291.5,8.0,1.0
2551,2024-06-29,South,Accessories,Online,Home Office,6,28.41,0.15,170.25,99.79,70.46,12.0,5.0
1310,2024-06-30,South,Apparel,Wholesale,Consumer,241,82.77,0.15,19922.64,12576.07,7346.57,,1.0
1462,2024-06-30,East,Outerwear,Online,Consumer,11,76.72,0.15,842.87,505.41,337.46,,
3356,2024-06-30,East,Footwear,Wholesale,Consumer,42,14.93,0.05,699.96,457.56,242.4,2.0,5.0
3623,2024-06-30,East,Accessories,Retail,Consumer,2,16.82,0.25,29.65,16.82,12.83,5.0,
4850,2024-06-30,West,Apparel,Online,Corporate,10,66.1,0.1,699.01,480.84,218.17,3.0,1.0
857,2024-07-01,West,Accessories,Retail,Corporate,11,17.22,0.0,189.42,123.45,65.97,,3.0
2263,2024-07-01,North,Accessories,Retail,Consumer,5,45.81,0.0,229.05,144.92,84.13,8.0,1.0
71,2024-07-02,South,Apparel,Online,Corporate,4,38.08,0.05,144.7,96.23,48.47,11.0,2.0
104,2024-07-02,North,Accessories,Online,Consumer,11,65.63,0.0,721.93,467.03,254.9,4.0,1.0
771,2024-07-02,East,Apparel,Online,Corporate,7,46.75,0.0,327.25,206.53,120.72,4.0,5.0
2013,2024-07-02,West,Outerwear,Wholesale,Consumer,144,41.32,0.0,5950.08,3652.8,2297.28,9.0,4.0
3354,2024-07-02,West,Outerwear,Online,Corporate,6,55.85,0.0,335.1,196.18,138.92,4.0,5.0
3904,2024-07-02,West,Footwear,Retail,Consumer,7,57.13,0.0,399.91,252.34,147.57,3.0,2.0
348,2024-07-03,South,Footwear,Online,Corporate,3,49.11,0.25,110.5,63.22,47.28,,1.0
510,2024-07-03,East,Apparel,Online,Corporate,8,25.66,0.0,205.28,141.09,64.19,5.0,
2615,2024-07-03,South,Footwear,Online,Consumer,3,99.48,0.0,298.44,171.37,127.07,12.0,2.0
3217,2024-07-03,West,Footwear,Online,Consumer,5,17.71,0.1,79.7,50.5,29.2,12.0,5.0
3757,2024-07-03,South,Outerwear,Retail,Consumer,2,24.89,0.0,49.78,33.65,16.13,10.0,1.0
4264,2024-07-03,East,Apparel,Wholesale,Consumer,339,26.9,0.15,7751.24,4900.45,2850.79,9.0,4.0
206,2024-07-04,East,Accessories,Retail,Home Office,3,73.11,0.05,208.36,141.78,66.58,3.0,4.0
1115,2024-07-04,East,Outerwear,Retail,Home Office,2,36.29,0.15,61.69,34.91,26.78,9.0,
1251,2024-07-04,West,Apparel,Retail,Consumer,1,38.6,0.0,38.6,24.4,14.2,3.0,5.0
1490,2024-07-04,West,Apparel,Online,Corporate,2,69.27,0.05,131.61,72.71,58.9,13.0,
2261,2024-07-04,North,Accessories,Wholesale,Corporate,121,45.18,0.15,4646.76,2778.61,1868.15,5.0,3.0
4711,2024-07-04,East,Footwear,Online,Corporate,4,34.1,0.0,136.4,90.0,46.4,9.0,2.0
4967,2024-07-04,North,Apparel,Retail,Consumer,6,35.99,0.0,215.94,134.89,81.05,13.0,1.0
1180,2024-07-05,North,Apparel,Online,Consumer,9,79.66,0.0,716.94,418.59,298.35,5.0,
1879,2024-07-05,West,Accessories,Online,Consumer,8,107.87,0.0,862.96,560.22,302.74,7.0,
2059,2024-07-05,West,Outerwear,Retail,Consumer,7,85.1,0.15,506.34,301.32,205.02,4.0,5.0
2979,2024-07-05,West,Apparel,Online,Consumer,11,36.68,0.0,403.48,273.99,129.49,12.0,5.0
3928,2024-07-05,North,Apparel,Online,Consumer,7,30.48,0.0,213.36,136.37,76.99,8.0,5.0
4278,2024-07-05,South,Outerwear,Online,Corporate,4,138.48,0.15,470.83,287.98,182.85,9.0,5.0
4671,2024-07-05,West,Outerwear,Online,Consumer,7,80.41,0.0,562.87,367.71,195.16,3.0,5.0
123,2024-07-06,South,Accessories,Online,Home Office,6,21.35,0.0,128.1,79.48,48.62,,1.0
306,2024-07-06,North,Accessories,Online,Home Office,1,16.79,0.05,15.95,9.78,6.17,7.0,
344,2024-07-06,North,Apparel,Wholesale,Consumer,382,150.64,0.15,48912.81,32266.32,16646.49,5.0,
474,2024-07-06,East,Apparel,Online,Consumer,7,46.61,0.0,326.27,190.54,135.73,14.0,
1013,2024-07-06,South,Apparel,Retail,Home Office,2,31.64,0.0,63.28,37.91,25.37,14.0,
1273,2024-07-06,West,Apparel,Retail,Consumer,11,59.45,0.25,490.46,327.33,163.13,8.0,1.0
1427,2024-07-06,South,Footwear,Online,Consumer,9,53.57,0.05,458.02,277.16,180.86,13.0,2.0
1513,2024-07-06,West,Apparel,Retail,Home Office,10,176.99,0.0,1769.9,1141.02,628.88,5.0,1.0
2542,2024-07-06,East,Apparel,Online,Consumer,1,86.61,0.0,86.61,59.89,26.72,12.0,
3715,2024-07-06,South,Accessories,Retail,Corporate,7,104.46,0.05,694.66,395.16,299.5,14.0,1.0
4605,2024-07-06,West,Accessories,Retail,Consumer,7,142.32,0.0,996.24,657.18,339.06,6.0,5.0
165,2024-07-07,South,Apparel,Retail,Consumer,4,73.87,0.0,295.48,184.55,110.93,,
644,2024-07-07,East,Apparel,Online,Consumer,6,99.09,0.1,535.09,365.9,169.19,1.0,1.0
669,2024-07-07,North,Outerwear,Retail,Corporate,9,78.17,0.1,633.18,368.36,264.82,10.0,5.0
3429,2024-07-07,West,Apparel,Retail,Consumer,10,22.17,0.05,210.62,137.42,73.2,9.0,3.0
4101,2024-07-07,West,Accessories,Online,Consumer,11,43.2,0.0,475.2,287.32,187.88,,2.0
417,2024-07-08,North,Footwear,Online,Consumer,11,35.81,0.15,334.82,203.61,131.21,8.0,1.0
944,2024-07-08,North,Footwear,Online,Consumer,1,52.95,0.25,39.71,24.29,15.42,7.0,
1224,2024-07-08,North,Outerwear,Retail,Consumer,10,76.35,0.0,763.5,518.45,245.05,6.0,5.0
1697,2024-07-08,South,Apparel,Retail,Consumer,6,43.18,0.05,246.13,172.54,73.59,7.0,
2002,2024-07-08,East,Accessories,Retail,Corporate,3,28.74,0.0,86.22,54.56,31.66,10.0,1.0
2095,2024-07-08,East,Footwear,Wholesale,Consumer,165,43.97,0.05,6892.3,4114.16,2778.14,3.0,2.0
3639,2024-07-08,North,Outerwear,Retail,Consumer,5,81.73,0.0,408.65,246.36,162.29,11.0,
3968,2024-07-08,North,Apparel,Online,Corporate,8,42.32,0.1,304.7,194.79,109.91,,
4568,2024-07-08,South,Footwear,Wholesale,Home Office,381,30.99,0.15,10036.11,6585.53,3450.58,8.0,3.0
158,2024-07-09,East,Apparel,Online,Consumer,4,49.44,0.0,197.76,124.78,72.98,4.0,5.0
309,2024-07-09,North,Footwear,Online,Home Office,1,34.34,0.25,25.76,17.68,8.08,,5.0
1880,2024-07-09,East,Accessories,Online,Corporate,1,85.4,0.05,81.13,53.85,27.28,6.0,3.0
3066,2024-07-09,East,Footwear,Online,Consumer,1,109.07,0.1,98.16,59.52,38.64,1.0,2.0
3853,2024-07-09,North,Apparel,Online,Consumer,11,99.77,0.1,987.72,658.89,328.83,8.0,
4569,2024-07-09,West,Apparel,Retail,Corporate,1,15.09,0.05,14.34,9.23,5.11,10.0,4.0
155,2024-07-10,East,Apparel,Online,Consumer,11,52.9,0.0,581.9,358.25,223.65,13.0,2.0
1864,2024-07-10,North,Footwear,Online,Consumer,11,50.12,0.15,468.62,313.2,155.42,6.0,1.0
1969,2024-07-10,South,Apparel,Online,Corporate,8,27.25,0.0,218.0,144.56,73.44,3.0,5.0
2356,2024-07-10,West,Accessories,Wholesale,Consumer,318,47.81,0.1,13683.22,7799.76,5883.46,6.0,2.0
2620,2024-07-10,East,Apparel,Wholesale,Corporate,310,41.8,0.0,12958.0,8080.32,4877.68,4.0,
2816,2024-07-10,South,Footwear,Retail,Consumer,2,100.55,0.0,201.1,125.95,75.15,4.0,2.0
3956,2024-07-10,East,Accessories,Retail,Corporate,1,36.71,0.15,31.2,19.15,12.05,7.0,4.0
4095,2024-07-10,South,Outerwear,Online,Consumer,4,43.28,0.25,129.84,80.37,49.47,6.0,
1735,2024-07-11,North,Apparel,Online,Consumer,6,63.66,0.1,343.76,219.29,124.47,7.0,
2861,2024-07-11,North,Footwear,Online,Corporate,9,44.47,0.0,400.23,216.66,183.57,10.0,1.0
4352,2024-07-11,North,Apparel,Retail,Consumer,9,21.8,0.0,196.2,117.1,79.1,4.0,3.0
4448,2024-07-11,East,Outerwear,Wholesale,Consumer,225,43.93,0.0,9884.25,5978.78,3905.47,14.0,5.0
1788,2024-07-12,South,Apparel,Online,Consumer,8,25.53,0.05,194.03,122.2,71.83,11.0,4.0
1860,2024-07-12,North,Apparel,Online,Consumer,8,67.32,0.25,403.92,242.22,161.7,4.0,
2821,2024-07-12,South,Apparel,Online,Consumer,11,40.27,0.0,442.97,245.14,197.83,14.0,5.0
4464,2024-07-12,East,Apparel,Online,Home Office,10,18.07,0.1,162.63,105.78,56.85,10.0,4.0
2293,2024-07-13,North,Apparel,Retail,Consumer,6,23.83,0.0,142.98,87.6,55.38,5.0,3.0
2611,2024-07-13,North,Apparel,Online,Consumer,5,34.52,0.25,129.45,76.32,53.13,9.0,5.0
2945,2024-07-13,North,Outerwear,Retail,Consumer,9,57.22,0.05,489.23,309.3,179.93,,
3279,2024-07-13,South,Accessories,Wholesale,Consumer,274,17.06,0.15,3973.27,2410.59,1562.68,10.0,3.0
4161,2024-07-13,South,Apparel,Online,Consumer,9,69.47,0.0,625.23,400.45,224.78,3.0,
4930,2024-07-13,West,Apparel,Wholesale,Corporate,204,57.06,0.1,10476.22,5931.82,4544.4,6.0,
1449,2024-07-14,East,Apparel,Online,Corporate,1,76.75,0.0,76.75,44.58,32.17,,1.0
1664,2024-07-14,South,Outerwear,Online,Corporate,10,32.56,0.05,309.32,177.97,131.35,5.0,2.0
2525,2024-07-14,East,Apparel,Retail,Consumer,5,34.64,0.0,173.2,105.62,67.58,8.0,
2813,2024-07-14,North,Outerwear,Retail,Consumer,9,98.48,0.0,886.32,520.64,365.68,14.0,1.0
2972,2024-07-14,South,Apparel,Online,Consumer,3,21.65,0.1,58.45,35.48,22.97,1.0,3.0
3344,2024-07-14,North,Apparel,Wholesale,Consumer,397,62.0,0.0,24614.0,13364.45,11249.55,1.0,1.0
3974,2024-07-14,West,Apparel,Retail,Home Office,8,26.03,0.1,187.42,108.0,79.42,7.0,1.0
4370,2024-07-14,North,Footwear,Online,Consumer,5,42.08,0.05,199.88,134.45,65.43,2.0,5.0
557,2024-07-15,North,Apparel,Retail,Consumer,1,36.83,0.0,36.83,21.74,15.09,13.0,
1295,2024-07-15,East,Footwear,Online,Corporate,1,67.64,0.0,67.64,40.84,26.8,14.0,1.0
1367,2024-07-15,West,Footwear,Wholesale,Consumer,398,21.19,0.15,7168.58,4222.5,2946.08,13.0,5.0
1516,2024-07-15,North,Apparel,Retail,Consumer,8,60.63,0.05,460.79,306.88,153.91,11.0,2.0
1916,2024-07-15,East,Apparel,Online,Consumer,10,35.76,0.25,268.2,177.3,90.9,14.0,2.0
4113,2024-07-15,South,Apparel,Online,Consumer,6,102.51,0.15,522.8,284.05,238.75,13.0,4.0
4683,2024-07-15,West,Accessories,Online,Consumer,3,27.76,0.0,83.28,46.37,36.91,12.0,
403,2024-07-16,East,Accessories,Online,Consumer,1,59.45,0.15,50.53,32.73,17.8,12.0,1.0
1001,2024-07-16,South,Footwear,Retail,Home Office,2,60.23,0.05,114.44,62.4,52.04,1.0,4.0
1197,2024-07-16,North,Accessories,Online,Consumer,11,41.25,0.0,453.75,311.76,141.99,2.0,2.0
1625,2024-07-16,North,Footwear,Retail,Consumer,11,43.36,0.0,476.96,318.34,158.62,2.0,1.0
2146,2024-07-16,South,Apparel,Online,Consumer,4,67.99,0.1,244.76,155.77,88.99,6.0,1.0
2342,2024-07-16,East,Apparel,Retail,Consumer,6,68.41,0.25,307.84,179.21,128.63,1.0,3.0
2755,2024-07-16,West,Footwear,Wholesale,Corporate,287,16.48,0.05,4493.27,2783.5,1709.77,5.0,1.0
7,2024-07-17,South,Footwear,Retail,Consumer,5,21.53,0.0,107.65,74.67,32.98,14.0,1.0
744,2024-07-17,North,Apparel,Online,Consumer,11,90.07,0.0,990.77,614.8,375.97,6.0,1.0
1241,2024-07-17,West,Footwear,Online,Corporate,2,94.23,0.15,160.19,99.73,60.46,,2.0
1577,2024-07-17,East,Footwear,Retail,Consumer,2,56.79,0.05,107.9,65.13,42.77,12.0,2.0
2135,2024-07-17,South,Footwear,Retail,Consumer,11,18.31,0.05,191.34,123.02,68.32,3.0,
2348,2024-07-17,North,Footwear,Online,Consumer,3,47.56,0.0,142.68,77.53,65.15,13.0,
2899,2024-07-17,South,Apparel,Online,Corporate,5,57.04,0.0,285.2,181.78,103.42,6.0,
2927,2024-07-17,North,Accessories,Retail,Consumer,11,54.67,0.0,601.37,344.58,256.79,1.0,1.0
1571,2024-07-18,North,Footwear,Online,Consumer,9,51.18,0.1,414.56,272.9,141.66,4.0,3.0
1627,2024-07-18,North,Apparel,Retail,Home Office,11,33.6,0.1,332.64,218.66,113.98,14.0,
3477,2024-07-18,North,Footwear,Online,Consumer,5,76.57,0.1,344.56,203.41,141.15,9.0,
3654,2024-07-18,South,Footwear,Online,Consumer,8,65.58,0.05,498.41,344.13,154.28,,3.0
4371,2024-07-18,West,Apparel,Online,Consumer,5,89.43,0.0,447.15,285.25,161.9,14.0,4.0
197,2024-07-19,South,Footwear,Online,Consumer,2,54.04,0.0,108.08,56.47,51.61,2.0,3.0
1067,2024-07-19,North,Apparel,Retail,Consumer,11,80.05,0.0,880.55,610.42,270.13,5.0,2.0
1791,2024-07-19,North,Outerwear,Online,Consumer,1,110.16,0.15,93.64,55.63,38.01,13.0,
1853,2024-07-19,South,Footwear,Retail,Consumer,11,42.58,0.0,468.38,323.67,144.71,10.0,2.0
2749,2024-07-19,East,Apparel,Retail,Consumer,4,29.67,0.1,106.81,61.56,45.25,12.0,
2811,2024-07-19,North,Footwear,Online,Consumer,8,116.65,0.0,933.2,575.99,357.21,8.0,5.0
3517,2024-07-19,North,Apparel,Online,Consumer,10,80.72,0.15,686.12,419.75,266.37,11.0,
3641,2024-07-19,North,Apparel,Online,Home Office,3,49.14,0.05,140.05,90.4,49.65,,1.0
4137,2024-07-19,South,Apparel,Wholesale,Corporate,86,39.43,0.0,3390.98,2098.82,1292.16,13.0,1.0
84,2024-07-20,South,Apparel,Online,Consumer,3,75.19,0.0,225.57,134.67,90.9,3.0,4.0
823,2024-07-20,North,Footwear,Retail,Consumer,4,95.17,0.1,342.61,223.59,119.02,5.0,5.0
1096,2024-07-20,South,Outerwear,Online,Consumer,11,49.61,0.1,491.14,302.66,188.48,,5.0
2971,2024-07-20,South,Footwear,Retail,Consumer,7,28.7,0.0,200.9,114.88,86.02,1.0,1.0
3552,2024-07-20,South,Outerwear,Wholesale,Consumer,319,46.12,0.0,14712.28,8944.62,5767.66,7.0,5.0
3977,2024-07-20,North,Accessories,Online,Corporate,11,68.95,0.0,758.45,486.07,272.38,2.0,3.0
4043,2024-07-20,South,Footwear,Online,Corporate,7,91.59,0.1,577.02,346.62,230.4,2.0,5.0
4305,2024-07-20,North,Apparel,Retail,Corporate,1,45.59,0.1,41.03,22.36,18.67,13.0,2.0
4386,2024-07-20,South,Footwear,Online,Consumer,6,99.27,0.0,595.62,344.03,251.59,,1.0
4703,2024-07-20,North,Outerwear,Retail,Home Office,4,67.78,0.0,271.12,168.29,102.83,6.0,5.0
4821,2024-07-20,East,Accessories,Online,Consumer,10,62.95,0.0,629.5,398.46,231.04,5.0,3.0
626,2024-07-21,North,Apparel,Online,Consumer,8,119.21,0.0,953.68,572.54,381.14,12.0,
1284,2024-07-21,South,Outerwear,Online,Corporate,9,54.14,0.0,487.26,290.11,197.15,13.0,5.0
4211,2024-07-21,North,Apparel,Retail,Consumer,9,48.94,0.0,440.46,257.22,183.24,13.0,
283,2024-07-22,West,Footwear,Retail,Consumer,11,44.45,0.0,488.95,304.68,184.27,7.0,4.0
702,2024-07-22,West,Outerwear,Online,Corporate,5,24.84,0.05,117.99,69.91,48.08,6.0,1.0
1161,2024-07-22,West,Accessories,Online,Corporate,2,61.86,0.0,123.72,78.0,45.72,9.0,4.0
2160,2024-07-22,East,Outerwear,Retail,Consumer,5,14.1,0.0,70.5,43.63,26.87,12.0,2.0
2173,2024-07-22,South,Apparel,Wholesale,Home Office,345,45.45,0.1,14112.23,7150.99,6961.24,14.0,3.0
2637,2024-07-22,South,Outerwear,Retail,Consumer,8,51.79,0.25,310.74,200.71,110.03,4.0,5.0
2780,2024-07-22,West,Footwear,Online,Corporate,9,80.44,0.0,723.96,462.91,261.05,,2.0
3468,2024-07-22,West,Apparel,Retail,Corporate,8,18.87,0.0,150.96,87.73,63.23,12.0,
3736,2024-07-22,West,Accessories,Online,Consumer,5,80.51,0.25,301.91,194.17,107.74,10.0,5.0
174,2024-07-23,West,Footwear,Retail,Consumer,3,16.27,0.0,48.81,27.82,20.99,2.0,2.0
230,2024-07-23,East,Footwear,Online,Home Office,6,47.93,0.15,244.44,144.48,99.96,6.0,2.0
4158,2024-07-23,North,Apparel,Online,Corporate,9,138.77,0.1,1124.04,663.35,460.69,7.0,3.0
4871,2024-07-23,South,Footwear,Online,Consumer,7,51.53,0.0,360.71,228.36,132.35,7.0,1.0
4905,2024-07-23,East,Footwear,Online,Consumer,9,63.99,0.0,575.91,395.31,180.6,3.0,4.0
266,2024-07-24,West,Footwear,Online,Corporate,6,49.15,0.0,294.9,195.25,99.65,9.0,
1588,2024-07-24,West,Accessories,Online,Consumer,1,69.57,0.0,69.57,46.29,23.28,3.0,
1744,2024-07-24,West,Apparel,Retail,Corporate,9,88.58,0.15,677.64,454.48,223.16,1.0,
2394,2024-07-24,East,Accessories,Online,Consumer,6,76.89,0.0,461.34,300.66,160.68,6.0,1.0
2998,2024-07-24,East,Outerwear,Online,Consumer,11,206.3,0.05,2155.84,1274.09,881.75,1.0,3.0
4487,2024-07-24,North,Footwear,Online,Corporate,11,68.97,0.0,758.67,485.32,273.35,,4.0
1003,2024-07-25,West,Apparel,Retail,Consumer,1,78.18,0.0,78.18,48.54,29.64,13.0,5.0
1124,2024-07-25,North,Accessories,Online,Corporate,7,68.68,0.0,480.76,273.54,207.22,7.0,1.0
1298,2024-07-25,South,Accessories,Online,Home Office,4,37.03,0.0,148.12,91.69,56.43,1.0,
1552,2024-07-25,North,Footwear,Retail,Consumer,6,26.12,0.0,156.72,93.02,63.7,3.0,4.0
1611,2024-07-25,South,Apparel,Retail,Consumer,10,94.63,0.1,851.67,543.18,308.49,13.0,4.0
1875,2024-07-25,North,Apparel,Online,Home Office,9,125.1,0.0,1125.9,699.2,426.7,2.0,4.0
3419,2024-07-25,West,Accessories,Retail,Consumer,8,92.62,0.1,666.86,414.45,252.41,7.0,4.0
3496,2024-07-25,East,Accessories,Online,Home Office,10,44.72,0.0,447.2,259.24,187.96,6.0,3.0
833,2024-07-26,West,Footwear,Retail,Consumer,1,33.03,0.0,33.03,21.0,12.03,7.0,2.0
839,2024-07-26,East,Apparel,Retail,Home Office,11,41.47,0.0,456.17,261.49,194.68,2.0,3.0
1521,2024-07-26,South,Apparel,Retail,Corporate,2,21.24,0.0,42.48,24.38,18.1,13.0,1.0
1582,2024-07-26,North,Footwear,Online,Corporate,9,31.27,0.0,281.43,153.3,128.13,8.0,3.0
4046,2024-07-26,South,Accessories,Online,Consumer,9,11.41,0.0,102.69,70.96,31.73,1.0,4.0
787,2024-07-27,North,Footwear,Online,Consumer,1,36.91,0.05,35.06,20.38,14.68,2.0,1.0
3494,2024-07-27,East,Footwear,Online,Consumer,2,44.79,0.15,76.14,50.52,25.62,9.0,3.0
3796,2024-07-27,South,Footwear,Wholesale,Consumer,238,78.79,0.0,18752.02,12225.52,6526.5,14.0,
4017,2024-07-27,West,Footwear,Online,Corporate,3,65.96,0.0,197.88,117.68,80.2,14.0,
4674,2024-07-27,West,Footwear,Online,Consumer,11,35.3,0.0,388.3,223.01,165.29,14.0,
4731,2024-07-27,West,Accessories,Online,Home Office,8,41.66,0.05,316.62,191.26,125.36,1.0,2.0
767,2024-07-28,West,Outerwear,Retail,Corporate,3,83.05,0.05,236.69,147.24,89.45,4.0,4.0
1285,2024-07-28,South,Outerwear,Retail,Corporate,10,103.98,0.0,1039.8,649.28,390.52,11.0,2.0
1667,2024-07-28,North,Apparel,Wholesale,Consumer,132,85.42,0.0,11275.44,6658.5,4616.94,7.0,1.0
1738,2024-07-28,West,Apparel,Wholesale,Home Office,381,15.35,0.0,5848.35,3757.32,2091.03,14.0,
3077,2024-07-28,South,Footwear,Wholesale,Corporate,81,96.36,0.1,7024.64,4680.34,2344.3,14.0,5.0
2283,2024-07-29,West,Outerwear,Wholesale,Consumer,172,73.47,0.05,12005.0,7114.07,4890.93,1.0,2.0
2291,2024-07-29,West,Apparel,Online,Home Office,6,95.6,0.25,430.2,256.78,173.42,5.0,
3187,2024-07-29,North,Footwear,Online,Home Office,11,65.53,0.15,612.71,399.61,213.1,7.0,3.0
3727,2024-07-29,North,Apparel,Wholesale,Corporate,45,70.77,0.0,3184.65,1893.0,1291.65,1.0,2.0
4848,2024-07-29,North,Footwear,Online,Consumer,6,40.03,0.05,228.17,135.86,92.31,11.0,
209,2024-07-30,South,Footwear,Retail,Corporate,10,61.22,0.0,612.2,372.97,239.23,5.0,1.0
339,2024-07-30,North,Accessories,Retail,Consumer,5,67.54,0.1,303.93,171.56,132.37,14.0,4.0
977,2024-07-30,West,Accessories,Online,Home Office,9,79.01,0.25,533.32,361.04,172.28,11.0,5.0
1447,2024-07-30,North,Outerwear,Online,Consumer,6,40.86,0.0,245.16,147.5,97.66,2.0,1.0
2340,2024-07-30,East,Footwear,Wholesale,Home Office,300,105.1,0.0,31530.0,21029.63,10500.37,13.0,
2757,2024-07-30,East,Footwear,Wholesale,Consumer,73,20.98,0.15,1301.81,841.45,460.36,8.0,
3054,2024-07-30,East,Outerwear,Online,Consumer,9,27.6,0.0,248.4,139.44,108.96,,3.0
3861,2024-07-30,North,Outerwear,Online,Consumer,8,79.5,0.05,604.2,380.77,223.43,6.0,
4454,2024-07-30,West,Accessories,Online,Consumer,2,125.31,0.1,225.56,117.43,108.13,5.0,
721,2024-07-31,North,Accessories,Retail,Consumer,5,47.42,0.15,201.54,120.0,81.54,1.0,
770,2024-07-31,North,Footwear,Online,Consumer,5,42.94,0.0,214.7,113.84,100.86,,1.0
3992,2024-07-31,North,Footwear,Retail,Consumer,2,14.28,0.0,28.56,19.74,8.82,,
4374,2024-07-31,East,Accessories,Retail,Consumer,5,50.64,0.0,253.2,158.9,94.3,14.0,4.0
4700,2024-07-31,North,Footwear,Online,Corporate,9,84.09,0.1,681.13,446.5,234.63,3.0,3.0
4781,2024-07-31,South,Footwear,Online,Corporate,10,57.81,0.05,549.2,359.91,189.29,2.0,2.0
1160,2024-08-01,South,Outerwear,Online,Consumer,6,68.52,0.15,288.3,191.35,96.95,,
1221,2024-08-01,South,Outerwear,Wholesale,Consumer,219,125.34,0.0,22645.8,14623.8,8022.0,5.0,3.0
1599,2024-08-01,South,Apparel,Retail,Home Office,11,66.28,0.15,511.27,336.38,174.89,2.0,
2532,2024-08-01,East,Accessories,Online,Home Office,1,117.36,0.05,91.98,54.79,37.19,3.0,
3069,2024-08-01,North,Outerwear,Retail,Corporate,3,86.34,0.0,213.69,135.37,78.32,12.0,2.0
3237,2024-08-01,North,Apparel,Online,Consumer,2,115.53,0.05,181.09,113.47,67.62,12.0,4.0
4304,2024-08-01,East,Footwear,Online,Consumer,11,32.59,0.0,295.75,187.6,108.15,7.0,2.0
2049,2024-08-02,East,Accessories,Online,Home Office,9,30.76,0.0,228.39,129.69,98.7,11.0,1.0
2301,2024-08-02,East,Apparel,Wholesale,Consumer,64,45.76,0.1,2174.52,1337.93,836.59,11.0,4.0
2859,2024-08-02,East,Apparel,Retail,Consumer,4,40.7,0.0,134.31,77.36,56.95,3.0,
4927,2024-08-02,South,Footwear,Retail,Corporate,3,27.91,0.0,69.08,42.14,26.94,5.0,1.0
4942,2024-08-02,South,Outerwear,Online,Corporate,8,85.52,0.05,536.21,354.98,181.23,4.0,
4965,2024-08-02,North,Accessories,Wholesale,Corporate,310,25.44,0.0,6506.28,3892.72,2613.56,13.0,1.0
2382,2024-08-03,North,Apparel,Online,Consumer,1,90.45,0.0,74.62,45.93,28.69,3.0,5.0
2617,2024-08-03,East,Footwear,Retail,Home Office,7,49.56,0.0,286.21,176.55,109.66,9.0,2.0
4635,2024-08-03,South,Apparel,Retail,Consumer,11,29.27,0.1,239.06,149.9,89.16,7.0,2.0
665,2024-08-04,North,Apparel,Retail,Corporate,9,42.46,0.0,315.27,188.74,126.53,6.0,5.0
1079,2024-08-04,South,Accessories,Online,Corporate,3,70.3,0.1,156.59,85.74,70.85,5.0,
1761,2024-08-04,West,Accessories,Wholesale,Corporate,369,25.67,0.05,7423.86,4728.79,2695.07,1.0,1.0
2739,2024-08-04,North,Outerwear,Retail,Corporate,9,30.16,0.0,223.94,144.58,79.36,11.0,2.0
3385,2024-08-04,South,Accessories,Online,Consumer,4,58.69,0.0,193.68,111.0,82.68,13.0,1.0
3607,2024-08-04,East,Accessories,Online,Consumer,10,52.45,0.1,389.44,252.23,137.21,7.0,
4612,2024-08-04,West,Apparel,Online,Consumer,8,93.17,0.05,584.18,348.53,235.65,,2.0
4813,2024-08-04,East,Apparel,Retail,Corporate,1,38.92,0.05,30.5,19.58,10.92,5.0,
3702,2024-08-05,South,Outerwear,Online,Consumer,5,24.23,0.15,84.96,50.39,34.57,7.0,3.0
3859,2024-08-05,East,Outerwear,Wholesale,Consumer,119,115.75,0.0,11363.76,6613.7,4750.06,5.0,4.0
4225,2024-08-05,West,Footwear,Online,Consumer,3,117.35,0.05,275.92,158.45,117.47,9.0,5.0
1332,2024-08-06,North,Apparel,Online,Home Office,3,48.7,0.0,120.53,73.17,47.36,,5.0
2191,2024-08-06,South,Accessories,Wholesale,Home Office,222,52.87,0.15,8230.67,4874.56,3356.11,4.0,3.0
3092,2024-08-06,East,Outerwear,Retail,Consumer,9,40.01,0.0,297.07,196.54,100.53,8.0,4.0
759,2024-08-07,North,Apparel,Online,Consumer,2,38.49,0.15,53.98,32.29,21.69,10.0,4.0
1281,2024-08-07,South,Apparel,Online,Consumer,4,35.08,0.0,115.76,64.46,51.3,7.0,5.0
1341,2024-08-07,West,Accessories,Online,Corporate,4,67.61,0.0,223.11,149.09,74.02,13.0,3.0
1379,2024-08-07,North,Footwear,Online,Home Office,4,30.04,0.1,89.22,54.08,35.14,5.0,3.0
2136,2024-08-07,South,Outerwear,Retail,Consumer,8,22.53,0.05,141.26,90.19,51.07,2.0,
2203,2024-08-07,East,Footwear,Online,Corporate,3,88.87,0.0,219.95,127.02,92.93,10.0,4.0
3627,2024-08-07,West,Apparel,Online,Consumer,10,36.03,0.1,267.52,181.15,86.37,9.0,5.0
3660,2024-08-07,East,Outerwear,Online,Home Office,5,58.72,0.0,242.22,138.88,103.34,5.0,1.0
4346,2024-08-07,West,Apparel,Online,Consumer,10,38.47,0.0,317.38,187.44,129.94,4.0,2.0
4667,2024-08-07,North,Footwear,Online,Consumer,1,37.63,0.1,27.94,18.26,9.68,2.0,1.0
4846,2024-08-07,North,Accessories,Retail,Consumer,3,72.74,0.1,162.03,96.7,65.33,14.0,3.0
81,2024-08-08,West,Accessories,Online,Consumer,6,70.57,0.0,349.32,195.33,153.99,14.0,
167,2024-08-08,East,Accessories,Retail,Consumer,4,15.33,0.0,50.59,32.75,17.84,6.0,
1342,2024-08-08,West,Apparel,Wholesale,Consumer,75,41.85,0.05,2460.0,1466.8,993.2,11.0,
1372,2024-08-08,West,Outerwear,Online,Consumer,3,38.66,0.15,81.33,47.75,33.58,2.0,2.0
2243,2024-08-08,North,Apparel,Retail,Consumer,1,34.38,0.05,26.95,15.75,11.2,12.0,2.0
2826,2024-08-08,South,Apparel,Retail,Corporate,5,73.24,0.25,226.59,154.41,72.18,13.0,5.0
3073,2024-08-08,South,Footwear,Retail,Consumer,3,194.85,0.0,482.25,284.53,197.72,10.0,
4734,2024-08-08,South,Footwear,Online,Corporate,4,69.57,0.0,229.58,150.75,78.83,9.0,3.0
717,2024-08-09,South,Footwear,Online,Corporate,10,49.86,0.0,411.34,263.97,147.37,12.0,4.0
750,2024-08-09,East,Footwear,Online,Home Office,5,117.06,0.0,482.87,307.6,175.27,1.0,5.0
817,2024-08-09,North,Accessories,Retail,Consumer,2,82.74,0.15,116.04,70.33,45.71,8.0,5.0
1305,2024-08-09,East,Footwear,Online,Consumer,1,23.59,0.0,19.46,12.01,7.45,8.0,1.0
1370,2024-08-09,West,Apparel,Retail,Corporate,1,48.93,0.0,40.37,23.13,17.24,3.0,5.0
2200,2024-08-09,East,Footwear,Retail,Consumer,4,51.84,0.0,171.07,103.98,67.09,8.0,4.0
2395,2024-08-09,East,Footwear,Online,Consumer,1,100.44,0.1,74.58,51.74,22.84,14.0,3.0
2514,2024-08-09,East,Apparel,Retail,Consumer,5,45.34,0.0,187.03,114.15,72.88,10.0,4.0
2764,2024-08-09,North,Outerwear,Retail,Consumer,7,20.04,0.05,109.94,66.85,43.09,9.0,
303,2024-08-10,East,Apparel,Retail,Consumer,6,58.57,0.25,217.44,132.43,85.01,1.0,4.0
791,2024-08-10,East,Footwear,Retail,Corporate,2,36.86,0.0,60.82,39.95,20.87,6.0,3.0
1961,2024-08-10,North,Footwear,Retail,Corporate,9,73.51,0.0,545.81,337.89,207.92,5.0,4.0
2069,2024-08-10,West,Footwear,Online,Consumer,1,52.54,0.0,43.35,27.77,15.58,12.0,2.0
2526,2024-08-10,South,Apparel,Online,Consumer,7,51.24,0.0,295.91,170.7,125.21,11.0,2.0
2649,2024-08-10,West,Accessories,Retail,Consumer,2,19.22,0.05,30.13,20.02,10.11,3.0,
4534,2024-08-10,East,Footwear,Retail,Consumer,9,122.39,0.15,772.43,484.13,288.3,6.0,5.0
137,2024-08-11,East,Accessories,Retail,Consumer,6,89.72,0.0,444.11,238.35,205.76,,4.0
228,2024-08-11,East,Accessories,Retail,Consumer,7,39.32,0.0,227.07,137.51,89.56,14.0,3.0
1019,2024-08-11,North,Outerwear,Retail,Corporate,5,78.62,0.15,275.66,187.39,88.27,1.0,5.0
2033,2024-08-11,West,Apparel,Retail,Consumer,9,66.8,0.0,495.99,318.42,177.57,6.0,3.0
2531,2024-08-11,South,Footwear,Online,Corporate,2,73.17,0.1,108.66,61.73,46.93,13.0,1.0
3630,2024-08-11,North,Accessories,Online,Consumer,4,115.0,0.05,360.52,230.16,130.36,11.0,4.0
4290,2024-08-11,North,Apparel,Online,Home Office,5,63.46,0.0,261.77,177.99,83.78,3.0,
4912,2024-08-11,West,Apparel,Online,Corporate,5,92.99,0.05,364.4,226.94,137.46,5.0,
625,2024-08-12,North,Outerwear,Retail,Home Office,7,43.67,0.0,252.19,146.9,105.29,9.0,5.0
2109,2024-08-12,South,Accessories,Online,Consumer,2,34.89,0.15,48.93,34.65,14.28,7.0,1.0
2401,2024-08-12,West,Apparel,Online,Consumer,7,23.38,0.15,114.77,66.15,48.62,8.0,5.0
4185,2024-08-12,North,Footwear,Retail,Consumer,11,64.34,0.1,525.5,348.02,177.48,1.0,5.0
427,2024-08-13,North,Footwear,Online,Consumer,2,35.97,0.0,59.35,38.62,20.73,14.0,5.0
605,2024-08-13,North,Footwear,Retail,Consumer,8,65.09,0.0,429.59,284.45,145.14,9.0,5.0
2851,2024-08-13,South,Accessories,Online,Home Office,10,60.27,0.0,497.23,286.15,211.08,4.0,1.0
3010,2024-08-13,West,Footwear,Retail,Consumer,2,72.25,0.0,119.21,71.78,47.43,8.0,3.0
3406,2024-08-13,South,Apparel,Wholesale,Home Office,235,80.38,0.0,15583.67,10003.4,5580.27,6.0,4.0
4785,2024-08-13,West,Apparel,Online,Consumer,11,48.08,0.0,436.33,287.5,148.83,11.0,
2006,2024-08-14,East,Footwear,Online,Corporate,8,100.22,0.0,661.45,419.23,242.22,12.0,3.0
2365,2024-08-14,South,Footwear,Online,Consumer,11,64.26,0.05,554.0,324.19,229.81,8.0,5.0
2756,2024-08-14,South,Footwear,Retail,Consumer,7,54.59,0.05,299.49,191.93,107.56,4.0,1.0
3873,2024-08-14,North,Accessories,Retail,Home Office,2,62.95,0.0,103.87,63.81,40.06,14.0,1.0
1638,2024-08-15,South,Footwear,Online,Consumer,10,57.58,0.25,356.28,225.3,130.98,11.0,
1995,2024-08-15,East,Accessories,Online,Consumer,5,191.51,0.1,710.98,406.68,304.3,7.0,3.0
2213,2024-08-15,West,Apparel,Wholesale,Consumer,395,66.66,0.0,21722.83,13343.53,8379.3,13.0,3.0
4050,2024-08-15,South,Accessories,Retail,Corporate,9,63.7,0.0,472.97,318.76,154.21,7.0,1.0
4962,2024-08-15,South,Apparel,Online,Consumer,1,79.48,0.0,65.57,38.89,26.68,,2.0
4989,2024-08-15,East,Footwear,Online,Consumer,8,36.11,0.0,238.33,143.26,95.07,7.0,1.0
2,2024-08-16,North,Apparel,Online,Consumer,7,49.53,0.05,271.73,180.26,91.47,9.0,3.0
395,2024-08-16,South,Outerwear,Retail,Consumer,7,39.12,0.05,214.62,121.52,93.1,1.0,4.0
494,2024-08-16,East,Footwear,Online,Consumer,10,34.9,0.05,273.53,175.39,98.14,14.0,2.0
865,2024-08-16,South,Footwear,Retail,Consumer,11,24.85,0.0,225.51,124.2,101.31,4.0,5.0
2364,2024-08-16,South,Apparel,Online,Corporate,10,54.31,0.15,380.85,206.8,174.05,9.0,
3669,2024-08-16,West,Accessories,Online,Consumer,1,57.74,0.1,42.87,26.37,16.5,1.0,2.0
3781,2024-08-16,North,Outerwear,Online,Consumer,7,57.57,0.25,249.35,159.16,90.19,13.0,5.0
4048,2024-08-16,South,Footwear,Retail,Consumer,7,49.24,0.05,270.14,159.62,110.52,12.0,4.0
4866,2024-08-16,North,Footwear,Online,Consumer,6,53.02,0.0,262.45,170.64,91.81,3.0,5.0
109,2024-08-17,East,Apparel,Online,Home Office,6,22.08,0.0,109.3,59.57,49.73,5.0,
3774,2024-08-17,South,Apparel,Online,Consumer,11,84.48,0.1,689.99,409.79,280.2,2.0,3.0
3854,2024-08-17,East,Apparel,Online,Corporate,10,37.46,0.05,293.59,192.84,100.75,5.0,1.0
1147,2024-08-18,South,Apparel,Wholesale,Consumer,346,103.78,0.0,29624.0,17402.94,12221.06,7.0,
1767,2024-08-18,East,Outerwear,Online,Corporate,11,73.54,0.0,667.38,471.02,196.36,,4.0
3355,2024-08-18,South,Outerwear,Online,Home Office,10,71.32,0.0,588.39,350.07,238.32,7.0,2.0
3753,2024-08-18,South,Outerwear,Online,Corporate,11,110.36,0.0,1001.52,645.79,355.73,11.0,
4081,2024-08-18,North,Footwear,Online,Consumer,4,51.31,0.15,143.92,86.25,57.67,11.0,4.0
86,2024-08-19,West,Outerwear,Wholesale,Corporate,366,64.88,0.1,17631.46,10145.52,7485.94,6.0,5.0
326,2024-08-19,South,Footwear,Online,Consumer,9,66.45,0.0,493.39,280.58,212.81,10.0,3.0
1301,2024-08-19,West,Accessories,Online,Consumer,11,18.26,0.0,165.71,110.66,55.05,,4.0
2678,2024-08-19,West,Apparel,Online,Consumer,1,57.55,0.0,47.48,28.21,19.27,1.0,
2954,2024-08-19,South,Footwear,Wholesale,Consumer,249,37.76,0.1,6981.16,4133.3,2847.86,1.0,
3239,2024-08-19,East,Footwear,Online,Corporate,7,27.29,0.1,141.84,96.1,45.74,1.0,2.0
3773,2024-08-19,East,Footwear,Retail,Home Office,6,41.7,0.0,206.42,113.68,92.74,3.0,4.0
397,2024-08-20,North,Apparel,Online,Home Office,5,42.94,0.0,177.13,113.29,63.84,3.0,
410,2024-08-20,South,Outerwear,Retail,Consumer,11,88.63,0.05,764.1,499.25,264.85,,2.0
699,2024-08-20,West,Apparel,Online,Home Office,1,34.81,0.0,28.72,17.37,11.35,2.0,
1489,2024-08-20,East,Footwear,Wholesale,Home Office,46,23.8,0.1,812.89,509.78,303.11,6.0,2.0
2444,2024-08-20,South,Footwear,Online,Consumer,2,52.83,0.1,78.45,48.54,29.91,4.0,4.0
2914,2024-08-20,North,Footwear,Online,Home Office,2,70.25,0.05,110.12,68.45,41.67,5.0,3.0
3082,2024-08-20,South,Footwear,Wholesale,Consumer,179,135.07,0.0,19946.46,12003.7,7942.76,,4.0
3254,2024-08-20,South,Footwear,Wholesale,Corporate,260,37.59,0.0,8063.06,5585.67,2477.39,12.0,
4425,2024-08-20,South,Outerwear,Online,Corporate,9,35.81,0.0,265.89,175.98,89.91,10.0,1.0
247,2024-08-21,West,Footwear,Online,Consumer,2,50.36,0.05,78.94,48.88,30.06,2.0,5.0
989,2024-08-21,East,Apparel,Retail,Consumer,8,101.62,0.0,670.69,402.54,268.15,6.0,4.0
1408,2024-08-21,East,Apparel,Online,Consumer,6,12.29,0.1,54.75,38.11,16.64,3.0,3.0
1771,2024-08-21,West,Accessories,Retail,Consumer,1,13.72,0.1,10.19,6.0,4.19,13.0,2.0
1897,2024-08-21,East,Apparel,Online,Home Office,6,34.26,0.1,152.63,89.86,62.77,,5.0
2775,2024-08-21,East,Accessories,Online,Consumer,10,50.16,0.0,413.82,256.23,157.59,10.0,2.0
2810,2024-08-21,West,Accessories,Retail,Consumer,4,31.03,0.05,97.28,60.45,36.83,5.0,5.0
3040,2024-08-21,West,Footwear,Retail,Consumer,1,70.18,0.1,52.11,30.74,21.37,6.0,1.0
3135,2024-08-21,East,Apparel,Online,Home Office,5,64.74,0.0,267.05,154.52,112.53,1.0,
4248,2024-08-21,South,Accessories,Online,Consumer,1,85.08,0.15,59.66,39.13,20.53,6.0,1.0
4599,2024-08-21,West,Accessories,Online,Consumer,6,88.33,0.0,437.23,300.58,136.65,,
4760,2024-08-21,East,Accessories,Online,Corporate,9,17.55,0.0,130.31,94.6,35.71,12.0,4.0
732,2024-08-22,South,Apparel,Wholesale,Consumer,135,68.28,0.1,6844.22,4323.36,2520.86,3.0,5.0
2180,2024-08-22,West,Accessories,Retail,Home Office,1,54.5,0.0,44.96,30.25,14.71,12.0,
2279,2024-08-22,South,Accessories,Online,Consumer,6,45.47,0.0,225.08,145.45,79.63,11.0,
2517,2024-08-22,West,Apparel,Retail,Consumer,9,94.71,0.0,703.22,472.66,230.56,8.0,
2974,2024-08-22,West,Accessories,Retail,Consumer,9,53.37,0.05,376.46,197.99,178.47,2.0,1.0
3700,2024-08-22,West,Apparel,Retail,Consumer,1,36.01,0.05,28.22,17.49,10.73,9.0,1.0
4897,2024-08-22,East,Footwear,Online,Home Office,7,53.26,0.15,261.44,166.8,94.64,11.0,2.0
430,2024-08-23,West,Apparel,Retail,Home Office,6,17.76,0.05,83.52,48.94,34.58,3.0,5.0
781,2024-08-23,South,Footwear,Retail,Consumer,8,38.78,0.0,255.95,167.1,88.85,3.0,3.0
1021,2024-08-23,North,Footwear,Online,Home Office,6,25.11,0.0,124.29,76.38,47.91,7.0,4.0
1364,2024-08-23,North,Accessories,Online,Consumer,10,17.93,0.1,133.13,85.08,48.05,13.0,3.0
1765,2024-08-23,North,Footwear,Wholesale,Consumer,301,26.27,0.05,6197.32,3785.02,2412.3,8.0,1.0
3048,2024-08-23,North,Outerwear,Online,Corporate,6,72.44,0.0,358.58,221.6,136.98,5.0,2.0
3647,2024-08-23,East,Apparel,Retail,Consumer,11,42.66,0.25,290.35,171.64,118.71,12.0,1.0
3922,2024-08-23,South,Apparel,Online,Home Office,8,106.91,0.0,705.61,496.58,209.03,1.0,
4063,2024-08-23,South,Footwear,Online,Consumer,3,29.45,0.15,61.96,37.57,24.39,,5.0
4891,2024-08-23,East,Footwear,Retail,Consumer,4,147.6,0.0,487.08,294.43,192.65,1.0,1.0
404,2024-08-24,South,Footwear,Retail,Consumer,5,84.3,0.15,295.58,199.89,95.69,7.0,2.0
499,2024-08-24,South,Footwear,Online,Consumer,1,106.27,0.0,87.67,54.99,32.68,12.0,2.0
1958,2024-08-24,West,Accessories,Online,Consumer,1,46.11,0.0,38.04,24.34,13.7,4.0,3.0
2367,2024-08-24,East,Apparel,Online,Corporate,5,42.18,0.0,173.99,102.3,71.69,4.0,3.0
2696,2024-08-24,West,Apparel,Online,Consumer,5,11.59,0.0,47.81,25.57,22.24,9.0,
3489,2024-08-24,East,Outerwear,Online,Corporate,2,36.03,0.0,59.45,34.6,24.85,3.0,1.0
3870,2024-08-24,East,Footwear,Online,Consumer,10,87.91,0.0,725.26,458.88,266.38,11.0,3.0
4764,2024-08-24,North,Apparel,Online,Consumer,7,32.82,0.0,189.54,122.19,67.35,1.0,5.0
1191,2024-08-25,East,Accessories,Online,Consumer,3,45.06,0.0,111.52,70.69,40.83,,3.0
3879,2024-08-25,North,Footwear,Online,Consumer,4,45.03,0.0,148.6,92.65,55.95,5.0,3.0
4347,2024-08-25,West,Footwear,Online,Corporate,6,62.35,0.0,308.63,191.08,117.55,2.0,4.0
4355,2024-08-25,North,Footwear,Online,Consumer,8,61.52,0.1,365.43,229.87,135.56,7.0,3.0
4602,2024-08-25,West,Apparel,Online,Consumer,10,52.2,0.1,387.58,228.44,159.14,5.0,
632,2024-08-26,South,Footwear,Retail,Consumer,10,30.28,0.0,249.81,145.85,103.96,14.0,3.0
727,2024-08-26,West,Apparel,Retail,Consumer,1,86.21,0.05,67.57,42.15,25.42,6.0,3.0
816,2024-08-26,North,Accessories,Retail,Consumer,2,102.27,0.05,160.31,93.54,66.77,11.0,
2197,2024-08-26,South,Apparel,Online,Corporate,4,46.96,0.0,154.97,96.48,58.49,,4.0
2529,2024-08-26,West,Apparel,Online,Home Office,9,23.85,0.0,177.09,111.99,65.1,1.0,3.0
3887,2024-08-26,East,Outerwear,Retail,Home Office,2,54.71,0.0,90.27,54.2,36.07,13.0,4.0
4107,2024-08-26,North,Apparel,Retail,Consumer,9,57.23,0.0,424.93,262.44,162.49,10.0,
1997,2024-08-27,East,Accessories,Wholesale,Consumer,265,42.93,0.0,9385.57,5738.67,3646.9,1.0,
2703,2024-08-27,West,Apparel,Retail,Corporate,10,92.06,0.0,759.5,477.34,282.16,1.0,4.0
3347,2024-08-27,South,Footwear,Online,Consumer,8,70.94,0.1,421.38,249.69,171.69,4.0,5.0
3725,2024-08-27,North,Footwear,Retail,Corporate,9,31.66,0.1,211.57,128.87,82.7,5.0,2.0
2116,2024-08-28,South,Apparel,Online,Corporate,1,77.04,0.1,57.2,34.04,23.16,1.0,3.0
3009,2024-08-28,South,Apparel,Online,Consumer,3,105.97,0.0,262.28,155.13,107.15,2.0,1.0
3215,2024-08-28,South,Apparel,Retail,Corporate,1,13.72,0.0,11.32,7.18,4.14,2.0,3.0
3351,2024-08-28,West,Outerwear,Online,Consumer,8,123.54,0.0,815.36,499.11,316.25,13.0,1.0
3364,2024-08-28,South,Footwear,Retail,Corporate,11,60.23,0.0,546.59,314.92,231.67,13.0,
3844,2024-08-28,South,Footwear,Retail,Consumer,7,88.93,0.15,436.54,288.44,148.1,11.0,3.0
542,2024-08-29,South,Apparel,Retail,Home Office,3,117.73,0.1,262.24,153.31,108.93,1.0,2.0
965,2024-08-29,West,Apparel,Retail,Home Office,10,35.71,0.0,294.61,168.99,125.62,9.0,
2311,2024-08-29,East,Footwear,Retail,Corporate,9,71.37,0.0,529.92,325.4,204.52,1.0,2.0
2573,2024-08-29,West,Footwear,Retail,Home Office,5,42.06,0.0,173.5,111.14,62.36,2.0,1.0
4589,2024-08-29,West,Apparel,Online,Home Office,5,78.6,0.0,324.22,196.45,127.77,1.0,2.0
4902,2024-08-29,West,Accessories,Online,Consumer,4,25.55,0.0,84.32,54.05,30.27,9.0,
1520,2024-08-30,South,Accessories,Online,Consumer,5,58.24,0.05,228.23,157.42,70.81,3.0,4.0
1650,2024-08-30,East,Footwear,Online,Consumer,8,79.62,0.0,525.49,308.52,216.97,8.0,
1755,2024-08-30,West,Apparel,Online,Corporate,6,69.88,0.0,345.91,213.82,132.09,7.0,5.0
3373,2024-08-30,South,Accessories,Retail,Corporate,3,52.79,0.0,130.66,75.37,55.29,5.0,4.0
642,2024-08-31,West,Accessories,Wholesale,Home Office,342,39.35,0.15,9437.21,5697.36,3739.85,8.0,5.0
1445,2024-08-31,West,Accessories,Retail,Consumer,4,81.25,0.0,268.12,166.26,101.86,12.0,3.0
3003,2024-08-31,North,Accessories,Wholesale,Consumer,337,26.83,0.0,7459.41,4321.98,3137.43,4.0,2.0
4149,2024-08-31,North,Apparel,Online,Consumer,11,48.55,0.0,440.59,300.68,139.91,13.0,2.0
4613,2024-08-31,North,Apparel,Online,Corporate,3,17.63,0.0,43.63,30.79,12.84,,3.0
4628,2024-08-31,East,Footwear,Online,Consumer,2,82.44,0.0,136.03,88.43,47.6,14.0,2.0
4960,2024-08-31,South,Footwear,Online,Home Office,9,82.1,0.0,609.59,382.57,227.02,6.0,2.0
3480,2024-09-01,North,Outerwear,Online,Corporate,3,59.22,0.15,105.24,60.1,45.14,12.0,
3804,2024-09-01,East,Outerwear,Wholesale,Corporate,266,95.33,0.15,15020.87,9629.04,5391.83,10.0,
3867,2024-09-01,East,Apparel,Wholesale,Consumer,142,53.67,0.0,5311.1,3466.46,1844.64,13.0,1.0
3897,2024-09-01,North,Outerwear,Retail,Consumer,11,37.49,0.15,244.28,157.86,86.42,13.0,3.0
4084,2024-09-01,West,Apparel,Online,Home Office,8,95.94,0.0,534.88,322.2,212.68,13.0,4.0
4694,2024-09-01,South,Apparel,Online,Consumer,1,98.62,0.0,68.73,38.22,30.51,10.0,5.0
1736,2024-09-02,West,Apparel,Retail,Consumer,6,36.47,0.0,152.49,97.09,55.4,14.0,3.0
1981,2024-09-02,North,Accessories,Online,Home Office,5,179.95,0.05,595.68,412.01,183.67,5.0,
1992,2024-09-02,South,Apparel,Retail,Consumer,4,55.26,0.05,146.34,82.98,63.36,9.0,4.0
2254,2024-09-02,West,Apparel,Retail,Consumer,6,57.13,0.0,238.88,155.38,83.5,2.0,1.0
3340,2024-09-02,West,Footwear,Retail,Consumer,5,66.31,0.0,231.05,142.0,89.05,5.0,4.0
3481,2024-09-02,North,Footwear,Wholesale,Corporate,370,35.24,0.0,9086.62,5355.71,3730.91,3.0,3.0
3943,2024-09-02,East,Footwear,Retail,Consumer,6,72.56,0.1,273.06,166.96,106.1,8.0,
4235,2024-09-02,East,Footwear,Online,Consumer,11,39.03,0.1,269.28,172.2,97.08,10.0,4.0
1086,2024-09-03,East,Accessories,Online,Consumer,2,38.4,0.0,53.52,32.11,21.41,7.0,1.0
1192,2024-09-03,West,Footwear,Wholesale,Consumer,263,103.02,0.05,17937.66,11979.06,5958.6,5.0,5.0
2081,2024-09-03,South,Accessories,Retail,Home Office,1,67.16,0.15,39.78,23.11,16.67,8.0,3.0
2495,2024-09-03,North,Outerwear,Wholesale,Consumer,291,108.22,0.1,19751.86,13338.81,6413.05,12.0,5.0
2504,2024-09-03,South,Apparel,Online,Consumer,4,49.44,0.05,130.93,82.79,48.14,4.0,
2579,2024-09-03,South,Footwear,Online,Consumer,4,70.27,0.05,186.09,128.14,57.95,7.0,2.0
4788,2024-09-03,South,Apparel,Online,Consumer,6,46.45,0.0,194.22,126.03,68.19,10.0,2.0
4947,2024-09-03,East,Accessories,Online,Corporate,9,76.23,0.1,430.3,254.67,175.63,4.0,
249,2024-09-04,East,Accessories,Online,Consumer,8,56.96,0.0,317.56,195.04,122.52,11.0,
1185,2024-09-04,North,Accessories,Retail,Consumer,9,54.59,0.0,342.39,201.2,141.19,4.0,3.0
2174,2024-09-04,South,Footwear,Retail,Consumer,6,46.25,0.15,164.38,102.69,61.69,5.0,
2211,2024-09-04,East,Apparel,Retail,Home Office,9,61.51,0.1,347.21,243.12,104.09,9.0,3.0
2410,2024-09-04,South,Apparel,Wholesale,Consumer,351,55.15,0.05,12815.67,7918.88,4896.79,6.0,2.0
3058,2024-09-04,South,Footwear,Retail,Consumer,6,15.99,0.0,66.86,44.29,22.57,3.0,4.0
3926,2024-09-04,West,Accessories,Online,Consumer,9,31.05,0.05,185.01,103.23,81.78,,4.0
3939,2024-09-04,North,Apparel,Wholesale,Consumer,397,42.88,0.05,11270.26,6592.54,4677.72,13.0,5.0
4339,2024-09-04,North,Apparel,Online,Consumer,7,67.38,0.0,328.7,184.21,144.49,,2.0
343,2024-09-05,East,Accessories,Retail,Consumer,6,19.04,0.0,79.61,50.39,29.22,11.0,3.0
431,2024-09-05,East,Footwear,Online,Consumer,5,77.55,0.05,256.71,171.19,85.52,5.0,
1081,2024-09-05,East,Apparel,Retail,Consumer,10,42.83,0.0,298.48,179.12,119.36,9.0,2.0
1848,2024-09-05,South,Apparel,Online,Consumer,8,48.93,0.15,231.87,149.91,81.96,8.0,4.0
2825,2024-09-05,North,Footwear,Online,Home Office,9,44.65,0.05,266.04,166.56,99.48,3.0,2.0
2829,2024-09-05,West,Apparel,Wholesale,Corporate,116,43.39,0.1,3156.86,1800.57,1356.29,5.0,1.0
3142,2024-09-05,West,Accessories,Online,Corporate,3,23.92,0.1,45.01,26.64,18.37,4.0,2.0
3949,2024-09-06,South,Apparel,Retail,Consumer,2,65.87,0.1,82.63,46.79,35.84,14.0,
4462,2024-09-06,South,Outerwear,Retail,Corporate,6,73.68,0.0,308.08,188.83,119.25,11.0,4.0
1440,2024-09-07,South,Apparel,Online,Consumer,10,76.61,0.05,507.19,311.73,195.46,2.0,4.0
1883,2024-09-07,East,Accessories,Online,Consumer,11,67.28,0.05,489.97,309.3,180.67,11.0,3.0
2232,2024-09-07,East,Accessories,Retail,Consumer,11,27.14,0.05,197.65,135.23,62.42,5.0,2.0
3280,2024-09-07,East,Outerwear,Retail,Corporate,3,12.71,0.0,26.57,15.67,10.9,,2.0
3338,2024-09-07,North,Footwear,Retail,Corporate,1,58.01,0.1,36.38,22.2,14.18,1.0,1.0
4831,2024-09-07,East,Accessories,Online,Consumer,8,38.42,0.05,203.49,129.67,73.82,1.0,1.0
4950,2024-09-07,South,Apparel,Online,Consumer,6,79.9,0.0,334.09,216.31,117.78,7.0,4.0
2452,2024-09-08,West,Footwear,Retail,Corporate,4,68.9,0.0,192.06,126.15,65.91,9.0,
2474,2024-09-08,West,Apparel,Online,Consumer,3,108.4,0.15,192.63,130.83,61.8,4.0,
2905,2024-09-08,North,Apparel,Online,Corporate,6,41.36,0.0,172.94,115.64,57.3,1.0,5.0
4067,2024-09-08,East,Apparel,Retail,Consumer,4,69.82,0.0,194.63,122.42,72.21,7.0,1.0
794,2024-09-09,North,Accessories,Online,Corporate,7,81.16,0.25,296.94,183.9,113.04,3.0,5.0
1094,2024-09-09,North,Apparel,Online,Corporate,4,71.93,0.0,200.51,138.44,62.07,8.0,
1394,2024-09-09,West,Apparel,Retail,Corporate,2,55.36,0.0,77.16,48.29,28.87,3.0,
2206,2024-09-09,North,Apparel,Online,Corporate,7,19.04,0.05,88.24,57.09,31.15,7.0,4.0
2769,2024-09-09,West,Apparel,Online,Consumer,8,36.32,0.15,172.12,117.21,54.91,14.0,1.0
4642,2024-09-09,North,Accessories,Online,Consumer,10,71.83,0.05,475.55,319.15,156.4,7.0,2.0
637,2024-09-10,North,Accessories,Wholesale,Corporate,363,30.17,0.0,7632.15,3949.81,3682.34,5.0,5.0
952,2024-09-10,South,Footwear,Online,Consumer,9,35.36,0.05,210.69,123.89,86.8,6.0,4.0
1325,2024-09-10,South,Footwear,Wholesale,Corporate,120,87.34,0.15,6208.38,3912.0,2296.38,2.0,1.0
1556,2024-09-10,South,Footwear,Retail,Consumer,10,64.79,0.0,451.52,281.03,170.49,5.0,
3023,2024-09-10,North,Footwear,Retail,Consumer,10,45.77,0.05,303.02,189.89,113.13,14.0,5.0
3511,2024-09-10,West,Footwear,Online,Corporate,2,62.68,0.05,82.99,50.85,32.14,1.0,4.0
3590,2024-09-10,East,Accessories,Retail,Home Office,7,49.75,0.1,218.42,128.67,89.75,9.0,4.0
3986,2024-09-10,East,Footwear,Retail,Consumer,4,56.82,0.0,158.39,100.36,58.03,10.0,5.0
1891,2024-09-11,East,Footwear,Online,Consumer,7,30.85,0.0,150.49,91.02,59.47,9.0,2.0
1934,2024-09-11,North,Footwear,Online,Home Office,6,46.68,0.05,185.43,121.64,63.79,13.0,4.0
1972,2024-09-11,West,Accessories,Online,Consumer,1,119.09,0.1,74.69,46.59,28.1,1.0,
4429,2024-09-11,South,Accessories,Wholesale,Consumer,85,47.05,0.15,2368.99,1326.06,1042.93,12.0,5.0
4533,2024-09-11,South,Accessories,Online,Corporate,1,74.47,0.05,49.3,30.94,18.36,2.0,3.0
4773,2024-09-11,West,Footwear,Online,Consumer,10,66.82,0.0,465.66,256.4,209.26,4.0,1.0
1760,2024-09-12,West,Apparel,Online,Consumer,3,74.7,0.0,156.17,94.54,61.63,9.0,3.0
2094,2024-09-12,South,Apparel,Retail,Home Office,8,99.44,0.25,415.79,256.04,159.75,2.0,5.0
2467,2024-09-12,East,Accessories,Online,Home Office,1,29.05,0.15,17.21,11.3,5.91,8.0,3.0
2766,2024-09-12,East,Footwear,Online,Consumer,3,41.66,0.1,78.39,46.21,32.18,6.0,4.0
2796,2024-09-12,East,Outerwear,Online,Corporate,2,69.32,0.25,72.46,47.88,24.58,8.0,3.0
2836,2024-09-12,East,Apparel,Retail,Home Office,7,113.6,0.0,554.17,347.55,206.62,8.0,3.0
3533,2024-09-12,North,Apparel,Retail,Corporate,2,13.74,0.25,14.36,9.05,5.31,1.0,
4125,2024-09-12,South,Apparel,Online,Consumer,2,12.99,0.05,17.2,11.32,5.88,1.0,4.0
4295,2024-09-12,South,Apparel,Online,Home Office,1,54.59,0.0,38.04,23.45,14.59,,4.0
1421,2024-09-13,West,Footwear,Wholesale,Consumer,393,84.85,0.0,23238.57,13497.87,9740.7,7.0,
2048,2024-09-13,North,Accessories,Online,Home Office,10,53.03,0.0,369.56,226.96,142.6,11.0,5.0
2134,2024-09-13,North,Accessories,Retail,Consumer,4,55.61,0.0,155.02,82.82,72.2,10.0,2.0
2447,2024-09-13,South,Apparel,Retail,Consumer,8,49.02,0.0,273.29,175.21,98.08,6.0,5.0
2792,2024-09-13,West,Outerwear,Online,Consumer,10,51.47,0.05,340.76,195.12,145.64,3.0,2.0
3441,2024-09-13,North,Footwear,Online,Consumer,7,67.81,0.0,330.79,210.56,120.23,13.0,2.0
3706,2024-09-13,North,Apparel,Online,Consumer,5,84.67,0.0,295.03,174.29,120.74,10.0,3.0
1429,2024-09-14,West,Accessories,Online,Home Office,4,14.47,0.0,40.34,25.87,14.47,11.0,
1475,2024-09-14,West,Footwear,Online,Consumer,3,130.69,0.0,273.23,164.77,108.46,9.0,1.0
1613,2024-09-14,West,Apparel,Retail,Consumer,8,38.13,0.0,212.58,124.17,88.41,2.0,3.0
4018,2024-09-14,South,Outerwear,Retail,Home Office,11,45.4,0.0,348.03,230.84,117.19,6.0,
528,2024-09-15,West,Apparel,Retail,Corporate,4,46.63,0.05,123.48,78.81,44.67,2.0,
892,2024-09-15,North,Footwear,Retail,Consumer,1,24.06,0.0,16.77,10.95,5.82,6.0,1.0
1619,2024-09-15,East,Apparel,Online,Corporate,2,114.31,0.05,151.36,88.04,63.32,9.0,4.0
1749,2024-09-15,West,Footwear,Retail,Corporate,4,23.68,0.0,66.01,45.06,20.95,6.0,5.0
2976,2024-09-15,West,Apparel,Retail,Consumer,10,59.49,0.0,414.58,254.52,160.06,11.0,4.0
3159,2024-09-15,North,Outerwear,Retail,Corporate,4,69.09,0.05,182.96,108.7,74.26,3.0,
3367,2024-09-15,South,Apparel,Wholesale,Consumer,150,21.81,0.0,2279.88,1284.77,995.11,12.0,3.0
3672,2024-09-15,East,Outerwear,Retail,Corporate,6,51.52,0.05,204.65,144.27,60.38,9.0,1.0
3882,2024-09-15,West,Apparel,Retail,Corporate,10,29.98,0.0,208.93,133.02,75.91,12.0,4.0
3996,2024-09-15,West,Outerwear,Online,Consumer,10,30.22,0.0,210.6,127.71,82.89,1.0,4.0
4376,2024-09-15,West,Apparel,Retail,Home Office,9,28.63,0.0,179.57,108.7,70.87,14.0,1.0
1077,2024-09-16,North,Footwear,Online,Corporate,2,50.21,0.05,66.48,36.16,30.32,4.0,1.0
1463,2024-09-16,South,Outerwear,Retail,Consumer,6,87.22,0.15,309.99,204.75,105.24,8.0,5.0
2271,2024-09-16,South,Apparel,Online,Consumer,5,39.92,0.0,139.1,86.35,52.75,2.0,2.0
2594,2024-09-16,South,Apparel,Retail,Consumer,11,62.2,0.0,476.81,274.95,201.86,5.0,
2869,2024-09-16,West,Apparel,Online,Consumer,5,28.41,0.0,98.99,61.1,37.89,6.0,
4104,2024-09-16,North,Outerwear,Retail,Consumer,8,66.95,0.05,354.59,229.83,124.76,9.0,2.0
4630,2024-09-16,West,Apparel,Online,Corporate,10,76.85,0.0,535.56,360.65,174.91,13.0,1.0
196,2024-09-17,West,Footwear,Online,Consumer,9,47.84,0.0,300.05,175.16,124.89,8.0,4.0
408,2024-09-17,South,Apparel,Online,Corporate,1,42.98,0.0,29.95,19.84,10.11,4.0,
543,2024-09-17,West,Footwear,Online,Consumer,6,26.02,0.05,103.36,66.13,37.23,3.0,1.0
1514,2024-09-17,East,Footwear,Wholesale,Home Office,164,71.45,0.0,8166.03,5558.59,2607.44,,3.0
1750,2024-09-17,North,Accessories,Online,Corporate,9,51.68,0.0,324.14,209.51,114.63,2.0,3.0
2011,2024-09-17,East,Footwear,Online,Consumer,2,88.13,0.05,116.69,73.66,43.03,11.0,4.0
2429,2024-09-17,East,Outerwear,Retail,Home Office,11,24.33,0.05,177.18,121.5,55.68,,5.0
2920,2024-09-17,South,Footwear,Retail,Corporate,2,107.68,0.05,142.58,95.29,47.29,1.0,1.0
3250,2024-09-17,North,Apparel,Retail,Consumer,9,83.98,0.0,526.72,282.56,244.16,,3.0
4251,2024-09-17,North,Accessories,Wholesale,Corporate,292,66.99,0.0,13631.94,8467.75,5164.19,7.0,3.0
2229,2024-09-18,East,Outerwear,Retail,Consumer,10,85.02,0.1,533.25,356.4,176.85,3.0,3.0
3001,2024-09-18,East,Outerwear,Retail,Corporate,5,45.31,0.0,157.88,87.22,70.66,2.0,5.0
4145,2024-09-18,East,Accessories,Online,Consumer,11,50.93,0.0,390.42,250.49,139.93,2.0,
4394,2024-09-18,North,Footwear,Wholesale,Consumer,258,55.65,0.05,9505.47,4829.51,4675.96,5.0,4.0
4797,2024-09-18,West,Outerwear,Online,Consumer,3,89.71,0.0,187.55,116.12,71.43,6.0,3.0
61,2024-09-19,East,Footwear,Retail,Consumer,11,68.59,0.0,525.8,326.53,199.27,1.0,5.0
335,2024-09-19,West,Outerwear,Wholesale,Consumer,208,53.63,0.0,7773.85,4927.04,2846.81,4.0,1.0
1028,2024-09-19,East,Footwear,Online,Consumer,1,26.49,0.05,17.54,11.27,6.27,,5.0
1187,2024-09-19,West,Footwear,Retail,Consumer,9,18.65,0.05,111.12,68.65,42.47,12.0,5.0
1596,2024-09-19,West,Outerwear,Online,Consumer,4,11.03,0.15,26.13,16.21,9.92,3.0,
1647,2024-09-19,North,Accessories,Online,Consumer,2,43.63,0.05,57.77,37.82,19.95,1.0,5.0
1884,2024-09-19,South,Apparel,Retail,Corporate,4,66.03,0.0,184.06,108.05,76.01,2.0,2.0
1887,2024-09-19,East,Apparel,Retail,Home Office,11,63.35,0.15,412.78,251.57,161.21,4.0,5.0
2054,2024-09-19,East,Outerwear,Online,Consumer,3,65.96,0.15,117.22,76.11,41.11,12.0,2.0
3287,2024-09-19,North,Footwear,Online,Home Office,11,53.03,0.15,345.54,206.42,139.12,4.0,3.0
4271,2024-09-19,East,Apparel,Online,Consumer,9,31.38,0.0,196.82,112.54,84.28,10.0,
1049,2024-09-20,South,Accessories,Online,Home Office,7,47.23,0.1,207.36,128.75,78.61,1.0,5.0
2886,2024-09-20,South,Outerwear,Retail,Corporate,6,117.51,0.05,466.78,254.08,212.7,6.0,5.0
3088,2024-09-20,East,Footwear,Online,Consumer,5,47.58,0.05,157.5,97.03,60.47,4.0,3.0
4336,2024-09-20,South,Footwear,Online,Consumer,10,72.62,0.0,506.08,317.31,188.77,2.0,
2959,2024-09-21,East,Accessories,Online,Corporate,8,64.35,0.0,358.76,251.74,107.02,2.0,3.0
3317,2024-09-21,South,Accessories,Online,Consumer,1,57.37,0.05,37.98,22.72,15.26,7.0,
3375,2024-09-21,West,Accessories,Wholesale,Home Office,144,77.02,0.15,6569.77,4088.69,2481.08,4.0,
4857,2024-09-21,West,Apparel,Retail,Consumer,4,51.54,0.1,129.3,75.34,53.96,2.0,2.0
792,2024-09-22,North,Apparel,Online,Consumer,10,62.74,0.05,415.37,254.16,161.21,7.0,
1823,2024-09-22,South,Footwear,Online,Consumer,5,81.96,0.15,242.75,155.33,87.42,13.0,5.0
2599,2024-09-22,East,Outerwear,Retail,Home Office,9,36.8,0.05,219.27,132.59,86.68,14.0,3.0
3184,2024-09-22,North,Accessories,Wholesale,Corporate,193,57.02,0.1,6902.27,4182.13,2720.14,13.0,3.0
3886,2024-09-22,East,Footwear,Retail,Consumer,7,24.05,0.0,117.32,73.83,43.49,6.0,2.0
4097,2024-09-22,North,Outerwear,Retail,Consumer,5,34.24,0.0,119.31,73.19,46.12,13.0,2.0
4561,2024-09-22,South,Apparel,Wholesale,Corporate,127,29.31,0.0,2594.09,1750.4,843.69,2.0,
4986,2024-09-22,East,Outerwear,Wholesale,Corporate,229,15.02,0.05,2277.16,1507.79,769.37,6.0,2.0
13,2024-09-23,North,Apparel,Wholesale,Consumer,253,77.49,0.0,13662.53,8728.67,4933.86,6.0,
486,2024-09-23,South,Footwear,Online,Consumer,3,29.28,0.0,61.21,36.43,24.78,11.0,2.0
840,2024-09-23,South,Footwear,Retail,Corporate,11,34.6,0.1,238.71,134.77,103.94,,3.0
1902,2024-09-23,West,Footwear,Online,Corporate,3,48.19,0.05,95.71,62.54,33.17,9.0,2.0
2492,2024-09-23,West,Apparel,Retail,Consumer,3,26.67,0.0,55.76,36.38,19.38,3.0,
3902,2024-09-23,North,Apparel,Retail,Consumer,8,63.08,0.0,351.68,224.05,127.63,9.0,1.0
4407,2024-09-23,South,Outerwear,Online,Consumer,1,48.88,0.1,30.66,18.57,12.09,10.0,4.0
147,2024-09-24,East,Footwear,Retail,Consumer,6,31.98,0.25,100.29,58.63,41.66,9.0,1.0
208,2024-09-24,West,Footwear,Wholesale,Corporate,209,103.89,0.05,14375.02,9055.85,5319.17,12.0,2.0
556,2024-09-24,East,Apparel,Retail,Corporate,7,28.59,0.0,139.47,96.45,43.02,12.0,3.0
1507,2024-09-24,West,Accessories,Online,Corporate,8,46.11,0.0,257.07,143.92,113.15,8.0,3.0
4181,2024-09-24,South,Accessories,Online,Consumer,7,43.27,0.05,200.53,117.86,82.67,2.0,4.0
722,2024-09-25,North,Footwear,Online,Home Office,2,97.82,0.05,129.52,76.61,52.91,12.0,
1292,2024-09-25,East,Apparel,Online,Consumer,3,24.78,0.0,51.81,31.34,20.47,5.0,2.0
1988,2024-09-25,East,Accessories,Online,Corporate,6,52.67,0.0,220.23,123.37,96.86,13.0,4.0
2609,2024-09-25,East,Footwear,Online,Consumer,8,36.89,0.05,195.38,120.46,74.92,2.0,3.0
2995,2024-09-25,East,Outerwear,Online,Corporate,7,83.38,0.05,386.41,216.01,170.4,11.0,3.0
4258,2024-09-25,South,Apparel,Online,Consumer,8,114.29,0.05,605.32,372.65,232.67,4.0,1.0
2510,2024-09-26,South,Footwear,Wholesale,Consumer,373,9.38,0.05,2316.33,1440.75,875.58,,4.0
3114,2024-09-26,South,Footwear,Retail,Consumer,1,52.52,0.0,36.6,23.79,12.81,10.0,4.0
3961,2024-09-26,North,Apparel,Retail,Corporate,3,19.81,0.05,39.35,24.35,15.0,11.0,
4397,2024-09-26,West,Accessories,Online,Consumer,7,28.12,0.25,102.88,59.26,43.62,5.0,3.0
4580,2024-09-26,South,Apparel,Retail,Consumer,5,42.35,0.0,147.57,95.23,52.34,8.0,
4690,2024-09-26,South,Accessories,Online,Corporate,3,90.99,0.0,190.23,113.81,76.42,8.0,5.0
439,2024-09-27,East,Apparel,Retail,Consumer,4,22.36,0.0,62.33,40.48,21.85,3.0,1.0
1217,2024-09-27,East,Apparel,Retail,Consumer,1,40.31,0.0,28.09,14.9,13.19,9.0,3.0
2175,2024-09-27,West,Apparel,Wholesale,Consumer,336,84.04,0.0,19678.42,13262.64,6415.78,6.0,1.0
2272,2024-09-27,North,Apparel,Online,Consumer,7,40.39,0.0,197.03,122.18,74.85,5.0,4.0
2297,2024-09-27,North,Accessories,Online,Corporate,9,66.47,0.0,416.9,281.76,135.14,11.0,2.0
2335,2024-09-27,South,Apparel,Online,Consumer,5,30.18,0.1,94.64,58.47,36.17,4.0,5.0
2802,2024-09-27,North,Apparel,Wholesale,Corporate,118,22.05,0.1,1631.92,1007.03,624.89,6.0,3.0
3341,2024-09-27,East,Footwear,Online,Consumer,7,16.35,0.05,75.77,44.39,31.38,2.0,2.0
3597,2024-09-27,East,Apparel,Online,Consumer,8,61.26,0.05,324.46,160.01,164.45,11.0,2.0
4008,2024-09-27,West,Accessories,Online,Consumer,11,16.18,0.0,124.03,69.79,54.24,7.0,5.0
4521,2024-09-27,South,Apparel,Online,Consumer,1,34.58,0.05,22.89,14.02,8.87,4.0,2.0
462,2024-09-28,East,Apparel,Online,Corporate,5,10.26,0.15,30.39,17.91,12.48,6.0,
646,2024-09-28,West,Footwear,Online,Consumer,1,100.74,0.05,66.69,43.67,23.02,10.0,5.0
1264,2024-09-28,West,Apparel,Retail,Corporate,11,110.5,0.0,847.07,508.91,338.16,1.0,5.0
2361,2024-09-28,East,Apparel,Online,Consumer,11,96.27,0.05,701.09,422.75,278.34,8.0,2.0
2482,2024-09-28,North,Outerwear,Online,Consumer,11,68.89,0.05,501.69,318.63,183.06,11.0,
2718,2024-09-28,South,Outerwear,Online,Consumer,1,49.81,0.0,34.71,20.35,14.36,2.0,2.0
2765,2024-09-28,West,Footwear,Online,Corporate,9,114.7,0.0,719.4,441.12,278.28,5.0,4.0
3111,2024-09-28,West,Accessories,Wholesale,Consumer,228,56.6,0.0,8993.24,5077.04,3916.2,3.0,4.0
3605,2024-09-28,East,Footwear,Online,Consumer,11,207.65,0.0,1591.8,968.24,623.56,4.0,
3674,2024-09-28,West,Accessories,Online,Consumer,8,51.98,0.05,275.31,158.38,116.93,8.0,4.0
3894,2024-09-28,South,Footwear,Retail,Corporate,8,18.77,0.15,88.95,59.25,29.7,11.0,
4552,2024-09-28,East,Apparel,Retail,Corporate,1,16.45,0.0,11.46,8.61,2.85,7.0,2.0
106,2024-09-29,East,Footwear,Retail,Home Office,11,103.49,0.0,793.33,469.45,323.88,10.0,
522,2024-09-29,East,Accessories,Online,Consumer,7,120.97,0.1,531.11,312.92,218.19,3.0,
709,2024-09-29,North,Apparel,Retail,Corporate,4,14.54,0.0,40.53,23.9,16.63,2.0,3.0
807,2024-09-29,East,Apparel,Online,Consumer,9,124.74,0.1,704.13,379.22,324.91,3.0,1.0
871,2024-09-29,East,Footwear,Retail,Consumer,3,35.97,0.0,75.2,42.71,32.49,7.0,4.0
3248,2024-09-29,East,Footwear,Retail,Consumer,2,46.26,0.0,64.48,39.93,24.55,12.0,
4294,2024-09-29,East,Apparel,Retail,Consumer,9,31.65,0.15,168.73,109.49,59.24,8.0,3.0
4591,2024-09-29,West,Apparel,Online,Consumer,11,95.73,0.25,550.39,326.55,223.84,4.0,
4875,2024-09-29,East,Footwear,Retail,Corporate,1,30.77,0.1,19.3,12.49,6.81,10.0,1.0
4932,2024-09-29,South,Footwear,Online,Consumer,6,114.76,0.1,431.87,289.55,142.32,7.0,2.0
2671,2024-09-30,South,Outerwear,Retail,Consumer,7,63.92,0.1,280.64,181.65,98.99,,4.0
3551,2024-09-30,East,Apparel,Retail,Corporate,10,25.23,0.0,175.83,111.92,63.91,2.0,
4475,2024-09-30,South,Footwear,Online,Consumer,5,167.55,0.0,583.82,338.73,245.09,2.0,
768,2024-10-01,North,Footwear,Wholesale,Consumer,127,45.9,0.0,3789.04,2194.23,1594.81,6.0,1.0
1220,2024-10-01,North,Apparel,Online,Consumer,11,98.35,0.0,703.2,471.47,231.73,4.0,5.0
1391,2024-10-01,North,Footwear,Retail,Consumer,4,27.26,0.15,60.24,39.89,20.35,2.0,4.0
1733,2024-10-01,North,Apparel,Retail,Consumer,9,22.85,0.0,133.67,73.47,60.2,13.0,4.0
3146,2024-10-01,East,Outerwear,Online,Consumer,6,15.09,0.0,58.85,37.22,21.63,10.0,2.0
3518,2024-10-01,North,Accessories,Online,Consumer,3,28.1,0.15,46.58,28.82,17.76,2.0,5.0
3775,2024-10-01,West,Apparel,Online,Home Office,6,92.1,0.0,359.19,224.2,134.99,14.0,4.0
4105,2024-10-01,North,Accessories,Online,Corporate,7,54.77,0.1,224.28,145.78,78.5,13.0,
984,2024-10-02,South,Outerwear,Online,Corporate,8,73.75,0.1,345.15,220.79,124.36,2.0,1.0
1156,2024-10-02,North,Apparel,Online,Consumer,6,31.35,0.05,116.15,69.52,46.63,7.0,1.0
1279,2024-10-02,West,Footwear,Retail,Home Office,5,28.67,0.15,79.2,53.47,25.73,8.0,2.0
1858,2024-10-02,West,Footwear,Retail,Consumer,4,55.91,0.1,130.83,80.24,50.59,13.0,
3780,2024-10-02,North,Apparel,Retail,Consumer,5,68.37,0.0,222.2,127.51,94.69,5.0,1.0
3790,2024-10-02,North,Outerwear,Retail,Consumer,1,42.12,0.15,23.27,12.83,10.44,13.0,1.0
4011,2024-10-02,North,Accessories,Retail,Home Office,8,69.05,0.0,359.06,222.91,136.15,5.0,
4744,2024-10-02,South,Apparel,Wholesale,Corporate,336,85.62,0.05,17764.44,9764.17,8000.27,5.0,
235,2024-10-03,South,Apparel,Wholesale,Corporate,358,45.36,0.0,10555.27,6748.29,3806.98,5.0,3.0
664,2024-10-03,East,Apparel,Retail,Consumer,3,55.99,0.0,109.18,63.23,45.95,4.0,
838,2024-10-03,West,Footwear,Online,Consumer,5,39.12,0.05,120.78,78.98,41.8,12.0,5.0
916,2024-10-03,North,Outerwear,Retail,Consumer,11,41.82,0.1,269.11,171.75,97.36,8.0,3.0
1205,2024-10-03,North,Accessories,Online,Corporate,6,54.05,0.15,179.18,103.75,75.43,3.0,
2020,2024-10-03,South,Accessories,Retail,Consumer,1,61.97,0.0,40.28,25.96,14.32,12.0,5.0
2299,2024-10-03,West,Apparel,Online,Consumer,11,41.53,0.0,296.94,180.09,116.85,13.0,1.0
3096,2024-10-03,North,Footwear,Online,Consumer,1,83.01,0.0,53.96,29.81,24.15,5.0,4.0
4222,2024-10-03,West,Footwear,Retail,Consumer,8,62.83,0.05,310.38,235.31,75.07,,2.0
4974,2024-10-03,East,Apparel,Wholesale,Corporate,379,72.67,0.0,17902.25,10411.05,7491.2,1.0,3.0
1601,2024-10-04,East,Footwear,Online,Corporate,5,68.12,0.05,210.32,112.58,97.74,10.0,5.0
1911,2024-10-04,West,Apparel,Online,Corporate,6,19.86,0.0,77.45,49.06,28.39,,3.0
3070,2024-10-04,North,Outerwear,Online,Corporate,6,49.05,0.1,172.17,97.98,74.19,9.0,5.0
3304,2024-10-04,East,Outerwear,Retail,Consumer,4,130.39,0.0,339.01,222.99,116.02,2.0,
3948,2024-10-04,West,Accessories,Online,Consumer,9,36.65,0.15,182.24,112.99,69.25,7.0,
4283,2024-10-04,South,Accessories,Wholesale,Consumer,153,118.97,0.0,11831.57,7725.17,4106.4,10.0,3.0
4549,2024-10-04,North,Footwear,Wholesale,Consumer,351,42.3,0.05,9168.21,6508.17,2660.04,,3.0
4916,2024-10-04,North,Accessories,Online,Corporate,11,38.9,0.0,278.14,180.57,97.57,14.0,4.0
62,2024-10-05,South,Footwear,Retail,Corporate,8,58.37,0.15,258.0,148.89,109.11,10.0,
254,2024-10-05,East,Outerwear,Retail,Consumer,11,63.98,0.1,411.71,279.12,132.59,2.0,
915,2024-10-05,West,Outerwear,Online,Consumer,7,33.38,0.0,151.88,86.41,65.47,4.0,4.0
3497,2024-10-05,North,Footwear,Online,Consumer,2,61.89,0.0,80.46,55.59,24.87,7.0,5.0
273,2024-10-06,West,Apparel,Online,Consumer,5,57.27,0.0,186.13,128.92,57.21,1.0,2.0
567,2024-10-06,East,Footwear,Online,Consumer,9,36.03,0.1,189.7,123.36,66.34,13.0,2.0
577,2024-10-06,North,Accessories,Online,Home Office,9,67.41,0.05,374.63,221.68,152.95,10.0,2.0
900,2024-10-06,East,Footwear,Wholesale,Consumer,207,47.75,0.1,5782.29,3565.15,2217.14,14.0,4.0
1120,2024-10-06,North,Apparel,Retail,Home Office,1,29.46,0.15,16.28,10.34,5.94,7.0,1.0
1152,2024-10-06,West,Footwear,Online,Home Office,4,31.69,0.0,82.39,51.52,30.87,13.0,4.0
1470,2024-10-06,West,Accessories,Online,Consumer,10,76.78,0.0,499.07,305.69,193.38,1.0,
2225,2024-10-06,North,Footwear,Retail,Consumer,1,50.0,0.0,32.5,18.77,13.73,14.0,4.0
2710,2024-10-06,South,Outerwear,Retail,Consumer,4,15.12,0.1,35.38,23.5,11.88,1.0,3.0
2831,2024-10-06,South,Accessories,Retail,Home Office,7,25.3,0.05,109.36,66.3,43.06,4.0,3.0
3078,2024-10-06,East,Apparel,Online,Corporate,11,33.31,0.1,214.35,129.02,85.33,14.0,4.0
3408,2024-10-06,East,Apparel,Online,Consumer,11,63.61,0.05,432.07,285.39,146.68,4.0,3.0
3964,2024-10-06,North,Footwear,Online,Consumer,10,93.89,0.15,518.74,302.16,216.58,8.0,3.0
4345,2024-10-06,East,Apparel,Online,Corporate,6,96.45,0.05,357.35,215.77,141.58,4.0,4.0
160,2024-10-07,North,Apparel,Online,Corporate,4,74.08,0.1,173.35,94.87,78.48,10.0,4.0
2316,2024-10-07,South,Apparel,Online,Consumer,1,33.48,0.05,20.67,13.29,7.38,11.0,1.0
3293,2024-10-07,North,Accessories,Online,Consumer,10,8.44,0.0,54.86,33.29,21.57,8.0,2.0
3359,2024-10-07,East,Footwear,Online,Consumer,4,102.35,0.1,239.5,172.52,66.98,3.0,1.0
4119,2024-10-07,East,Outerwear,Retail,Home Office,6,56.15,0.0,218.98,152.8,66.18,10.0,2.0
547,2024-10-08,North,Apparel,Online,Consumer,3,88.78,0.0,173.12,97.55,75.57,12.0,2.0
1038,2024-10-08,East,Accessories,Retail,Home Office,11,35.24,0.0,251.97,158.89,93.08,,1.0
2192,2024-10-08,West,Apparel,Retail,Consumer,3,41.18,0.0,80.3,44.3,36.0,2.0,4.0
3148,2024-10-08,West,Apparel,Online,Consumer,2,16.56,0.1,19.38,11.47,7.91,5.0,3.0
3180,2024-10-08,West,Footwear,Online,Corporate,4,120.98,0.05,298.82,170.25,128.57,11.0,3.0
3493,2024-10-08,North,Outerwear,Wholesale,Consumer,332,67.67,0.05,13873.03,8767.75,5105.28,1.0,5.0
3553,2024-10-08,South,Footwear,Online,Consumer,11,31.98,0.05,217.22,143.81,73.41,2.0,
3785,2024-10-08,North,Accessories,Online,Corporate,4,54.87,0.15,121.26,63.62,57.64,2.0,1.0
3970,2024-10-08,East,Outerwear,Retail,Corporate,3,41.06,0.0,80.07,52.03,28.04,4.0,3.0
40,2024-10-09,North,Apparel,Online,Corporate,3,77.67,0.0,151.46,99.03,52.43,8.0,1.0
398,2024-10-09,North,Apparel,Wholesale,Corporate,268,91.45,0.0,15930.59,9296.71,6633.88,13.0,1.0
1058,2024-10-09,South,Apparel,Retail,Home Office,8,17.61,0.05,86.99,53.2,33.79,14.0,2.0
1661,2024-10-09,North,Footwear,Retail,Home Office,3,21.85,0.05,40.48,22.78,17.7,11.0,1.0
2193,2024-10-09,South,Apparel,Retail,Consumer,3,78.64,0.0,153.35,91.02,62.33,10.0,
3098,2024-10-09,West,Accessories,Online,Home Office,3,44.19,0.0,86.17,53.3,32.87,7.0,1.0
4311,2024-10-09,West,Footwear,Online,Corporate,2,23.02,0.05,28.43,17.93,10.5,10.0,
4577,2024-10-09,West,Apparel,Online,Corporate,5,47.09,0.1,137.74,90.0,47.74,8.0,3.0
998,2024-10-10,West,Footwear,Online,Consumer,4,23.7,0.15,52.38,29.04,23.34,4.0,5.0
1974,2024-10-10,North,Apparel,Online,Consumer,1,76.45,0.0,49.69,30.37,19.32,14.0,3.0
3686,2024-10-10,East,Accessories,Wholesale,Consumer,155,28.55,0.0,2876.41,1778.18,1098.23,,4.0
4267,2024-10-10,West,Footwear,Online,Corporate,7,91.05,0.1,372.85,244.73,128.12,1.0,1.0
4459,2024-10-10,East,Footwear,Online,Consumer,7,45.9,0.0,208.85,122.9,85.95,10.0,5.0
4633,2024-10-10,South,Accessories,Online,Corporate,3,49.96,0.0,97.42,61.13,36.29,10.0,3.0
139,2024-10-11,East,Apparel,Online,Corporate,1,27.12,0.15,14.98,9.39,5.59,9.0,1.0
1505,2024-10-11,West,Outerwear,Wholesale,Corporate,93,53.97,0.1,2936.24,1826.5,1109.74,12.0,1.0
2799,2024-10-11,South,Accessories,Online,Consumer,4,41.0,0.15,90.61,61.15,29.46,10.0,5.0
3179,2024-10-11,South,Apparel,Online,Consumer,2,25.55,0.05,31.55,20.3,11.25,5.0,1.0
4501,2024-10-11,North,Footwear,Online,Home Office,1,63.72,0.05,39.35,26.5,12.85,2.0,
4935,2024-10-11,West,Apparel,Online,Home Office,5,39.16,0.0,127.27,82.09,45.18,,1.0
4991,2024-10-11,West,Outerwear,Retail,Corporate,9,33.64,0.0,196.79,116.94,79.85,1.0,3.0
175,2024-10-12,East,Outerwear,Online,Corporate,2,38.74,0.0,50.36,31.44,18.92,,2.0
920,2024-10-12,West,Footwear,Wholesale,Consumer,181,218.17,0.15,21817.55,14128.14,7689.41,14.0,3.0
1137,2024-10-12,East,Footwear,Online,Corporate,5,24.58,0.1,71.9,44.38,27.52,7.0,1.0
4648,2024-10-12,North,Footwear,Retail,Corporate,10,66.86,0.0,434.59,273.13,161.46,10.0,3.0
1015,2024-10-13,West,Outerwear,Wholesale,Consumer,90,35.0,0.0,2047.5,1216.0,831.5,11.0,5.0
2196,2024-10-13,North,Outerwear,Retail,Corporate,6,28.79,0.0,112.28,64.65,47.63,3.0,
2366,2024-10-13,East,Outerwear,Online,Consumer,5,40.44,0.0,131.43,89.88,41.55,11.0,5.0
2527,2024-10-13,South,Apparel,Retail,Consumer,7,33.14,0.0,150.79,94.25,56.54,5.0,4.0
3503,2024-10-13,North,Footwear,Wholesale,Consumer,182,59.03,0.0,6983.25,4408.83,2574.42,6.0,2.0
3872,2024-10-13,West,Footwear,Online,Home Office,3,42.61,0.05,78.94,46.2,32.74,5.0,1.0
4675,2024-10-13,South,Apparel,Online,Corporate,5,19.95,0.0,64.84,38.01,26.83,8.0,2.0
4761,2024-10-13,South,Apparel,Wholesale,Corporate,189,78.71,0.0,9669.52,6105.71,3563.81,10.0,5.0
125,2024-10-14,East,Apparel,Retail,Consumer,8,103.76,0.25,404.66,258.47,146.19,12.0,
1158,2024-10-14,South,Footwear,Online,Corporate,10,41.52,0.0,269.88,173.77,96.11,,5.0
1658,2024-10-14,South,Apparel,Retail,Consumer,1,101.96,0.0,66.27,41.09,25.18,6.0,2.0
2239,2024-10-14,North,Footwear,Retail,Consumer,4,23.19,0.0,60.29,40.16,20.13,13.0,3.0
2508,2024-10-14,East,Accessories,Online,Consumer,11,18.87,0.1,121.43,75.12,46.31,4.0,
3608,2024-10-14,East,Footwear,Online,Home Office,1,76.25,0.15,42.13,27.57,14.56,5.0,
3941,2024-10-14,East,Footwear,Retail,Consumer,10,49.23,0.05,304.0,185.01,118.99,14.0,3.0
3687,2024-10-15,North,Accessories,Online,Corporate,6,55.31,0.0,215.71,137.45,78.26,4.0,3.0
3730,2024-10-15,South,Apparel,Online,Consumer,7,73.52,0.05,317.79,204.96,112.83,14.0,3.0
3797,2024-10-15,West,Accessories,Online,Consumer,9,59.52,0.0,348.19,200.42,147.77,3.0,3.0
4134,2024-10-15,South,Apparel,Online,Consumer,1,76.92,0.0,50.0,35.36,14.64,6.0,
4578,2024-10-15,West,Footwear,Online,Corporate,11,47.72,0.05,324.14,177.04,147.1,5.0,
176,2024-10-16,East,Outerwear,Online,Consumer,7,93.9,0.0,427.25,271.44,155.81,,
1063,2024-10-16,North,Footwear,Retail,Consumer,3,103.73,0.05,192.16,120.52,71.64,1.0,5.0
3576,2024-10-16,South,Accessories,Retail,Corporate,5,39.78,0.0,129.28,76.42,52.86,13.0,1.0
3696,2024-10-16,South,Accessories,Online,Consumer,11,59.31,0.05,402.86,246.03,156.83,,
4752,2024-10-16,North,Accessories,Online,Consumer,2,36.29,0.0,47.18,30.74,16.44,,5.0
908,2024-10-17,East,Apparel,Wholesale,Consumer,332,73.33,0.25,11868.46,7025.03,4843.43,11.0,4.0
974,2024-10-17,West,Footwear,Online,Consumer,9,54.77,0.05,304.38,202.07,102.31,3.0,1.0
698,2024-10-18,North,Outerwear,Online,Consumer,1,59.72,0.0,38.82,24.37,14.45,3.0,4.0
761,2024-10-18,East,Footwear,Online,Consumer,11,52.31,0.1,336.61,191.94,144.67,,
851,2024-10-18,North,Footwear,Retail,Consumer,10,25.73,0.0,167.24,101.85,65.39,11.0,1.0
1317,2024-10-18,South,Accessories,Online,Consumer,11,44.52,0.0,318.32,206.16,112.16,1.0,
1435,2024-10-18,West,Accessories,Online,Corporate,5,50.58,0.05,156.17,96.05,60.12,14.0,1.0
2393,2024-10-18,East,Footwear,Online,Home Office,3,67.08,0.0,130.81,81.51,49.3,3.0,4.0
2626,2024-10-18,North,Apparel,Online,Consumer,3,21.5,0.0,41.92,24.81,17.11,2.0,5.0
2873,2024-10-18,West,Accessories,Online,Consumer,3,13.9,0.0,27.11,17.63,9.48,6.0,
3701,2024-10-18,South,Outerwear,Retail,Consumer,7,72.29,0.15,279.58,172.4,107.18,9.0,
4730,2024-10-18,North,Accessories,Wholesale,Consumer,219,53.0,0.05,7167.32,4042.38,3124.94,13.0,4.0
234,2024-10-19,East,Footwear,Online,Consumer,1,54.04,0.1,31.61,18.33,13.28,11.0,1.0
1621,2024-10-19,North,Apparel,Online,Home Office,10,104.42,0.0,678.73,443.53,235.2,10.0,1.0
2555,2024-10-19,East,Outerwear,Retail,Consumer,1,68.45,0.0,44.49,27.49,17.0,9.0,1.0
345,2024-10-20,South,Outerwear,Retail,Corporate,7,31.38,0.0,142.78,82.44,60.34,1.0,3.0
914,2024-10-20,West,Apparel,Online,Home Office,3,34.96,0.15,57.95,33.31,24.64,11.0,
2472,2024-10-20,West,Apparel,Online,Consumer,7,18.1,0.0,82.36,52.21,30.15,,2.0
2753,2024-10-20,West,Apparel,Online,Consumer,11,41.54,0.0,297.01,183.71,113.3,13.0,
2893,2024-10-20,North,Footwear,Online,Consumer,6,13.88,0.05,51.43,28.54,22.89,6.0,
3104,2024-10-20,North,Outerwear,Online,Corporate,2,35.4,0.0,46.02,27.45,18.57,2.0,5.0
3161,2024-10-20,South,Footwear,Online,Consumer,4,115.89,0.15,256.12,156.82,99.3,4.0,
3325,2024-10-20,North,Footwear,Online,Consumer,1,28.27,0.1,16.54,10.32,6.22,10.0,2.0
3507,2024-10-20,South,Accessories,Retail,Consumer,5,64.57,0.1,188.87,108.41,80.46,7.0,4.0
3617,2024-10-20,West,Accessories,Wholesale,Consumer,276,32.62,0.1,5266.83,3062.34,2204.49,2.0,
4383,2024-10-20,West,Apparel,Retail,Consumer,6,72.01,0.0,280.84,197.03,83.81,6.0,1.0
4852,2024-10-20,East,Apparel,Online,Consumer,11,76.99,0.0,550.48,318.99,231.49,1.0,4.0
420,2024-10-21,North,Footwear,Wholesale,Corporate,71,48.01,0.05,2104.88,1343.97,760.91,12.0,2.0
970,2024-10-21,West,Outerwear,Wholesale,Home Office,327,36.72,0.1,7024.35,4090.35,2934.0,13.0,1.0
982,2024-10-21,North,Accessories,Retail,Consumer,3,35.26,0.0,68.76,39.36,29.4,1.0,5.0
1189,2024-10-21,East,Outerwear,Retail,Corporate,1,68.69,0.1,40.18,22.94,17.24,9.0,
1548,2024-10-21,North,Apparel,Wholesale,Consumer,269,67.75,0.1,10661.48,6501.21,4160.27,7.0,4.0
2595,2024-10-21,West,Footwear,Online,Consumer,6,64.37,0.1,225.94,133.93,92.01,5.0,2.0
4193,2024-10-21,North,Outerwear,Online,Corporate,2,172.88,0.05,213.51,126.77,86.74,9.0,
4596,2024-10-21,East,Apparel,Online,Home Office,7,34.65,0.0,157.66,93.0,64.66,7.0,5.0
4672,2024-10-21,West,Accessories,Wholesale,Home Office,106,40.02,0.05,2619.51,1630.54,988.97,11.0,
1074,2024-10-22,North,Apparel,Online,Corporate,2,54.71,0.0,71.12,44.02,27.1,6.0,1.0
1148,2024-10-22,South,Outerwear,Online,Corporate,7,23.47,0.1,96.11,52.9,43.21,11.0,4.0
2024,2024-10-22,East,Footwear,Online,Consumer,5,39.99,0.0,129.97,82.43,47.54,13.0,3.0
3214,2024-10-22,North,Footwear,Online,Consumer,9,26.0,0.15,129.28,80.04,49.24,2.0,1.0
3612,2024-10-22,North,Apparel,Online,Corporate,5,85.87,0.1,251.17,153.13,98.04,,2.0
4480,2024-10-22,West,Apparel,Retail,Corporate,3,89.96,0.0,175.42,129.33,46.09,4.0,5.0
509,2024-10-23,West,Apparel,Retail,Consumer,4,110.63,0.05,273.26,175.49,97.77,4.0,5.0
762,2024-10-23,West,Footwear,Online,Corporate,2,40.12,0.0,52.16,31.23,20.93,13.0,5.0
963,2024-10-23,West,Outerwear,Online,Corporate,10,34.38,0.1,201.12,115.07,86.05,1.0,1.0
1975,2024-10-23,East,Accessories,Wholesale,Corporate,292,25.03,0.0,4750.69,2755.29,1995.4,12.0,4.0
2665,2024-10-23,East,Apparel,Online,Consumer,1,75.49,0.0,49.07,25.28,23.79,13.0,5.0
2985,2024-10-23,North,Apparel,Online,Consumer,4,74.49,0.15,164.62,101.75,62.87,9.0,3.0
4870,2024-10-23,East,Apparel,Online,Home Office,10,201.4,0.25,981.82,627.45,354.37,,4.0
1238,2024-10-24,West,Apparel,Wholesale,Consumer,135,64.18,0.05,5350.21,3047.15,2303.06,7.0,5.0
2003,2024-10-24,East,Outerwear,Wholesale,Home Office,112,125.07,0.0,9105.1,4946.07,4159.03,7.0,
2179,2024-10-24,North,Apparel,Online,Consumer,7,62.65,0.0,285.06,186.78,98.28,3.0,2.0
3256,2024-10-24,South,Outerwear,Online,Corporate,7,31.64,0.15,122.37,78.6,43.77,11.0,
3622,2024-10-24,North,Outerwear,Retail,Consumer,6,63.25,0.1,222.01,141.34,80.67,11.0,5.0
3958,2024-10-24,West,Footwear,Online,Home Office,5,90.15,0.15,249.04,145.07,103.97,4.0,
4219,2024-10-24,South,Apparel,Wholesale,Consumer,388,67.65,0.1,15355.2,8538.42,6816.78,2.0,5.0
428,2024-10-25,West,Outerwear,Retail,Consumer,6,68.84,0.05,255.05,164.52,90.53,2.0,5.0
586,2024-10-25,North,Accessories,Online,Consumer,3,52.77,0.05,97.76,52.81,44.95,,1.0
3522,2024-10-25,West,Outerwear,Online,Consumer,11,57.07,0.25,306.04,196.89,109.15,4.0,2.0
4366,2024-10-25,East,Footwear,Online,Consumer,2,27.93,0.1,32.68,21.77,10.91,2.0,3.0
4468,2024-10-25,West,Footwear,Online,Corporate,11,68.5,0.05,465.29,276.12,189.17,5.0,4.0
151,2024-10-26,West,Accessories,Retail,Home Office,11,75.31,0.0,538.47,331.47,207.0,9.0,1.0
2005,2024-10-26,North,Footwear,Online,Consumer,3,18.71,0.0,36.48,20.06,16.42,7.0,2.0
4823,2024-10-26,South,Outerwear,Online,Home Office,1,94.59,0.0,61.48,36.23,25.25,14.0,
4865,2024-10-26,East,Apparel,Online,Consumer,10,21.4,0.15,118.24,75.96,42.28,14.0,1.0
2205,2024-10-27,North,Apparel,Retail,Consumer,9,38.92,0.1,204.91,128.65,76.26,11.0,
3543,2024-10-27,East,Footwear,Retail,Consumer,8,100.59,0.1,470.76,295.76,175.0,11.0,4.0
3604,2024-10-27,South,Apparel,Online,Home Office,5,45.52,0.0,147.94,104.41,43.53,12.0,
3931,2024-10-27,South,Apparel,Online,Corporate,3,58.63,0.1,102.9,67.06,35.84,4.0,5.0
4129,2024-10-27,East,Accessories,Online,Corporate,7,75.14,0.05,324.79,210.89,113.9,9.0,2.0
4556,2024-10-27,South,Footwear,Retail,Consumer,2,48.95,0.05,60.45,37.36,23.09,4.0,2.0
140,2024-10-28,West,Apparel,Online,Consumer,11,124.57,0.0,890.68,544.83,345.85,6.0,3.0
328,2024-10-28,South,Footwear,Retail,Corporate,9,74.39,0.0,435.18,281.03,154.15,7.0,3.0
902,2024-10-28,South,Outerwear,Online,Corporate,10,87.64,0.15,484.21,312.19,172.02,6.0,3.0
1029,2024-10-28,South,Apparel,Retail,Consumer,11,23.88,0.0,170.74,106.61,64.13,11.0,1.0
2885,2024-10-28,North,Apparel,Online,Consumer,7,56.59,0.0,257.48,157.58,99.9,,3.0
3378,2024-10-28,North,Accessories,Online,Corporate,6,26.2,0.0,102.18,68.62,33.56,3.0,
3875,2024-10-28,West,Footwear,Online,Consumer,5,74.38,0.0,241.74,153.53,88.21,7.0,3.0
4302,2024-10-28,East,Accessories,Retail,Corporate,1,35.51,0.1,20.77,13.66,7.11,14.0,4.0
82,2024-10-29,South,Outerwear,Retail,Home Office,1,43.65,0.25,21.28,12.62,8.66,2.0,3.0
536,2024-10-29,South,Accessories,Online,Consumer,8,33.43,0.0,173.84,106.38,67.46,8.0,2.0
894,2024-10-29,West,Accessories,Online,Corporate,7,59.12,0.0,269.0,189.71,79.29,13.0,
2338,2024-10-29,West,Apparel,Wholesale,Corporate,394,33.92,0.0,8686.91,5515.75,3171.16,12.0,5.0
2853,2024-10-29,South,Outerwear,Retail,Home Office,8,49.31,0.05,243.59,136.19,107.4,7.0,
4917,2024-10-29,South,Outerwear,Online,Consumer,11,80.95,0.0,578.79,366.39,212.4,12.0,5.0
411,2024-10-30,East,Apparel,Retail,Consumer,8,22.38,0.0,116.38,73.24,43.14,13.0,3.0
1826,2024-10-30,West,Apparel,Online,Consumer,4,25.83,0.0,67.16,39.63,27.53,2.0,4.0
2925,2024-10-30,East,Footwear,Online,Corporate,9,42.01,0.15,208.89,126.8,82.09,8.0,
3847,2024-10-30,South,Apparel,Online,Corporate,8,33.29,0.1,155.8,106.71,49.09,13.0,
3908,2024-10-30,North,Footwear,Online,Consumer,4,44.64,0.0,116.06,74.87,41.19,7.0,5.0
4006,2024-10-30,West,Footwear,Online,Consumer,2,118.57,0.0,154.14,83.6,70.54,11.0,2.0
4845,2024-10-30,West,Outerwear,Online,Corporate,11,107.7,0.0,770.06,489.52,280.54,4.0,1.0
356,2024-10-31,East,Footwear,Online,Consumer,1,96.33,0.0,62.61,38.87,23.74,12.0,3.0
608,2024-10-31,West,Footwear,Retail,Consumer,10,159.4,0.0,1036.1,682.93,353.17,,4.0
3573,2024-10-31,North,Apparel,Online,Corporate,9,176.8,0.1,930.85,603.81,327.04,14.0,3.0
4971,2024-10-31,North,Footwear,Online,Consumer,5,87.18,0.0,283.34,176.58,106.76,,5.0
268,2024-11-01,North,Apparel,Retail,Home Office,1,40.39,0.05,26.74,16.05,10.69,10.0,
847,2024-11-01,West,Outerwear,Wholesale,Consumer,350,60.55,0.0,14768.86,9677.65,5091.21,2.0,3.0
2459,2024-11-01,East,Apparel,Wholesale,Consumer,399,53.4,0.0,14848.38,9503.53,5344.85,2.0,4.0
2695,2024-11-01,North,Footwear,Retail,Consumer,3,52.1,0.05,103.48,61.83,41.65,,
4996,2024-11-01,South,Footwear,Retail,Corporate,3,81.99,0.1,154.27,92.36,61.91,12.0,1.0
203,2024-11-02,North,Outerwear,Retail,Consumer,8,72.33,0.0,403.25,252.21,151.04,11.0,1.0
390,2024-11-02,South,Accessories,Wholesale,Consumer,208,35.02,0.0,5076.27,2843.31,2232.96,12.0,5.0
2143,2024-11-02,West,Footwear,Online,Corporate,4,24.97,0.0,69.61,53.24,16.37,1.0,2.0
2597,2024-11-02,North,Footwear,Online,Corporate,1,26.65,0.0,18.57,12.22,6.35,,2.0
3094,2024-11-02,South,Footwear,Online,Consumer,2,65.12,0.0,90.76,58.38,32.38,2.0,5.0
3444,2024-11-02,North,Footwear,Online,Consumer,2,119.52,0.0,166.58,103.89,62.69,4.0,3.0
3555,2024-11-02,North,Outerwear,Wholesale,Home Office,395,80.71,0.15,18884.62,11000.42,7884.2,11.0,
4910,2024-11-02,South,Apparel,Online,Corporate,4,44.03,0.0,122.74,72.02,50.72,4.0,
647,2024-11-03,South,Footwear,Online,Consumer,10,39.62,0.15,234.69,151.1,83.59,,5.0
870,2024-11-03,South,Apparel,Online,Corporate,1,24.19,0.1,15.17,9.08,6.09,14.0,
2500,2024-11-03,South,Apparel,Online,Home Office,4,32.36,0.05,85.7,52.3,33.4,12.0,
2698,2024-11-03,East,Apparel,Online,Home Office,3,76.44,0.05,151.82,93.09,58.73,6.0,5.0
2878,2024-11-03,North,Accessories,Wholesale,Consumer,201,20.15,0.25,2116.89,1193.7,923.19,2.0,4.0
3685,2024-11-03,West,Apparel,Online,Corporate,1,62.64,0.0,43.65,28.69,14.96,7.0,5.0
4162,2024-11-03,North,Apparel,Online,Consumer,7,64.6,0.1,283.62,155.17,128.45,14.0,2.0
4892,2024-11-03,East,Outerwear,Retail,Consumer,3,60.87,0.05,120.9,70.05,50.85,2.0,3.0
831,2024-11-04,South,Accessories,Online,Corporate,8,111.09,0.05,588.37,370.12,218.25,14.0,4.0
971,2024-11-04,East,Footwear,Wholesale,Home Office,191,48.46,0.05,6127.81,3501.37,2626.44,6.0,2.0
1734,2024-11-04,South,Apparel,Wholesale,Consumer,111,45.24,0.0,3499.54,2299.74,1199.8,9.0,4.0
3029,2024-11-04,East,Footwear,Online,Consumer,7,87.59,0.05,405.92,238.32,167.6,8.0,2.0
3624,2024-11-04,East,Footwear,Online,Corporate,11,49.39,0.0,378.61,225.14,153.47,13.0,3.0
3987,2024-11-04,South,Apparel,Online,Consumer,1,21.7,0.0,15.12,9.68,5.44,10.0,
4525,2024-11-04,South,Accessories,Retail,Home Office,3,182.95,0.1,344.24,190.99,153.25,14.0,3.0
4718,2024-11-04,East,Footwear,Online,Consumer,4,116.32,0.0,324.25,223.57,100.68,9.0,
1327,2024-11-05,North,Footwear,Online,Corporate,10,69.78,0.15,413.35,266.0,147.35,8.0,
1417,2024-11-05,South,Footwear,Online,Consumer,11,107.67,0.1,742.84,549.42,193.42,3.0,
1510,2024-11-05,South,Footwear,Online,Consumer,11,22.01,0.0,168.72,116.52,52.2,1.0,5.0
1792,2024-11-05,East,Apparel,Online,Home Office,3,76.45,0.05,151.84,94.97,56.87,2.0,5.0
2699,2024-11-05,East,Accessories,Online,Consumer,6,24.29,0.0,101.56,65.33,36.23,10.0,
3591,2024-11-05,South,Footwear,Retail,Corporate,6,29.87,0.0,124.9,70.65,54.25,11.0,2.0
4255,2024-11-05,North,Apparel,Online,Home Office,7,48.09,0.05,222.86,122.2,100.66,2.0,1.0
260,2024-11-06,East,Footwear,Online,Home Office,11,31.2,0.15,203.3,143.6,59.7,2.0,
530,2024-11-06,West,Apparel,Online,Home Office,11,89.92,0.0,689.31,446.87,242.44,,5.0
1243,2024-11-06,West,Accessories,Online,Consumer,5,104.09,0.0,362.7,244.87,117.83,3.0,2.0
1291,2024-11-06,East,Outerwear,Retail,Home Office,10,30.34,0.25,158.58,89.56,69.02,9.0,3.0
2645,2024-11-06,East,Apparel,Wholesale,Consumer,56,58.03,0.0,2264.67,1276.39,988.28,6.0,
3045,2024-11-06,South,Outerwear,Online,Consumer,3,42.43,0.1,79.84,46.96,32.88,11.0,
3428,2024-11-06,North,Footwear,Wholesale,Corporate,237,75.74,0.0,12509.46,7578.05,4931.41,3.0,
3691,2024-11-06,West,Outerwear,Online,Consumer,2,31.43,0.05,41.62,21.05,20.57,7.0,
4093,2024-11-06,East,Outerwear,Online,Consumer,8,52.96,0.0,295.26,187.64,107.62,14.0,
4103,2024-11-06,East,Apparel,Retail,Consumer,1,126.33,0.15,74.83,44.1,30.73,10.0,5.0
4551,2024-11-06,North,Apparel,Online,Corporate,8,87.57,0.0,488.21,310.46,177.75,2.0,2.0
4653,2024-11-06,South,Outerwear,Wholesale,Consumer,128,105.19,0.0,9383.16,5776.06,3607.1,13.0,3.0
469,2024-11-07,West,Footwear,Online,Consumer,10,31.11,0.0,216.8,139.29,77.51,12.0,2.0
1322,2024-11-07,West,Apparel,Online,Consumer,3,59.27,0.0,123.91,83.39,40.52,,1.0
1722,2024-11-07,East,Outerwear,Online,Consumer,5,27.24,0.05,90.17,52.41,37.76,,
3311,2024-11-07,North,Accessories,Retail,Consumer,8,36.89,0.0,205.67,119.69,85.98,8.0,4.0
4631,2024-11-07,East,Apparel,Retail,Consumer,1,29.72,0.1,18.64,11.24,7.4,4.0,4.0
776,2024-11-08,West,Accessories,Online,Consumer,9,50.48,0.1,284.95,161.41,123.54,1.0,5.0
1610,2024-11-08,West,Footwear,Wholesale,Corporate,337,50.43,0.05,11251.42,6654.63,4596.79,3.0,4.0
2055,2024-11-08,West,Accessories,Retail,Corporate,6,52.32,0.0,218.77,149.83,68.94,,4.0
2224,2024-11-08,North,Apparel,Wholesale,Consumer,212,40.73,0.1,5415.74,3273.82,2141.92,6.0,5.0
2259,2024-11-08,West,Apparel,Retail,Consumer,9,24.81,0.05,147.83,95.57,52.26,9.0,5.0
2894,2024-11-08,East,Footwear,Retail,Corporate,5,32.03,0.05,106.03,65.65,40.38,8.0,3.0
3130,2024-11-08,West,Footwear,Online,Consumer,7,103.49,0.05,479.61,290.26,189.35,13.0,1.0
3220,2024-11-08,North,Apparel,Online,Consumer,4,83.22,0.1,208.78,134.21,74.57,7.0,
3397,2024-11-08,North,Accessories,Retail,Consumer,1,26.97,0.1,16.92,11.17,5.75,11.0,
4978,2024-11-08,North,Outerwear,Wholesale,Consumer,305,157.47,0.0,33470.53,19530.3,13940.23,,2.0
2461,2024-11-09,North,Apparel,Online,Consumer,11,29.12,0.15,189.74,114.7,75.04,13.0,4.0
3936,2024-11-09,South,Footwear,Retail,Home Office,9,29.84,0.05,177.8,108.83,68.97,6.0,5.0
4157,2024-11-09,South,Footwear,Wholesale,Corporate,362,10.66,0.0,2689.25,1486.81,1202.44,14.0,
423,2024-11-10,East,Footwear,Retail,Consumer,4,48.31,0.0,134.67,81.84,52.83,9.0,2.0
936,2024-11-10,South,Apparel,Online,Consumer,4,140.78,0.0,392.43,226.95,165.48,3.0,5.0
1538,2024-11-10,South,Footwear,Retail,Consumer,9,78.7,0.25,370.21,244.58,125.63,4.0,1.0
2050,2024-11-10,East,Footwear,Retail,Home Office,10,25.53,0.05,169.02,104.69,64.33,5.0,3.0
2122,2024-11-10,East,Outerwear,Retail,Consumer,6,93.44,0.1,351.63,227.49,124.14,10.0,
229,2024-11-11,East,Apparel,Wholesale,Consumer,174,96.55,0.1,10536.81,6036.62,4500.19,,4.0
413,2024-11-11,South,Footwear,Online,Consumer,8,80.99,0.0,451.53,285.69,165.84,2.0,1.0
2287,2024-11-11,West,Footwear,Retail,Home Office,4,48.28,0.05,127.85,79.25,48.6,8.0,3.0
4327,2024-11-11,South,Footwear,Online,Consumer,11,26.53,0.0,203.37,128.14,75.23,10.0,2.0
4697,2024-11-11,South,Apparel,Retail,Consumer,7,47.86,0.05,221.8,147.88,73.92,2.0,4.0
37,2024-11-12,South,Apparel,Wholesale,Consumer,60,9.5,0.25,297.92,185.85,112.07,7.0,3.0
874,2024-11-12,North,Footwear,Retail,Home Office,1,44.43,0.1,27.87,16.8,11.07,5.0,4.0
2074,2024-11-12,North,Apparel,Retail,Consumer,9,41.71,0.0,261.61,153.18,108.43,13.0,
2664,2024-11-12,North,Apparel,Online,Corporate,1,43.34,0.05,28.69,17.28,11.41,1.0,5.0
2943,2024-11-12,North,Outerwear,Online,Home Office,2,46.94,0.0,65.42,36.55,28.87,13.0,1.0
2986,2024-11-12,West,Outerwear,Wholesale,Consumer,303,45.16,0.0,9535.9,6537.96,2997.94,10.0,3.0
4098,2024-11-12,South,Footwear,Online,Consumer,4,30.0,0.15,71.08,41.39,29.69,4.0,3.0
4335,2024-11-12,West,Footwear,Retail,Consumer,4,85.95,0.05,227.61,135.04,92.57,10.0,5.0
4609,2024-11-12,West,Footwear,Retail,Corporate,5,51.1,0.0,178.06,105.72,72.34,10.0,
4867,2024-11-12,South,Apparel,Retail,Corporate,10,55.91,0.0,389.63,248.31,141.32,9.0,3.0
1532,2024-11-13,East,Footwear,Online,Consumer,10,63.62,0.25,332.52,210.08,122.44,2.0,
2509,2024-11-13,South,Outerwear,Retail,Consumer,11,95.04,0.25,546.42,335.07,211.35,12.0,2.0
3191,2024-11-13,West,Outerwear,Retail,Consumer,8,95.62,0.1,479.78,281.0,198.78,12.0,
3572,2024-11-13,North,Outerwear,Retail,Consumer,7,85.54,0.05,396.42,247.37,149.05,6.0,3.0
212,2024-11-14,West,Outerwear,Wholesale,Consumer,92,96.05,0.0,6158.15,3627.29,2530.86,,4.0
739,2024-11-14,South,Footwear,Online,Home Office,5,119.68,0.1,375.32,223.37,151.95,6.0,
999,2024-11-14,West,Footwear,Online,Home Office,9,75.24,0.1,424.72,260.96,163.76,7.0,1.0
2208,2024-11-14,South,Apparel,Online,Consumer,11,32.51,0.0,249.22,158.04,91.18,1.0,3.0
2435,2024-11-14,East,Apparel,Retail,Consumer,8,69.51,0.0,387.53,244.02,143.51,10.0,1.0
3321,2024-11-14,South,Apparel,Retail,Consumer,7,38.94,0.0,189.96,114.92,75.04,10.0,1.0
3475,2024-11-14,East,Footwear,Online,Consumer,8,64.58,0.15,306.04,192.03,114.01,10.0,
3520,2024-11-14,West,Accessories,Wholesale,Corporate,49,33.3,0.0,1137.12,764.66,372.46,10.0,
1234,2024-11-15,East,Footwear,Wholesale,Corporate,291,69.01,0.0,13994.9,9241.8,4753.1,7.0,4.0
4406,2024-11-15,South,Footwear,Wholesale,Consumer,190,17.24,0.0,2282.74,1419.65,863.09,12.0,
4799,2024-11-15,North,Footwear,Wholesale,Consumer,107,61.2,0.05,4335.35,2948.82,1386.53,2.0,
4818,2024-11-15,West,Apparel,Online,Consumer,3,138.19,0.0,288.91,173.61,115.3,5.0,1.0
274,2024-11-16,South,Outerwear,Retail,Corporate,5,25.8,0.05,85.4,52.33,33.07,,4.0
956,2024-11-16,West,Accessories,Online,Home Office,6,168.06,0.0,702.72,390.92,311.8,8.0,3.0
1133,2024-11-16,South,Accessories,Retail,Consumer,4,53.41,0.0,148.88,90.88,58.0,5.0,3.0
2720,2024-11-16,East,Footwear,Online,Corporate,9,88.56,0.0,555.45,307.28,248.17,2.0,2.0
3028,2024-11-16,North,Accessories,Online,Consumer,8,18.69,0.15,88.57,52.89,35.68,14.0,3.0
3510,2024-11-16,North,Apparel,Online,Corporate,2,131.67,0.25,137.64,90.73,46.91,1.0,
3864,2024-11-16,East,Apparel,Retail,Corporate,11,79.18,0.0,606.98,399.98,207.0,3.0,3.0
405,2024-11-17,East,Accessories,Online,Consumer,7,36.0,0.15,149.27,94.04,55.23,14.0,3.0
1287,2024-11-17,North,Accessories,Online,Consumer,10,61.78,0.15,365.96,235.85,130.11,12.0,5.0
1442,2024-11-17,West,Footwear,Wholesale,Home Office,256,39.58,0.0,7061.24,4381.67,2679.57,1.0,2.0
1581,2024-11-17,East,Apparel,Online,Consumer,8,32.66,0.0,182.08,107.45,74.63,3.0,3.0
2171,2024-11-17,West,Footwear,Online,Consumer,5,34.5,0.0,120.21,86.57,33.64,2.0,
2672,2024-11-17,South,Accessories,Online,Consumer,1,57.56,0.05,38.11,24.76,13.35,1.0,4.0
2783,2024-11-17,East,Outerwear,Wholesale,Consumer,244,24.75,0.05,3998.1,2503.15,1494.95,13.0,4.0
3119,2024-11-17,East,Apparel,Online,Home Office,8,156.17,0.25,653.0,413.77,239.23,9.0,3.0
3229,2024-11-17,South,Apparel,Retail,Consumer,1,38.71,0.1,24.28,13.8,10.48,10.0,1.0
3370,2024-11-17,South,Accessories,Retail,Home Office,11,136.99,0.0,1050.14,697.15,352.99,3.0,3.0
3609,2024-11-17,North,Accessories,Retail,Consumer,8,76.12,0.0,424.38,285.07,139.31,4.0,2.0
3838,2024-11-17,East,Apparel,Online,Consumer,6,30.72,0.15,109.18,61.96,47.22,12.0,3.0
258,2024-11-18,East,Apparel,Retail,Consumer,3,80.11,0.0,167.48,97.76,69.72,10.0,2.0
524,2024-11-18,East,Footwear,Retail,Home Office,10,19.7,0.1,123.56,77.74,45.82,14.0,4.0
882,2024-11-18,East,Apparel,Retail,Consumer,11,52.25,0.0,400.54,239.28,161.26,2.0,3.0
3168,2024-11-18,East,Footwear,Online,Consumer,3,28.84,0.0,60.3,39.91,20.39,,1.0
3238,2024-11-18,East,Footwear,Online,Home Office,7,63.07,0.1,276.9,171.98,104.92,,
4898,2024-11-18,South,Footwear,Online,Consumer,10,14.02,0.0,97.7,67.82,29.88,3.0,4.0
4906,2024-11-18,South,Accessories,Online,Consumer,8,28.93,0.0,161.29,93.65,67.64,4.0,
1437,2024-11-19,North,Apparel,Retail,Consumer,2,65.23,0.05,86.37,51.33,35.04,3.0,2.0
1743,2024-11-19,East,Outerwear,Online,Corporate,2,59.27,0.05,78.48,45.01,33.47,5.0,4.0
2042,2024-11-19,East,Apparel,Wholesale,Consumer,296,62.41,0.15,10942.83,7260.7,3682.13,11.0,2.0
3202,2024-11-19,South,Outerwear,Wholesale,Home Office,275,45.73,0.1,7887.54,5056.36,2831.18,4.0,4.0
3331,2024-11-19,West,Apparel,Online,Corporate,1,67.15,0.0,46.8,29.91,16.89,8.0,3.0
3501,2024-11-19,West,Apparel,Wholesale,Home Office,308,59.3,0.0,12728.3,8286.44,4441.86,,4.0
3528,2024-11-19,East,Apparel,Retail,Consumer,10,49.91,0.15,295.65,184.61,111.04,5.0,
4023,2024-11-19,South,Accessories,Online,Consumer,10,116.61,0.25,609.48,390.02,219.46,8.0,3.0
4039,2024-11-19,South,Footwear,Wholesale,Consumer,231,85.78,0.25,10356.77,6644.0,3712.77,8.0,3.0
4074,2024-11-19,South,Outerwear,Online,Consumer,5,43.27,0.05,143.23,91.3,51.93,13.0,3.0
74,2024-11-20,West,Footwear,Online,Consumer,10,58.7,0.05,388.62,255.27,133.35,1.0,3.0
289,2024-11-20,North,Accessories,Online,Corporate,9,76.15,0.05,453.73,285.4,168.33,11.0,5.0
614,2024-11-20,North,Outerwear,Retail,Corporate,3,67.77,0.0,141.68,89.92,51.76,12.0,1.0
917,2024-11-20,North,Accessories,Retail,Consumer,4,106.47,0.05,281.95,190.91,91.04,2.0,
1905,2024-11-20,North,Apparel,Retail,Consumer,4,66.38,0.05,175.79,106.39,69.4,13.0,4.0
2101,2024-11-20,South,Footwear,Online,Corporate,3,39.59,0.0,82.77,50.87,31.9,8.0,1.0
2244,2024-11-20,South,Apparel,Online,Corporate,4,16.97,0.05,44.94,31.21,13.73,1.0,
2522,2024-11-20,East,Outerwear,Online,Consumer,1,215.08,0.0,149.89,92.04,57.85,14.0,5.0
3122,2024-11-20,East,Outerwear,Online,Consumer,9,34.62,0.0,217.14,150.45,66.69,13.0,1.0
3735,2024-11-20,North,Apparel,Online,Consumer,3,41.81,0.1,78.67,50.76,27.91,14.0,2.0
4317,2024-11-20,North,Footwear,Retail,Corporate,6,32.45,0.0,135.68,79.45,56.23,3.0,3.0
146,2024-11-21,West,Outerwear,Retail,Consumer,7,57.98,0.05,268.7,184.7,84.0,10.0,4.0
164,2024-11-21,East,Footwear,Online,Consumer,5,56.7,0.0,197.57,110.39,87.18,4.0,2.0
3806,2024-11-21,South,Apparel,Online,Consumer,11,48.72,0.05,354.8,213.2,141.6,13.0,
4197,2024-11-21,North,Outerwear,Online,Consumer,6,68.41,0.05,271.74,159.88,111.86,6.0,
1641,2024-11-22,West,Footwear,Online,Corporate,1,41.96,0.0,29.24,17.53,11.71,7.0,3.0
1839,2024-11-22,East,Accessories,Wholesale,Consumer,89,29.89,0.05,1761.18,1062.53,698.65,1.0,
3452,2024-11-22,East,Apparel,Retail,Consumer,7,27.45,0.1,120.52,68.51,52.01,13.0,3.0
3890,2024-11-22,South,Footwear,Online,Corporate,1,76.99,0.15,45.61,31.36,14.25,4.0,3.0
4732,2024-11-22,West,Footwear,Online,Corporate,11,43.66,0.0,334.69,210.75,123.94,7.0,2.0
4903,2024-11-22,West,Accessories,Wholesale,Corporate,246,28.47,0.1,4392.68,2899.07,1493.61,3.0,3.0
879,2024-11-23,South,Apparel,Online,Home Office,2,44.87,0.15,53.16,30.96,22.2,3.0,1.0
2329,2024-11-23,North,Apparel,Online,Consumer,5,71.47,0.05,236.58,151.15,85.43,8.0,5.0
2488,2024-11-23,North,Outerwear,Retail,Consumer,2,28.37,0.0,39.54,24.28,15.26,12.0,3.0
2984,2024-11-23,East,Footwear,Retail,Consumer,8,51.53,0.0,287.29,161.44,125.85,12.0,2.0
3181,2024-11-23,North,Apparel,Wholesale,Home Office,146,50.06,0.05,4838.74,2908.25,1930.49,4.0,
3585,2024-11-23,South,Footwear,Online,Consumer,1,24.48,0.05,16.21,10.34,5.87,14.0,1.0
4170,2024-11-23,West,Outerwear,Retail,Corporate,3,56.9,0.0,118.96,79.11,39.85,10.0,
4381,2024-11-23,West,Apparel,Retail,Corporate,10,75.78,0.0,528.1,343.78,184.32,13.0,5.0
4401,2024-11-23,West,Apparel,Retail,Home Office,3,71.27,0.0,149.0,82.92,66.08,,2.0
4911,2024-11-23,South,Footwear,Online,Corporate,10,49.17,0.15,291.26,178.76,112.5,,4.0
531,2024-11-24,West,Apparel,Retail,Consumer,4,55.77,0.0,155.46,88.89,66.57,,1.0
564,2024-11-24,West,Outerwear,Retail,Corporate,3,59.34,0.0,124.06,84.04,40.02,9.0,3.0
822,2024-11-24,East,Apparel,Online,Corporate,4,50.15,0.05,132.81,74.71,58.1,2.0,3.0
1047,2024-11-24,South,Accessories,Online,Consumer,11,27.25,0.0,208.89,119.11,89.78,14.0,2.0
1252,2024-11-24,East,Accessories,Retail,Consumer,1,35.2,0.0,24.53,15.46,9.07,,3.0
1572,2024-11-24,North,Accessories,Wholesale,Consumer,316,27.82,0.05,5820.13,3147.6,2672.53,6.0,1.0
1762,2024-11-24,West,Accessories,Online,Consumer,9,40.77,0.25,191.78,131.01,60.77,8.0,
3809,2024-11-24,South,Footwear,Retail,Home Office,10,46.01,0.0,320.64,197.57,123.07,9.0,1.0
4647,2024-11-24,East,Footwear,Wholesale,Consumer,389,39.41,0.15,9081.13,5822.68,3258.45,11.0,5.0
473,2024-11-25,West,Apparel,Online,Corporate,6,40.96,0.0,171.27,108.01,63.26,12.0,2.0
592,2024-11-25,South,Apparel,Online,Corporate,8,47.33,0.0,263.87,150.04,113.83,9.0,3.0
1323,2024-11-25,West,Apparel,Online,Consumer,9,88.78,0.0,556.83,333.34,223.49,7.0,2.0
1660,2024-11-25,North,Footwear,Online,Home Office,7,45.14,0.0,220.2,137.37,82.83,5.0,3.0
2058,2024-11-25,West,Apparel,Online,Home Office,4,65.92,0.0,183.76,118.27,65.49,13.0,5.0
2227,2024-11-25,West,Footwear,Retail,Consumer,5,60.22,0.05,199.34,123.64,75.7,11.0,4.0
2238,2024-11-25,South,Accessories,Online,Corporate,11,55.56,0.0,425.91,267.76,158.15,5.0,
3037,2024-11-25,North,Outerwear,Retail,Corporate,1,75.53,0.05,50.0,32.51,17.49,5.0,
3707,2024-11-25,East,Footwear,Online,Consumer,2,37.29,0.05,49.38,31.29,18.09,2.0,
4273,2024-11-25,West,Accessories,Online,Corporate,6,12.15,0.1,45.72,27.52,18.2,,5.0
1162,2024-11-26,South,Apparel,Retail,Consumer,2,76.52,0.0,106.65,72.16,34.49,3.0,
1213,2024-11-26,South,Apparel,Online,Consumer,5,52.03,0.0,181.3,103.84,77.46,8.0,
1441,2024-11-26,South,Footwear,Online,Home Office,1,22.13,0.0,15.42,9.89,5.53,8.0,5.0
1542,2024-11-26,North,Apparel,Online,Consumer,5,50.91,0.05,168.52,105.22,63.3,6.0,1.0
1866,2024-11-26,South,Accessories,Online,Consumer,8,135.56,0.1,680.19,401.77,278.42,12.0,2.0
2891,2024-11-26,North,Footwear,Retail,Consumer,3,22.88,0.0,47.83,31.57,16.26,7.0,1.0
2919,2024-11-26,West,Apparel,Online,Corporate,9,30.99,0.1,174.93,103.67,71.26,9.0,1.0
3760,2024-11-26,North,Outerwear,Online,Consumer,7,95.26,0.1,418.23,232.91,185.32,11.0,4.0
178,2024-11-27,South,Accessories,Retail,Consumer,8,47.33,0.0,263.87,156.89,106.98,2.0,1.0
364,2024-11-27,East,Apparel,Online,Consumer,4,51.26,0.05,135.75,92.28,43.47,8.0,3.0
1914,2024-11-27,South,Footwear,Online,Corporate,9,74.97,0.05,446.7,273.37,173.33,14.0,1.0
2607,2024-11-27,North,Footwear,Retail,Consumer,6,41.51,0.0,173.57,100.16,73.41,8.0,
3032,2024-11-27,West,Apparel,Retail,Consumer,8,74.85,0.0,417.3,282.27,135.03,2.0,5.0
141,2024-11-28,South,Footwear,Online,Consumer,11,20.0,0.05,145.65,75.66,69.99,,4.0
293,2024-11-28,North,Apparel,Retail,Consumer,5,60.42,0.05,200.0,128.32,71.68,11.0,2.0
294,2024-11-28,North,Footwear,Online,Corporate,10,66.81,0.0,465.59,290.96,174.63,,3.0
1847,2024-11-28,East,Footwear,Online,Corporate,6,124.39,0.25,390.09,231.22,158.87,5.0,
2577,2024-11-28,East,Apparel,Retail,Consumer,10,31.13,0.05,206.1,127.87,78.23,,2.0
3595,2024-11-28,North,Footwear,Retail,Consumer,8,82.51,0.0,460.0,328.01,131.99,11.0,
4503,2024-11-28,South,Apparel,Wholesale,Consumer,171,52.92,0.05,5991.07,3531.43,2459.64,13.0,1.0
210,2024-11-29,South,Footwear,Online,Consumer,11,22.31,0.0,171.02,105.33,65.69,7.0,5.0
596,2024-11-29,West,Accessories,Online,Consumer,8,20.75,0.0,115.68,73.88,41.8,3.0,
873,2024-11-29,West,Footwear,Wholesale,Consumer,95,122.39,0.0,8102.79,5117.43,2985.36,3.0,1.0
1640,2024-11-29,North,Apparel,Online,Consumer,4,39.6,0.25,82.79,43.36,39.43,11.0,1.0
1657,2024-11-29,North,Footwear,Online,Consumer,9,54.51,0.05,324.79,217.69,107.1,5.0,
2776,2024-11-29,South,Footwear,Online,Consumer,3,30.61,0.0,64.0,39.15,24.85,10.0,1.0
3093,2024-11-29,South,Outerwear,Retail,Consumer,3,88.46,0.0,184.94,125.82,59.12,1.0,
3731,2024-11-29,South,Footwear,Online,Consumer,5,49.82,0.05,164.92,105.66,59.26,3.0,4.0
4356,2024-11-29,North,Apparel,Online,Corporate,1,48.79,0.0,34.0,22.25,11.75,11.0,4.0
4623,2024-11-29,East,Apparel,Online,Corporate,5,116.7,0.0,406.64,248.8,157.84,5.0,5.0
1232,2024-11-30,East,Footwear,Online,Consumer,4,103.91,0.15,246.21,163.76,82.45,3.0,
2073,2024-11-30,North,Footwear,Online,Corporate,4,150.7,0.15,357.07,220.92,136.15,1.0,5.0
2881,2024-11-30,North,Apparel,Online,Corporate,7,67.29,0.1,295.43,182.12,113.31,13.0,4.0
3211,2024-11-30,South,Apparel,Online,Consumer,10,47.14,0.0,328.51,210.77,117.74,13.0,3.0
3223,2024-11-30,North,Apparel,Online,Consumer,10,49.48,0.1,310.34,204.27,106.07,12.0,5.0
4220,2024-11-30,West,Footwear,Online,Corporate,10,93.59,0.05,619.61,338.58,281.03,4.0,2.0
1943,2024-12-01,East,Accessories,Online,Consumer,7,54.08,0.25,234.23,149.35,84.88,2.0,
2937,2024-12-01,East,Apparel,Online,Home Office,2,18.5,0.0,30.52,18.96,11.56,,
4035,2024-12-01,North,Footwear,Wholesale,Consumer,184,73.4,0.0,11142.12,6864.31,4277.81,1.0,1.0
4887,2024-12-01,North,Apparel,Retail,Consumer,5,38.67,0.0,159.51,98.9,60.61,4.0,
467,2024-12-02,South,Apparel,Retail,Home Office,11,57.86,0.0,525.08,327.68,197.4,8.0,
658,2024-12-02,West,Apparel,Retail,Home Office,10,66.03,0.1,490.27,311.22,179.05,4.0,1.0
1046,2024-12-02,East,Footwear,Retail,Corporate,1,45.08,0.15,31.61,17.82,13.79,6.0,2.0
2123,2024-12-02,North,Apparel,Online,Consumer,3,42.58,0.25,79.04,45.26,33.78,11.0,5.0
2355,2024-12-02,South,Footwear,Online,Consumer,5,60.84,0.1,225.87,133.52,92.35,8.0,2.0
2809,2024-12-02,East,Apparel,Online,Consumer,6,116.13,0.0,574.84,376.09,198.75,9.0,4.0
3169,2024-12-02,North,Footwear,Online,Consumer,4,68.39,0.0,225.69,136.28,89.41,8.0,3.0
3369,2024-12-02,West,Apparel,Retail,Consumer,9,49.37,0.05,348.24,209.15,139.09,3.0,3.0
4238,2024-12-02,West,Apparel,Online,Consumer,7,81.79,0.15,401.49,263.02,138.47,7.0,
265,2024-12-03,North,Outerwear,Wholesale,Consumer,167,41.9,0.05,5484.13,3418.68,2065.45,,
904,2024-12-03,South,Apparel,Online,Corporate,7,76.38,0.1,396.99,245.79,151.2,5.0,
1444,2024-12-03,North,Accessories,Retail,Consumer,9,98.53,0.1,658.43,376.59,281.84,13.0,4.0
2091,2024-12-03,West,Accessories,Retail,Consumer,3,46.99,0.0,116.3,69.19,47.11,8.0,5.0
2294,2024-12-03,North,Accessories,Wholesale,Consumer,277,28.74,0.0,6567.81,3985.2,2582.61,8.0,4.0
3358,2024-12-03,East,Accessories,Wholesale,Home Office,287,20.23,0.0,4789.96,2889.07,1900.89,7.0,
4342,2024-12-03,North,Accessories,Online,Consumer,11,32.9,0.0,298.57,203.58,94.99,10.0,1.0
479,2024-12-04,West,Apparel,Retail,Consumer,1,26.27,0.0,21.67,14.09,7.58,3.0,5.0
1099,2024-12-04,North,Accessories,Online,Corporate,3,24.36,0.15,51.25,30.3,20.95,7.0,3.0
1233,2024-12-04,North,Accessories,Retail,Home Office,6,49.16,0.0,243.34,143.11,100.23,7.0,4.0
1746,2024-12-04,West,Accessories,Retail,Consumer,1,21.55,0.1,16.0,10.56,5.44,12.0,3.0
3277,2024-12-04,South,Footwear,Retail,Consumer,7,89.42,0.0,516.4,307.46,208.94,,3.0
4213,2024-12-04,North,Accessories,Retail,Corporate,3,111.0,0.0,274.72,177.15,97.57,4.0,
4274,2024-12-04,West,Apparel,Retail,Home Office,11,27.47,0.0,249.29,149.76,99.53,,2.0
379,2024-12-05,South,Accessories,Retail,Corporate,10,33.69,0.1,250.15,159.99,90.16,5.0,5.0
962,2024-12-05,West,Outerwear,Wholesale,Consumer,266,35.67,0.0,7827.78,4803.32,3024.46,1.0,3.0
3437,2024-12-05,North,Outerwear,Retail,Consumer,3,114.48,0.0,283.34,188.53,94.81,9.0,2.0
3891,2024-12-05,East,Apparel,Online,Home Office,10,44.54,0.1,330.71,201.03,129.68,4.0,3.0
4811,2024-12-05,West,Apparel,Online,Consumer,7,64.39,0.0,371.85,232.57,139.28,14.0,1.0
724,2024-12-06,North,Footwear,Retail,Consumer,8,69.91,0.05,438.34,281.56,156.78,2.0,2.0
1763,2024-12-06,West,Apparel,Online,Consumer,3,36.32,0.0,89.89,61.65,28.24,12.0,5.0
2866,2024-12-06,East,Outerwear,Online,Consumer,6,18.4,0.05,86.53,52.61,33.92,7.0,1.0
3799,2024-12-06,West,Outerwear,Online,Corporate,4,71.34,0.1,211.88,137.26,74.62,5.0,
4076,2024-12-06,West,Apparel,Online,Consumer,8,67.7,0.0,446.82,243.66,203.16,6.0,4.0
959,2024-12-07,East,Accessories,Online,Consumer,1,62.6,0.15,43.9,25.63,18.27,9.0,5.0
1945,2024-12-07,North,Accessories,Online,Consumer,10,47.81,0.15,335.27,223.63,111.64,11.0,
4036,2024-12-07,West,Apparel,Retail,Consumer,9,46.05,0.05,324.83,206.47,118.36,13.0,4.0
4888,2024-12-07,South,Accessories,Retail,Consumer,6,92.62,0.0,458.47,296.54,161.93,6.0,2.0
77,2024-12-08,East,Outerwear,Retail,Consumer,6,96.01,0.1,427.72,256.92,170.8,11.0,
507,2024-12-08,North,Apparel,Retail,Consumer,2,123.81,0.0,204.29,132.85,71.44,13.0,3.0
901,2024-12-08,East,Apparel,Online,Home Office,11,92.23,0.0,836.99,523.06,313.93,4.0,2.0
1508,2024-12-08,South,Footwear,Online,Corporate,10,46.01,0.0,379.58,216.64,162.94,14.0,1.0
1544,2024-12-08,East,Footwear,Online,Consumer,9,67.04,0.0,497.77,345.51,152.26,9.0,3.0
3243,2024-12-08,North,Apparel,Online,Consumer,9,47.02,0.05,331.67,189.63,142.04,1.0,5.0
3764,2024-12-08,East,Apparel,Online,Home Office,11,35.03,0.0,317.9,186.29,131.61,3.0,5.0
4940,2024-12-08,East,Accessories,Wholesale,Home Office,143,31.51,0.0,3717.39,2446.83,1270.56,8.0,3.0
1550,2024-12-09,North,Outerwear,Retail,Corporate,7,61.94,0.05,339.82,191.82,148.0,,2.0
3895,2024-12-09,South,Apparel,Retail,Home Office,1,55.72,0.15,39.07,27.11,11.96,3.0,5.0
211,2024-12-10,South,Footwear,Retail,Consumer,4,98.19,0.0,324.03,205.81,118.22,9.0,3.0
653,2024-12-10,West,Apparel,Wholesale,Consumer,372,50.33,0.0,15446.28,9422.74,6023.54,9.0,1.0
2067,2024-12-10,West,Outerwear,Retail,Corporate,4,37.19,0.0,122.73,62.28,60.45,9.0,
2464,2024-12-10,East,Outerwear,Online,Consumer,6,66.56,0.15,280.05,179.92,100.13,11.0,4.0
3206,2024-12-10,West,Outerwear,Online,Home Office,4,69.08,0.1,205.17,132.41,72.76,2.0,4.0
161,2024-12-11,South,Accessories,Retail,Consumer,9,46.66,0.05,329.13,214.52,114.61,9.0,1.0
1501,2024-12-11,West,Footwear,Retail,Consumer,8,69.88,0.15,392.03,246.8,145.23,,2.0
1527,2024-12-11,North,Accessories,Online,Corporate,8,67.92,0.25,336.2,207.15,129.05,,
1726,2024-12-11,North,Accessories,Online,Corporate,8,139.98,0.05,877.67,477.57,400.1,11.0,
2507,2024-12-11,West,Apparel,Online,Corporate,2,159.4,0.0,263.01,152.67,110.34,1.0,4.0
3138,2024-12-11,North,Outerwear,Retail,Corporate,11,120.22,0.0,1091.0,667.97,423.03,2.0,3.0
3156,2024-12-11,North,Footwear,Retail,Consumer,4,16.54,0.05,51.85,33.59,18.26,10.0,1.0
3438,2024-12-11,West,Apparel,Retail,Consumer,2,58.77,0.0,96.97,61.9,35.07,13.0,4.0
4195,2024-12-11,South,Footwear,Online,Corporate,8,58.9,0.0,388.74,222.15,166.59,12.0,2.0
622,2024-12-12,South,Outerwear,Online,Consumer,9,92.53,0.15,583.98,341.16,242.82,3.0,4.0
1725,2024-12-12,West,Footwear,Online,Consumer,3,97.17,0.25,180.37,99.46,80.91,7.0,
2405,2024-12-12,North,Apparel,Retail,Consumer,1,38.61,0.0,31.85,18.47,13.38,2.0,4.0
2421,2024-12-12,South,Footwear,Wholesale,Consumer,169,88.4,0.0,12325.17,7738.71,4586.46,9.0,3.0
3560,2024-12-12,East,Outerwear,Online,Home Office,2,34.48,0.1,51.2,35.46,15.74,4.0,2.0
4616,2024-12-12,South,Accessories,Wholesale,Corporate,87,45.38,0.0,3257.15,1891.96,1365.19,2.0,5.0
120,2024-12-13,North,Footwear,Online,Consumer,3,31.96,0.0,79.1,50.29,28.81,7.0,
324,2024-12-13,North,Outerwear,Wholesale,Corporate,262,110.16,0.0,23811.08,15018.93,8792.15,,5.0
756,2024-12-13,West,Outerwear,Wholesale,Corporate,259,15.91,0.05,3229.59,2063.59,1166.0,8.0,1.0
929,2024-12-13,West,Apparel,Wholesale,Corporate,123,70.49,0.0,7152.97,4426.07,2726.9,14.0,2.0
1024,2024-12-13,West,Footwear,Wholesale,Consumer,71,30.53,0.0,1788.29,1056.72,731.57,8.0,1.0
1091,2024-12-13,South,Apparel,Online,Corporate,5,117.51,0.25,363.55,218.42,145.13,2.0,4.0
1269,2024-12-13,South,Footwear,Online,Consumer,3,107.92,0.0,267.1,154.65,112.45,13.0,4.0
1881,2024-12-13,West,Apparel,Online,Consumer,7,47.57,0.05,260.98,179.1,81.88,1.0,4.0
2874,2024-12-13,North,Apparel,Retail,Consumer,9,48.3,0.0,358.63,207.79,150.84,6.0,4.0
3395,2024-12-13,South,Accessories,Wholesale,Consumer,237,136.92,0.0,26771.28,16441.52,10329.76,5.0,3.0
4032,2024-12-13,North,Footwear,Retail,Corporate,2,92.72,0.0,152.99,86.76,66.23,3.0,
4361,2024-12-13,North,Footwear,Online,Home Office,1,69.38,0.0,57.24,36.21,21.03,12.0,2.0
4614,2024-12-13,North,Footwear,Online,Consumer,9,100.52,0.25,559.77,344.24,215.53,2.0,4.0
4873,2024-12-13,South,Apparel,Online,Corporate,5,70.07,0.05,274.59,171.4,103.19,5.0,
24,2024-12-14,West,Apparel,Online,Consumer,5,53.85,0.05,211.02,135.16,75.86,2.0,
421,2024-12-14,North,Footwear,Retail,Home Office,11,62.28,0.0,565.19,373.92,191.27,7.0,3.0
1535,2024-12-14,North,Apparel,Retail,Corporate,1,38.21,0.0,31.52,21.0,10.52,,3.0
1770,2024-12-14,East,Outerwear,Online,Consumer,6,38.6,0.05,181.52,115.69,65.83,6.0,5.0
2015,2024-12-14,South,Apparel,Online,Consumer,5,33.96,0.0,140.08,85.33,54.75,4.0,1.0
3126,2024-12-14,South,Accessories,Online,Consumer,9,45.84,0.15,289.31,194.74,94.57,,3.0
513,2024-12-15,East,Footwear,Online,Corporate,3,133.3,0.1,296.93,185.35,111.58,12.0,1.0
1263,2024-12-15,South,Apparel,Online,Corporate,3,30.25,0.0,74.87,45.9,28.97,12.0,1.0
1349,2024-12-15,North,Apparel,Online,Corporate,3,120.42,0.0,298.04,157.08,140.96,4.0,1.0
2070,2024-12-15,North,Apparel,Online,Corporate,9,57.66,0.0,428.13,294.81,133.32,11.0,3.0
3106,2024-12-15,South,Footwear,Wholesale,Consumer,243,53.98,0.15,9198.39,5468.72,3729.67,12.0,3.0
4292,2024-12-15,East,Accessories,Online,Consumer,4,77.48,0.0,255.68,141.84,113.84,1.0,2.0
4388,2024-12-15,West,Footwear,Online,Consumer,5,63.39,0.0,261.48,156.88,104.6,3.0,5.0
143,2024-12-16,West,Apparel,Wholesale,Corporate,368,36.85,0.0,11187.66,6662.52,4525.14,13.0,2.0
194,2024-12-16,East,Footwear,Online,Consumer,1,24.97,0.25,15.45,10.12,5.33,6.0,5.0
700,2024-12-16,North,Footwear,Retail,Home Office,7,31.81,0.0,183.7,119.36,64.34,10.0,
864,2024-12-16,South,Outerwear,Wholesale,Consumer,68,56.66,0.0,3178.63,1913.1,1265.53,3.0,
896,2024-12-16,East,Footwear,Retail,Corporate,3,17.07,0.1,38.02,23.3,14.72,4.0,5.0
947,2024-12-16,East,Apparel,Retail,Corporate,4,58.1,0.0,191.73,113.61,78.12,11.0,2.0
2075,2024-12-16,West,Accessories,Online,Home Office,8,51.83,0.1,307.87,188.7,119.17,11.0,1.0
2214,2024-12-16,North,Outerwear,Online,Corporate,6,63.59,0.0,314.77,195.33,119.44,8.0,3.0
2302,2024-12-16,South,Apparel,Retail,Consumer,11,63.89,0.1,521.82,329.17,192.65,11.0,3.0
4319,2024-12-16,East,Apparel,Retail,Consumer,2,50.55,0.15,70.9,43.39,27.51,1.0,4.0
4426,2024-12-16,East,Apparel,Online,Consumer,3,43.55,0.0,107.79,62.15,45.64,10.0,5.0
4434,2024-12-16,South,Footwear,Retail,Home Office,6,30.65,0.0,151.72,95.62,56.1,4.0,5.0
4445,2024-12-16,West,Footwear,Online,Consumer,11,58.38,0.0,529.8,319.73,210.07,2.0,5.0
124,2024-12-17,North,Accessories,Online,Consumer,10,40.0,0.0,330.0,203.19,126.81,,4.0
574,2024-12-17,South,Apparel,Online,Corporate,7,41.94,0.25,181.65,101.89,79.76,14.0,1.0
1320,2024-12-17,East,Apparel,Online,Consumer,8,36.66,0.0,241.96,149.75,92.21,3.0,
1392,2024-12-17,West,Apparel,Retail,Consumer,8,61.79,0.0,407.81,240.35,167.46,14.0,2.0
1539,2024-12-17,North,Footwear,Online,Consumer,4,37.21,0.1,110.51,72.33,38.18,12.0,
1680,2024-12-17,West,Apparel,Online,Corporate,4,13.07,0.0,43.13,27.28,15.85,4.0,
3164,2024-12-17,North,Apparel,Online,Consumer,10,49.37,0.05,386.94,231.65,155.29,3.0,4.0
4243,2024-12-17,North,Footwear,Online,Corporate,5,67.74,0.1,251.48,147.66,103.82,5.0,3.0
169,2024-12-18,East,Outerwear,Retail,Consumer,9,67.23,0.15,424.31,275.86,148.45,3.0,1.0
1318,2024-12-18,North,Outerwear,Online,Corporate,6,60.78,0.0,300.86,222.46,78.4,1.0,
1353,2024-12-18,East,Footwear,Retail,Consumer,11,51.08,0.15,394.02,248.41,145.61,12.0,
1589,2024-12-18,East,Apparel,Retail,Consumer,5,90.02,0.0,371.33,203.78,167.55,6.0,3.0
2144,2024-12-18,West,Outerwear,Online,Consumer,3,105.53,0.0,261.19,153.37,107.82,4.0,1.0
2737,2024-12-18,North,Footwear,Online,Corporate,6,42.01,0.0,207.95,128.53,79.42,4.0,4.0
4808,2024-12-18,East,Accessories,Online,Home Office,7,36.84,0.15,180.84,110.83,70.01,10.0,1.0
2933,2024-12-19,South,Outerwear,Online,Consumer,9,81.35,0.0,604.02,350.87,253.15,11.0,3.0
3361,2024-12-19,East,Accessories,Retail,Consumer,7,80.83,0.0,466.79,295.06,171.73,12.0,
4228,2024-12-19,North,Footwear,Online,Corporate,8,60.77,0.0,401.08,269.31,131.77,7.0,3.0
1111,2024-12-20,West,Apparel,Retail,Home Office,8,73.52,0.0,485.23,324.58,160.65,1.0,1.0
2270,2024-12-20,East,Footwear,Wholesale,Home Office,255,51.48,0.1,9747.09,5684.48,4062.61,10.0,4.0
3068,2024-12-20,West,Apparel,Online,Consumer,9,70.06,0.25,390.15,253.94,136.21,14.0,3.0
3761,2024-12-20,West,Apparel,Wholesale,Corporate,67,43.09,0.05,2262.71,1360.19,902.52,6.0,1.0
4343,2024-12-20,North,Footwear,Retail,Consumer,10,30.27,0.15,212.27,142.3,69.97,10.0,
948,2024-12-21,West,Accessories,Online,Consumer,11,56.02,0.0,508.38,350.21,158.17,,
2026,2024-12-21,West,Footwear,Retail,Consumer,4,60.03,0.0,198.1,120.83,77.27,1.0,
2837,2024-12-21,West,Footwear,Wholesale,Consumer,45,50.36,0.0,1869.61,1080.01,789.6,4.0,2.0
1257,2024-12-22,North,Accessories,Retail,Consumer,2,59.14,0.1,87.82,53.72,34.1,1.0,2.0
436,2024-12-23,North,Footwear,Retail,Consumer,8,38.34,0.0,253.04,162.88,90.16,4.0,4.0
490,2024-12-23,North,Footwear,Online,Consumer,7,67.3,0.0,388.66,230.02,158.64,5.0,2.0
824,2024-12-23,East,Footwear,Online,Home Office,10,101.65,0.0,838.61,546.13,292.48,5.0,1.0
2082,2024-12-23,East,Outerwear,Online,Consumer,8,81.96,0.0,540.94,303.42,237.52,10.0,5.0
2285,2024-12-23,North,Outerwear,Online,Consumer,7,29.88,0.0,172.56,109.81,62.75,7.0,1.0
2554,2024-12-23,South,Footwear,Online,Consumer,5,45.36,0.05,177.75,125.42,52.33,8.0,2.0
2676,2024-12-23,North,Apparel,Online,Corporate,2,40.73,0.0,67.2,40.78,26.42,8.0,5.0
4838,2024-12-23,South,Outerwear,Wholesale,Consumer,278,80.5,0.0,18462.67,12563.28,5899.39,12.0,1.0
1008,2024-12-24,South,Outerwear,Retail,Home Office,7,43.62,0.0,251.91,176.69,75.22,13.0,3.0
1302,2024-12-24,West,Apparel,Retail,Home Office,9,90.95,0.15,574.01,378.28,195.73,2.0,
1899,2024-12-24,North,Apparel,Online,Consumer,3,71.36,0.0,176.62,116.74,59.88,3.0,4.0
3880,2024-12-24,West,Accessories,Online,Consumer,1,41.04,0.1,30.47,18.87,11.6,13.0,3.0
4402,2024-12-24,East,Apparel,Online,Consumer,3,15.39,0.0,38.09,25.92,12.17,,4.0
281,2024-12-25,West,Accessories,Retail,Consumer,5,49.87,0.0,205.71,119.81,85.9,1.0,1.0
412,2024-12-25,West,Footwear,Online,Consumer,1,46.66,0.0,38.49,24.11,14.38,13.0,3.0
1541,2024-12-25,West,Outerwear,Retail,Consumer,2,116.66,0.0,192.49,125.41,67.08,4.0,3.0
2105,2024-12-25,West,Apparel,Online,Consumer,3,38.13,0.0,94.37,59.51,34.86,8.0,4.0
2610,2024-12-25,East,Footwear,Wholesale,Corporate,220,87.84,0.1,14348.66,9021.23,5327.43,5.0,2.0
3061,2024-12-25,North,Footwear,Wholesale,Home Office,159,93.27,0.0,12234.69,7790.19,4444.5,13.0,3.0
3242,2024-12-25,East,Footwear,Online,Consumer,11,139.06,0.15,1072.67,675.24,397.43,13.0,2.0
3308,2024-12-25,North,Footwear,Online,Consumer,3,72.0,0.0,178.2,120.58,57.62,11.0,2.0
4089,2024-12-25,South,Apparel,Online,Consumer,3,15.76,0.0,39.01,24.19,14.82,12.0,5.0
483,2024-12-26,South,Outerwear,Online,Corporate,3,34.15,0.1,76.07,45.26,30.81,5.0,1.0
649,2024-12-26,North,Accessories,Wholesale,Consumer,211,46.55,0.0,8103.19,5349.86,2753.33,7.0,
1097,2024-12-26,West,Outerwear,Online,Consumer,9,21.78,0.0,161.72,98.82,62.9,,5.0
1700,2024-12-26,East,Accessories,Wholesale,Corporate,225,102.82,0.1,17177.37,10704.4,6472.97,4.0,4.0
2185,2024-12-26,East,Apparel,Retail,Consumer,8,72.45,0.0,478.17,300.92,177.25,,1.0
2284,2024-12-26,East,Apparel,Online,Consumer,2,54.65,0.25,67.63,42.69,24.94,2.0,1.0
3151,2024-12-26,West,Footwear,Wholesale,Consumer,363,57.69,0.0,17276.71,11742.51,5534.2,4.0,1.0
1679,2024-12-27,South,Apparel,Online,Consumer,10,35.47,0.0,292.63,195.43,97.2,4.0,1.0
2912,2024-12-27,South,Apparel,Online,Consumer,11,53.7,0.0,487.33,335.75,151.58,14.0,
3233,2024-12-27,East,Accessories,Retail,Corporate,7,29.27,0.0,169.03,120.86,48.17,8.0,4.0
3903,2024-12-27,East,Footwear,Online,Consumer,3,66.45,0.0,164.46,97.25,67.21,9.0,5.0
4277,2024-12-27,West,Apparel,Retail,Corporate,1,21.78,0.0,17.97,12.0,5.97,9.0,2.0
4571,2024-12-27,North,Accessories,Online,Corporate,1,43.47,0.1,32.28,20.73,11.55,1.0,
4922,2024-12-27,South,Apparel,Online,Home Office,3,39.39,0.0,97.49,63.33,34.16,1.0,2.0
55,2024-12-28,East,Accessories,Online,Consumer,3,45.07,0.0,111.55,66.81,44.74,2.0,4.0
280,2024-12-28,West,Footwear,Retail,Consumer,11,62.62,0.1,511.45,280.28,231.17,3.0,1.0
1487,2024-12-28,North,Apparel,Online,Consumer,8,93.58,0.0,617.63,410.24,207.39,5.0,3.0
2486,2024-12-28,West,Apparel,Online,Consumer,11,25.29,0.05,218.03,138.34,79.69,2.0,
2917,2024-12-28,West,Apparel,Online,Consumer,10,23.3,0.0,192.22,120.83,71.39,11.0,
3056,2024-12-28,South,Apparel,Online,Consumer,1,48.33,0.1,35.89,21.46,14.43,7.0,4.0
3057,2024-12-28,East,Footwear,Online,Consumer,9,75.19,0.1,502.46,320.11,182.35,10.0,
4939,2024-12-28,South,Apparel,Online,Consumer,10,60.24,0.0,496.98,300.39,196.59,1.0,
110,2024-12-29,West,Footwear,Retail,Home Office,10,78.69,0.05,616.73,368.96,247.77,14.0,
1683,2024-12-29,South,Apparel,Online,Corporate,1,81.18,0.0,66.97,40.43,26.54,9.0,
1907,2024-12-29,East,Outerwear,Wholesale,Consumer,72,89.43,0.05,5046.53,2943.53,2103.0,14.0,1.0
2931,2024-12-29,North,Apparel,Retail,Corporate,5,44.2,0.15,154.98,96.96,58.02,4.0,2.0
3379,2024-12-29,West,Apparel,Online,Consumer,9,43.96,0.0,326.4,196.79,129.61,5.0,2.0
4087,2024-12-29,West,Outerwear,Online,Corporate,5,57.02,0.0,235.21,137.44,97.77,14.0,2.0
4542,2024-12-29,East,Footwear,Online,Home Office,8,19.43,0.1,115.41,68.32,47.09,4.0,
1820,2024-12-30,East,Footwear,Retail,Corporate,3,86.78,0.1,193.3,107.78,85.52,9.0,1.0
3634,2024-12-30,South,Accessories,Online,Consumer,11,75.85,0.0,688.34,429.2,259.14,14.0,1.0
2161,2024-12-31,West,Accessories,Retail,Consumer,7,85.58,0.0,494.22,299.23,194.99,,2.0
2163,2024-12-31,East,Apparel,Online,Consumer,10,35.46,0.15,248.66,154.58,94.08,12.0,
2735,2024-12-31,South,Apparel,Retail,Consumer,5,48.39,0.0,199.61,123.88,75.73,1.0,
3025,2024-12-31,West,Accessories,Retail,Consumer,2,142.52,0.15,199.88,119.54,80.34,13.0,5.0
214,2025-01-01,North,Accessories,Retail,Consumer,9,142.01,0.0,1278.09,762.95,515.14,14.0,3.0
1006,2025-01-01,North,Footwear,Wholesale,Consumer,110,36.86,0.0,4054.6,2612.86,1441.74,6.0,
1436,2025-01-01,North,Footwear,Retail,Consumer,1,17.78,0.05,16.89,8.84,8.05,4.0,4.0
1806,2025-01-01,South,Footwear,Online,Consumer,3,17.68,0.15,45.08,28.14,16.94,12.0,2.0
3855,2025-01-01,South,Footwear,Online,Corporate,4,17.82,0.05,67.72,41.05,26.67,1.0,2.0
4894,2025-01-01,East,Apparel,Wholesale,Home Office,185,57.6,0.1,9590.4,5642.51,3947.89,5.0,
1675,2025-01-02,West,Apparel,Retail,Consumer,10,66.57,0.05,632.41,362.96,269.45,2.0,2.0
1843,2025-01-02,East,Footwear,Wholesale,Home Office,161,65.89,0.05,10077.88,6329.98,3747.9,6.0,3.0
2320,2025-01-02,West,Footwear,Retail,Corporate,3,11.97,0.25,26.93,16.39,10.54,9.0,3.0
4497,2025-01-02,South,Apparel,Online,Consumer,10,77.56,0.0,775.6,424.28,351.32,13.0,
4669,2025-01-02,East,Apparel,Online,Consumer,7,44.29,0.0,310.03,197.27,112.76,5.0,5.0
4743,2025-01-02,West,Footwear,Online,Consumer,5,28.18,0.1,126.81,80.28,46.53,7.0,3.0
440,2025-01-03,North,Footwear,Retail,Consumer,5,43.91,0.0,219.55,147.11,72.44,12.0,2.0
758,2025-01-03,South,Accessories,Retail,Consumer,11,26.82,0.0,295.02,188.61,106.41,10.0,4.0
1525,2025-01-03,East,Apparel,Online,Home Office,6,30.47,0.0,182.82,108.92,73.9,13.0,4.0
1678,2025-01-03,East,Footwear,Wholesale,Corporate,150,52.06,0.15,6637.65,4196.52,2441.13,1.0,
2731,2025-01-03,West,Outerwear,Online,Home Office,11,42.25,0.15,395.04,260.2,134.84,13.0,2.0
3262,2025-01-03,West,Apparel,Online,Home Office,6,30.35,0.05,173.0,113.17,59.83,,3.0
587,2025-01-04,West,Outerwear,Retail,Corporate,3,32.62,0.1,88.07,53.25,34.82,1.0,4.0
1497,2025-01-04,East,Outerwear,Retail,Consumer,2,32.42,0.05,61.6,38.62,22.98,8.0,4.0
2090,2025-01-04,South,Footwear,Online,Consumer,2,67.23,0.0,134.46,74.24,60.22,12.0,1.0
2275,2025-01-04,East,Accessories,Online,Consumer,6,116.6,0.05,664.62,400.34,264.28,5.0,2.0
2736,2025-01-04,West,Footwear,Retail,Consumer,2,101.38,0.1,182.48,113.94,68.54,12.0,1.0
4122,2025-01-04,East,Apparel,Retail,Consumer,10,40.5,0.0,405.0,266.71,138.29,13.0,1.0
4514,2025-01-04,North,Apparel,Wholesale,Consumer,286,9.41,0.0,2691.26,1798.47,892.79,10.0,5.0
434,2025-01-05,East,Outerwear,Online,Consumer,6,23.87,0.1,128.9,82.4,46.5,6.0,2.0
1184,2025-01-05,North,Apparel,Online,Consumer,4,67.28,0.1,242.21,150.36,91.85,9.0,
1271,2025-01-05,East,Footwear,Online,Home Office,9,59.61,0.0,536.49,307.71,228.78,8.0,1.0
2433,2025-01-05,North,Outerwear,Wholesale,Consumer,330,29.03,0.0,9579.9,5390.45,4189.45,7.0,4.0
1687,2025-01-06,North,Apparel,Online,Corporate,2,22.47,0.15,38.2,24.52,13.68,8.0,5.0
1708,2025-01-06,East,Apparel,Online,Consumer,3,24.96,0.0,74.88,48.98,25.9,1.0,5.0
3711,2025-01-06,South,Outerwear,Online,Corporate,2,64.01,0.1,115.22,69.97,45.25,7.0,2.0
4132,2025-01-06,South,Accessories,Retail,Home Office,7,8.21,0.0,57.47,38.61,18.86,9.0,2.0
4770,2025-01-06,North,Accessories,Online,Home Office,3,84.97,0.0,254.91,166.26,88.65,9.0,4.0
4881,2025-01-06,South,Apparel,Retail,Consumer,11,50.39,0.15,471.15,276.08,195.07,1.0,1.0
1626,2025-01-07,North,Accessories,Online,Home Office,3,31.88,0.15,81.29,51.36,29.93,7.0,
1865,2025-01-07,East,Apparel,Online,Consumer,3,34.89,0.1,94.2,56.47,37.73,13.0,2.0
3763,2025-01-07,West,Footwear,Online,Consumer,6,58.26,0.25,262.17,161.32,100.85,3.0,
3823,2025-01-07,South,Apparel,Wholesale,Consumer,305,39.39,0.25,9010.46,6086.92,2923.54,1.0,
4756,2025-01-07,North,Accessories,Online,Consumer,5,62.68,0.05,297.73,196.7,101.03,14.0,
827,2025-01-08,North,Outerwear,Retail,Consumer,5,75.08,0.1,337.86,216.84,121.02,,2.0
1315,2025-01-08,North,Apparel,Retail,Corporate,10,34.57,0.05,328.42,215.8,112.62,,5.0
2425,2025-01-08,South,Outerwear,Wholesale,Home Office,232,40.05,0.1,8362.44,5380.46,2981.98,,5.0
4532,2025-01-08,East,Outerwear,Online,Consumer,4,94.75,0.05,360.05,237.68,122.37,4.0,
1554,2025-01-09,East,Outerwear,Online,Corporate,11,33.29,0.0,366.19,217.35,148.84,3.0,1.0
2787,2025-01-09,North,Apparel,Online,Consumer,1,190.8,0.05,181.26,118.72,62.54,,
4364,2025-01-09,South,Footwear,Online,Corporate,6,33.02,0.0,198.12,134.31,63.81,13.0,2.0
44,2025-01-10,South,Apparel,Wholesale,Home Office,315,84.01,0.0,26463.15,16207.43,10255.72,13.0,2.0
1809,2025-01-10,West,Footwear,Retail,Corporate,6,52.27,0.0,313.62,178.86,134.76,13.0,1.0
2369,2025-01-10,East,Accessories,Online,Corporate,10,48.43,0.0,484.3,295.38,188.92,11.0,4.0
2868,2025-01-10,West,Accessories,Online,Home Office,5,52.23,0.0,261.15,166.72,94.43,3.0,1.0
3550,2025-01-10,South,Accessories,Online,Consumer,2,68.64,0.05,130.42,80.72,49.7,3.0,
4798,2025-01-10,West,Outerwear,Online,Consumer,9,123.72,0.0,1113.48,668.49,444.99,7.0,
136,2025-01-11,South,Outerwear,Online,Home Office,3,28.81,0.0,86.43,57.41,29.02,6.0,
1051,2025-01-11,West,Apparel,Retail,Consumer,8,32.12,0.0,256.96,147.91,109.05,4.0,5.0
2155,2025-01-11,South,Accessories,Online,Consumer,1,118.32,0.05,112.4,73.01,39.39,6.0,3.0
2716,2025-01-11,South,Apparel,Online,Corporate,7,139.02,0.15,827.17,521.54,305.63,12.0,5.0
2801,2025-01-11,East,Accessories,Online,Corporate,5,67.55,0.05,320.86,181.38,139.48,10.0,
3246,2025-01-11,East,Accessories,Retail,Consumer,4,27.77,0.15,94.42,50.3,44.12,6.0,2.0
4472,2025-01-11,West,Accessories,Online,Corporate,4,40.06,0.15,136.2,87.19,49.01,3.0,5.0
277,2025-01-12,South,Footwear,Online,Consumer,11,11.74,0.0,129.14,76.69,52.45,14.0,2.0
409,2025-01-12,West,Apparel,Retail,Consumer,8,96.97,0.05,736.97,441.54,295.43,6.0,5.0
548,2025-01-12,South,Footwear,Online,Consumer,2,90.53,0.1,162.95,98.52,64.43,,
1188,2025-01-12,East,Apparel,Online,Home Office,1,21.84,0.0,21.84,14.53,7.31,3.0,1.0
1908,2025-01-12,North,Footwear,Retail,Corporate,1,57.68,0.05,54.8,34.83,19.97,6.0,
2099,2025-01-12,East,Outerwear,Wholesale,Home Office,129,98.99,0.0,12769.71,7591.29,5178.42,2.0,5.0
3629,2025-01-12,West,Accessories,Wholesale,Consumer,394,33.88,0.05,12681.28,7455.26,5226.02,6.0,5.0
4804,2025-01-12,West,Outerwear,Wholesale,Consumer,72,41.82,0.1,2709.94,1796.74,913.2,9.0,2.0
1014,2025-01-13,West,Outerwear,Retail,Consumer,1,52.91,0.05,50.26,30.44,19.82,3.0,3.0
1282,2025-01-13,West,Apparel,Online,Corporate,9,30.32,0.0,272.88,163.23,109.65,3.0,3.0
1805,2025-01-13,South,Footwear,Online,Consumer,11,76.17,0.1,754.08,496.93,257.15,,
2424,2025-01-13,South,Accessories,Retail,Corporate,3,38.29,0.1,103.38,66.57,36.81,4.0,4.0
2568,2025-01-13,South,Apparel,Wholesale,Consumer,103,22.05,0.1,2044.04,1346.12,697.92,3.0,4.0
2758,2025-01-13,South,Accessories,Retail,Consumer,3,45.49,0.0,136.47,85.81,50.66,11.0,1.0
3827,2025-01-13,East,Outerwear,Online,Consumer,3,41.81,0.05,119.16,72.45,46.71,13.0,1.0
4526,2025-01-13,North,Apparel,Retail,Consumer,1,11.99,0.0,11.99,7.8,4.19,11.0,4.0
18,2025-01-14,South,Outerwear,Wholesale,Consumer,107,119.23,0.05,12119.73,8403.9,3715.83,,
246,2025-01-14,North,Outerwear,Retail,Consumer,3,48.9,0.0,146.7,93.99,52.71,11.0,5.0
1130,2025-01-14,West,Footwear,Online,Consumer,1,31.16,0.0,31.16,19.7,11.46,2.0,3.0
1150,2025-01-14,North,Accessories,Online,Consumer,6,71.43,0.05,407.15,277.18,129.97,11.0,2.0
1970,2025-01-14,South,Outerwear,Online,Consumer,7,39.35,0.15,234.13,144.65,89.48,8.0,1.0
2115,2025-01-14,East,Footwear,Online,Home Office,11,98.95,0.25,816.34,561.76,254.58,9.0,
2256,2025-01-14,North,Footwear,Online,Consumer,5,37.43,0.0,187.15,124.28,62.87,,3.0
4155,2025-01-14,East,Outerwear,Wholesale,Home Office,128,45.11,0.0,5774.08,3637.87,2136.21,10.0,4.0
4436,2025-01-14,East,Apparel,Online,Home Office,7,119.42,0.0,835.94,469.42,366.52,1.0,4.0
224,2025-01-15,North,Accessories,Online,Corporate,4,128.83,0.05,489.55,277.17,212.38,2.0,1.0
578,2025-01-15,South,Apparel,Online,Home Office,5,88.29,0.0,441.45,288.99,152.46,11.0,2.0
1166,2025-01-15,North,Apparel,Retail,Consumer,10,18.52,0.0,185.2,114.04,71.16,3.0,
1797,2025-01-15,North,Accessories,Retail,Home Office,5,40.67,0.1,183.02,110.71,72.31,13.0,2.0
2662,2025-01-15,North,Outerwear,Online,Consumer,2,63.2,0.25,94.8,60.77,34.03,11.0,3.0
2915,2025-01-15,South,Footwear,Online,Corporate,1,46.58,0.25,34.94,19.7,15.24,14.0,4.0
4606,2025-01-15,North,Apparel,Wholesale,Corporate,247,34.22,0.0,8452.34,5601.12,2851.22,,2.0
4934,2025-01-15,East,Apparel,Wholesale,Consumer,350,30.48,0.1,9601.2,6408.63,3192.57,3.0,1.0
705,2025-01-16,South,Footwear,Retail,Home Office,9,155.22,0.15,1187.43,810.24,377.19,,3.0
883,2025-01-16,North,Outerwear,Online,Consumer,3,33.42,0.0,100.26,67.67,32.59,2.0,2.0
1714,2025-01-16,East,Accessories,Retail,Consumer,5,83.13,0.0,415.65,305.49,110.16,,3.0
2738,2025-01-16,West,Outerwear,Wholesale,Consumer,370,36.71,0.05,12903.56,7386.87,5516.69,14.0,
3313,2025-01-16,West,Apparel,Online,Corporate,10,59.44,0.05,564.68,364.32,200.36,9.0,3.0
3952,2025-01-16,East,Apparel,Online,Consumer,7,85.84,0.0,600.88,397.51,203.37,6.0,1.0
4403,2025-01-16,East,Footwear,Online,Corporate,1,11.48,0.0,11.48,7.41,4.07,14.0,4.0
41,2025-01-17,North,Footwear,Retail,Corporate,4,43.45,0.05,165.11,87.81,77.3,9.0,5.0
887,2025-01-17,South,Apparel,Wholesale,Consumer,87,96.31,0.0,8378.97,5349.75,3029.22,10.0,1.0
924,2025-01-17,North,Accessories,Wholesale,Corporate,160,56.59,0.05,8601.68,5393.63,3208.05,13.0,3.0
1303,2025-01-17,South,Footwear,Retail,Corporate,7,63.38,0.0,443.66,290.39,153.27,7.0,
1639,2025-01-17,East,Apparel,Wholesale,Consumer,347,80.69,0.05,26599.46,15701.94,10897.52,1.0,
1935,2025-01-17,West,Outerwear,Online,Consumer,8,44.93,0.05,341.47,221.8,119.67,6.0,1.0
3537,2025-01-17,West,Accessories,Online,Corporate,9,36.74,0.0,330.66,206.58,124.08,3.0,3.0
4622,2025-01-17,North,Apparel,Online,Consumer,1,23.4,0.0,23.4,15.71,7.69,2.0,3.0
1103,2025-01-18,North,Apparel,Online,Consumer,8,71.35,0.1,513.72,315.43,198.29,11.0,
1346,2025-01-18,North,Accessories,Retail,Consumer,7,53.59,0.1,337.62,205.09,132.53,13.0,2.0
1380,2025-01-18,West,Footwear,Online,Consumer,2,71.85,0.05,136.51,75.04,61.47,11.0,4.0
2269,2025-01-18,East,Accessories,Wholesale,Consumer,81,15.99,0.05,1230.43,820.0,410.43,9.0,2.0
2608,2025-01-18,East,Footwear,Retail,Consumer,9,45.84,0.0,412.56,254.78,157.78,13.0,4.0
3915,2025-01-18,West,Apparel,Retail,Consumer,8,21.79,0.05,165.6,103.13,62.47,9.0,2.0
4156,2025-01-18,East,Accessories,Retail,Home Office,5,45.47,0.0,227.35,137.1,90.25,6.0,3.0
378,2025-01-19,West,Apparel,Online,Home Office,6,46.72,0.25,210.24,128.37,81.87,8.0,5.0
659,2025-01-19,West,Outerwear,Online,Consumer,4,104.61,0.05,397.52,260.86,136.66,8.0,5.0
1622,2025-01-19,East,Apparel,Wholesale,Consumer,91,42.75,0.1,3501.22,2128.15,1373.07,13.0,4.0
3322,2025-01-19,East,Accessories,Retail,Consumer,1,93.79,0.0,93.79,55.67,38.12,13.0,4.0
4322,2025-01-19,West,Outerwear,Retail,Consumer,9,37.54,0.05,320.97,205.11,115.86,7.0,2.0
4729,2025-01-19,West,Apparel,Online,Home Office,8,78.41,0.0,627.28,375.51,251.77,5.0,1.0
814,2025-01-20,South,Apparel,Retail,Consumer,11,19.37,0.05,202.42,127.62,74.8,8.0,4.0
1131,2025-01-20,East,Footwear,Online,Consumer,4,52.45,0.1,188.82,105.33,83.49,2.0,2.0
1585,2025-01-20,South,Footwear,Online,Consumer,3,48.92,0.0,146.76,94.48,52.28,6.0,3.0
1644,2025-01-20,West,Apparel,Online,Consumer,7,36.56,0.0,255.92,161.37,94.55,11.0,1.0
1669,2025-01-20,East,Footwear,Retail,Home Office,3,58.83,0.0,176.49,112.51,63.98,12.0,
2588,2025-01-20,South,Footwear,Retail,Corporate,2,37.13,0.0,74.26,43.93,30.33,1.0,3.0
3975,2025-01-20,West,Apparel,Online,Home Office,6,75.23,0.0,451.38,267.16,184.22,11.0,
546,2025-01-21,West,Footwear,Retail,Consumer,9,15.75,0.25,106.31,67.73,38.58,9.0,2.0
1214,2025-01-21,West,Outerwear,Online,Consumer,2,50.77,0.15,86.31,57.06,29.25,14.0,5.0
1855,2025-01-21,South,Apparel,Wholesale,Consumer,386,29.68,0.05,10883.66,6599.84,4283.82,12.0,2.0
2153,2025-01-21,North,Outerwear,Online,Consumer,5,22.28,0.0,111.4,67.6,43.8,4.0,4.0
2233,2025-01-21,South,Accessories,Wholesale,Home Office,57,66.73,0.05,3613.43,2233.63,1379.8,11.0,
2880,2025-01-21,North,Outerwear,Online,Corporate,9,33.09,0.0,297.81,181.3,116.51,9.0,3.0
3767,2025-01-21,North,Apparel,Online,Consumer,11,91.15,0.0,1002.65,661.94,340.71,6.0,2.0
4574,2025-01-21,North,Outerwear,Online,Corporate,9,86.87,0.0,781.83,421.2,360.63,6.0,
777,2025-01-22,North,Footwear,Online,Corporate,10,75.03,0.0,750.3,512.47,237.83,11.0,
1297,2025-01-22,West,Accessories,Online,Corporate,5,39.07,0.05,185.58,124.73,60.85,12.0,
1383,2025-01-22,South,Apparel,Online,Consumer,4,76.42,0.05,290.4,159.87,130.53,1.0,2.0
1919,2025-01-22,South,Accessories,Online,Consumer,8,96.37,0.15,655.32,393.62,261.7,9.0,
3272,2025-01-22,East,Accessories,Online,Consumer,9,38.52,0.0,346.68,194.56,152.12,13.0,2.0
3418,2025-01-22,North,Footwear,Online,Corporate,9,79.23,0.15,606.11,364.32,241.79,3.0,1.0
3506,2025-01-22,West,Footwear,Wholesale,Corporate,237,118.38,0.0,28056.06,17965.59,10090.47,6.0,3.0
3745,2025-01-22,North,Apparel,Wholesale,Consumer,381,21.36,0.15,6917.44,4353.75,2563.69,5.0,2.0
4196,2025-01-22,West,Footwear,Online,Home Office,7,48.52,0.05,322.66,193.7,128.96,6.0,
4209,2025-01-22,North,Apparel,Wholesale,Corporate,106,50.47,0.0,5349.82,3355.46,1994.36,11.0,3.0
4610,2025-01-22,West,Footwear,Retail,Consumer,9,94.08,0.0,846.72,565.79,280.93,1.0,
1403,2025-01-23,South,Accessories,Online,Corporate,7,57.03,0.1,359.29,215.5,143.79,,2.0
2023,2025-01-23,South,Outerwear,Online,Corporate,7,62.85,0.05,417.95,267.81,150.14,14.0,5.0
2085,2025-01-23,West,Footwear,Retail,Consumer,10,38.99,0.05,370.4,257.22,113.18,7.0,3.0
3323,2025-01-23,North,Footwear,Online,Consumer,8,62.15,0.0,497.2,299.23,197.97,3.0,2.0
437,2025-01-24,West,Accessories,Online,Consumer,5,71.19,0.0,355.95,206.73,149.22,5.0,5.0
3643,2025-01-24,East,Apparel,Wholesale,Consumer,242,20.81,0.0,5036.02,3068.78,1967.24,4.0,5.0
3802,2025-01-24,North,Accessories,Retail,Consumer,5,74.48,0.15,316.54,182.56,133.98,14.0,4.0
4679,2025-01-24,West,Footwear,Wholesale,Consumer,233,92.19,0.05,20406.26,15123.7,5282.56,12.0,
96,2025-01-25,North,Outerwear,Wholesale,Corporate,315,45.7,0.0,14395.5,9125.77,5269.73,11.0,2.0
805,2025-01-25,South,Accessories,Retail,Corporate,10,45.88,0.0,458.8,305.53,153.27,2.0,
1654,2025-01-25,West,Apparel,Online,Consumer,6,156.83,0.15,799.83,490.95,308.88,13.0,1.0
4133,2025-01-25,East,Accessories,Retail,Consumer,10,140.0,0.05,1330.0,802.34,527.66,6.0,4.0
4620,2025-01-25,East,Apparel,Online,Home Office,3,91.64,0.0,274.92,174.28,100.64,10.0,
56,2025-01-26,South,Accessories,Retail,Home Office,8,41.29,0.0,330.32,211.69,118.63,3.0,2.0
1592,2025-01-26,North,Footwear,Retail,Corporate,2,18.05,0.0,36.1,21.83,14.27,,4.0
2808,2025-01-26,South,Footwear,Online,Home Office,2,27.35,0.1,49.23,29.55,19.68,6.0,
2871,2025-01-26,North,Apparel,Online,Consumer,1,59.71,0.0,59.71,41.38,18.33,7.0,1.0
3240,2025-01-26,South,Footwear,Online,Consumer,6,56.14,0.1,303.16,168.27,134.89,9.0,3.0
3988,2025-01-26,North,Apparel,Online,Corporate,3,79.41,0.15,202.5,118.7,83.8,7.0,5.0
4624,2025-01-26,West,Outerwear,Online,Consumer,1,33.71,0.1,30.34,16.95,13.39,,1.0
4864,2025-01-26,West,Apparel,Online,Consumer,5,41.32,0.05,196.27,130.07,66.2,8.0,5.0
730,2025-01-27,North,Apparel,Retail,Corporate,3,122.52,0.0,367.56,228.84,138.72,8.0,
1105,2025-01-27,South,Outerwear,Retail,Consumer,6,13.54,0.1,73.12,43.23,29.89,8.0,1.0
1230,2025-01-27,North,Accessories,Retail,Corporate,11,48.38,0.0,532.18,335.55,196.63,4.0,4.0
3342,2025-01-27,South,Accessories,Retail,Consumer,5,23.06,0.05,109.54,70.8,38.74,4.0,
4360,2025-01-27,South,Accessories,Retail,Consumer,7,19.35,0.0,135.45,79.68,55.77,3.0,4.0
4463,2025-01-27,North,Accessories,Online,Consumer,4,72.26,0.0,289.04,168.57,120.47,6.0,2.0
4520,2025-01-27,North,Apparel,Wholesale,Consumer,127,47.87,0.05,5775.52,3715.24,2060.28,13.0,4.0
1591,2025-01-28,West,Apparel,Wholesale,Consumer,236,44.65,0.15,8956.79,5232.31,3724.48,10.0,5.0
1985,2025-01-28,South,Apparel,Online,Consumer,7,25.48,0.0,178.36,112.0,66.36,13.0,4.0
2358,2025-01-28,East,Accessories,Online,Consumer,2,41.68,0.1,75.02,41.46,33.56,7.0,1.0
3925,2025-01-28,South,Accessories,Wholesale,Corporate,338,43.62,0.05,14006.38,10086.63,3919.75,6.0,3.0
4359,2025-01-28,South,Apparel,Online,Consumer,8,49.51,0.0,396.08,255.97,140.11,2.0,
1454,2025-01-29,West,Footwear,Retail,Consumer,4,25.11,0.1,90.4,49.74,40.66,7.0,2.0
1503,2025-01-29,West,Apparel,Retail,Consumer,9,84.08,0.05,718.88,428.56,290.32,3.0,2.0
1867,2025-01-29,South,Apparel,Retail,Home Office,10,40.71,0.0,407.1,284.5,122.6,11.0,3.0
1960,2025-01-29,East,Apparel,Retail,Corporate,7,54.67,0.0,382.69,214.0,168.69,12.0,4.0
2691,2025-01-29,West,Apparel,Wholesale,Consumer,184,97.95,0.15,15319.38,9083.45,6235.93,1.0,5.0
3747,2025-01-29,South,Apparel,Retail,Corporate,7,22.64,0.0,158.48,91.1,67.38,12.0,2.0
4056,2025-01-29,North,Accessories,Online,Consumer,11,52.24,0.0,574.64,331.6,243.04,12.0,2.0
1350,2025-01-30,North,Outerwear,Online,Corporate,5,50.57,0.15,214.92,138.76,76.16,12.0,
1573,2025-01-30,West,Apparel,Retail,Consumer,6,66.98,0.1,361.69,215.48,146.21,4.0,4.0
3577,2025-01-30,North,Accessories,Retail,Corporate,6,54.94,0.05,313.16,204.3,108.86,12.0,5.0
3618,2025-01-30,East,Apparel,Online,Consumer,10,36.63,0.0,366.3,255.75,110.55,6.0,5.0
4460,2025-01-30,East,Footwear,Retail,Home Office,5,58.89,0.25,220.84,143.43,77.41,14.0,1.0
4524,2025-01-30,East,Apparel,Online,Home Office,9,86.7,0.05,741.29,435.27,306.02,1.0,1.0
4765,2025-01-30,South,Accessories,Online,Corporate,8,71.18,0.0,569.44,382.67,186.77,8.0,5.0
218,2025-01-31,South,Accessories,Online,Consumer,4,62.8,0.1,226.08,158.65,67.43,12.0,
1434,2025-01-31,North,Apparel,Wholesale,Consumer,232,38.5,0.05,8485.4,4341.14,4144.26,7.0,
1819,2025-01-31,East,Apparel,Online,Corporate,2,38.54,0.05,73.23,42.59,30.64,14.0,5.0
2219,2025-01-31,West,Footwear,Online,Consumer,2,23.51,0.05,44.67,24.26,20.41,11.0,2.0
2281,2025-01-31,East,Footwear,Wholesale,Consumer,382,68.16,0.0,26037.12,16831.63,9205.49,2.0,1.0
2423,2025-01-31,West,Apparel,Wholesale,Consumer,235,78.62,0.0,18475.7,10461.73,8013.97,6.0,
4061,2025-01-31,West,Accessories,Online,Consumer,3,77.09,0.1,208.14,126.1,82.04,4.0,5.0
4854,2025-01-31,North,Footwear,Online,Corporate,3,48.5,0.1,130.95,87.89,43.06,2.0,2.0
4959,2025-01-31,South,Footwear,Online,Consumer,4,39.95,0.05,151.81,88.35,63.46,5.0,2.0
602,2025-02-01,East,Apparel,Online,Consumer,8,98.34,0.1,831.96,485.85,346.11,9.0,4.0
684,2025-02-01,South,Apparel,Online,Consumer,3,64.63,0.0,227.82,146.33,81.49,1.0,1.0
811,2025-02-01,North,Accessories,Online,Consumer,3,90.45,0.05,302.89,188.75,114.14,9.0,1.0
861,2025-02-01,East,Apparel,Wholesale,Home Office,293,74.18,0.1,22984.49,13315.75,9668.74,7.0,
1061,2025-02-01,West,Outerwear,Online,Home Office,5,57.08,0.25,251.51,149.11,102.4,8.0,5.0
1602,2025-02-01,South,Accessories,Retail,Consumer,11,24.58,0.05,301.81,192.62,109.19,14.0,
1756,2025-02-01,West,Accessories,Online,Consumer,8,34.18,0.0,321.29,181.09,140.2,8.0,
2100,2025-02-01,South,Accessories,Online,Home Office,6,51.15,0.05,342.58,179.97,162.61,7.0,
2128,2025-02-01,South,Apparel,Wholesale,Corporate,139,45.8,0.0,7480.28,4720.09,2760.19,6.0,3.0
2621,2025-02-01,West,Footwear,Online,Corporate,1,42.1,0.15,42.05,28.66,13.39,13.0,1.0
3371,2025-02-01,North,Apparel,Online,Corporate,10,21.86,0.0,256.86,161.02,95.84,14.0,1.0
3732,2025-02-01,East,Footwear,Online,Consumer,10,45.71,0.0,537.09,360.73,176.36,9.0,
3824,2025-02-01,South,Apparel,Online,Home Office,3,46.07,0.05,154.28,102.11,52.17,5.0,4.0
4117,2025-02-01,North,Apparel,Wholesale,Home Office,72,53.17,0.1,4048.36,2353.43,1694.93,12.0,5.0
4318,2025-02-01,East,Footwear,Retail,Consumer,10,34.49,0.05,384.99,250.47,134.52,3.0,5.0
4548,2025-02-01,East,Outerwear,Retail,Consumer,4,49.38,0.1,208.88,123.24,85.64,13.0,3.0
2397,2025-02-02,South,Footwear,Online,Corporate,6,124.26,0.15,744.63,453.47,291.16,4.0,3.0
2462,2025-02-02,West,Footwear,Online,Home Office,1,37.41,0.25,32.97,22.37,10.6,5.0,4.0
3457,2025-02-02,South,Apparel,Online,Consumer,6,32.7,0.05,219.01,144.99,74.02,10.0,1.0
3675,2025-02-02,North,Apparel,Online,Consumer,6,47.51,0.0,334.95,221.23,113.72,2.0,2.0
4644,2025-02-02,West,Footwear,Retail,Corporate,2,81.45,0.0,191.41,117.81,73.6,1.0,3.0
4856,2025-02-02,West,Footwear,Retail,Consumer,1,116.35,0.0,136.71,82.82,53.89,10.0,
16,2025-02-03,South,Outerwear,Retail,Consumer,7,86.86,0.15,607.26,337.24,270.02,6.0,3.0
1928,2025-02-03,North,Accessories,Online,Corporate,2,71.57,0.0,168.19,108.6,59.59,11.0,5.0
2162,2025-02-03,North,Outerwear,Online,Consumer,8,76.88,0.05,686.54,403.03,283.51,3.0,
2228,2025-02-03,South,Outerwear,Retail,Corporate,5,29.22,0.0,171.67,112.02,59.65,14.0,2.0
2386,2025-02-03,East,Accessories,Online,Consumer,9,103.75,0.0,1097.16,645.18,451.98,10.0,1.0
2485,2025-02-03,West,Apparel,Retail,Consumer,6,40.15,0.0,283.06,202.88,80.18,13.0,1.0
2784,2025-02-03,East,Outerwear,Online,Home Office,5,69.53,0.0,408.49,251.07,157.42,14.0,2.0
3286,2025-02-03,North,Apparel,Online,Consumer,11,24.19,0.1,281.39,170.4,110.99,4.0,3.0
3571,2025-02-03,North,Outerwear,Retail,Corporate,1,16.03,0.05,17.89,10.97,6.92,9.0,4.0
4618,2025-02-03,East,Outerwear,Retail,Consumer,3,31.36,0.0,110.54,73.71,36.83,10.0,2.0
4725,2025-02-03,South,Outerwear,Online,Consumer,5,23.31,0.05,130.1,85.42,44.68,3.0,
728,2025-02-04,East,Outerwear,Online,Consumer,8,80.65,0.15,644.39,370.22,274.17,5.0,5.0
943,2025-02-04,East,Accessories,Online,Consumer,2,34.0,0.1,71.91,43.87,28.04,10.0,5.0
1041,2025-02-04,South,Apparel,Retail,Home Office,2,43.63,0.0,102.53,62.38,40.15,10.0,2.0
1901,2025-02-04,West,Footwear,Online,Consumer,1,38.82,0.0,45.61,29.38,16.23,3.0,5.0
2865,2025-02-04,West,Apparel,Online,Corporate,10,69.19,0.0,812.98,449.98,363.0,8.0,
3116,2025-02-04,South,Accessories,Retail,Home Office,2,92.98,0.0,218.5,132.79,85.71,4.0,1.0
3447,2025-02-04,East,Accessories,Retail,Consumer,7,158.23,0.0,1301.44,776.89,524.55,3.0,1.0
3733,2025-02-04,West,Apparel,Retail,Corporate,3,118.17,0.05,395.72,234.33,161.39,5.0,3.0
4299,2025-02-04,North,Accessories,Online,Consumer,4,104.32,0.0,490.3,288.61,201.69,7.0,4.0
4855,2025-02-04,East,Accessories,Online,Consumer,3,42.35,0.0,149.28,97.14,52.14,3.0,3.0
251,2025-02-05,East,Footwear,Online,Consumer,9,37.14,0.0,392.76,272.11,120.65,8.0,4.0
603,2025-02-05,South,Outerwear,Online,Consumer,2,65.34,0.0,153.55,102.85,50.7,13.0,
1606,2025-02-05,West,Apparel,Online,Corporate,5,15.7,0.05,87.63,57.21,30.42,4.0,1.0
3744,2025-02-05,South,Accessories,Online,Consumer,8,98.32,0.0,924.21,581.24,342.97,10.0,
4800,2025-02-05,West,Outerwear,Retail,Home Office,11,23.88,0.0,308.65,190.22,118.43,9.0,
89,2025-02-06,South,Outerwear,Online,Consumer,11,27.84,0.0,359.83,191.52,168.31,11.0,5.0
1018,2025-02-06,North,Outerwear,Online,Corporate,6,33.03,0.05,221.22,129.7,91.52,6.0,1.0
2647,2025-02-06,East,Accessories,Retail,Consumer,6,75.42,0.0,531.71,309.27,222.44,9.0,2.0
3041,2025-02-06,West,Apparel,Wholesale,Corporate,342,90.44,0.15,30891.82,19624.95,11266.87,2.0,
4762,2025-02-06,South,Accessories,Retail,Corporate,4,75.35,0.25,265.61,157.41,108.2,10.0,2.0
4837,2025-02-06,North,Footwear,Wholesale,Home Office,109,26.32,0.0,3370.93,2255.77,1115.16,1.0,4.0
382,2025-02-07,South,Apparel,Retail,Consumer,1,37.51,0.0,44.07,26.77,17.3,8.0,5.0
476,2025-02-07,East,Outerwear,Online,Home Office,5,49.36,0.0,289.99,178.38,111.61,14.0,3.0
798,2025-02-07,South,Footwear,Online,Home Office,9,29.63,0.1,282.0,180.98,101.02,7.0,1.0
2754,2025-02-07,North,Footwear,Wholesale,Consumer,376,45.55,0.1,18111.59,11297.68,6813.91,13.0,1.0
2830,2025-02-07,South,Footwear,Online,Corporate,10,26.92,0.25,237.23,132.39,104.84,13.0,2.0
2918,2025-02-07,West,Footwear,Online,Consumer,5,61.42,0.05,342.8,198.87,143.93,2.0,
90,2025-02-08,North,Accessories,Retail,Consumer,6,31.38,0.0,221.23,145.87,75.36,5.0,1.0
484,2025-02-08,South,Accessories,Online,Consumer,5,66.03,0.05,368.53,228.57,139.96,9.0,1.0
1202,2025-02-08,North,Footwear,Retail,Home Office,10,88.73,0.1,938.32,603.76,334.56,7.0,
1409,2025-02-08,East,Accessories,Wholesale,Consumer,288,43.41,0.0,14689.94,8676.57,6013.37,14.0,3.0
3817,2025-02-08,West,Footwear,Retail,Corporate,9,27.81,0.1,264.68,152.73,111.95,,4.0
396,2025-02-09,West,Footwear,Retail,Consumer,6,99.18,0.0,699.22,425.75,273.47,7.0,1.0
600,2025-02-09,South,Outerwear,Retail,Corporate,10,75.78,0.25,667.81,458.21,209.6,14.0,4.0
939,2025-02-09,West,Apparel,Retail,Home Office,8,16.38,0.05,146.27,85.77,60.5,4.0,
1276,2025-02-09,West,Accessories,Online,Consumer,3,109.72,0.0,386.76,235.59,151.17,10.0,2.0
1665,2025-02-09,North,Accessories,Online,Corporate,1,26.15,0.0,30.73,18.09,12.64,11.0,1.0
1898,2025-02-09,East,Footwear,Online,Corporate,4,18.98,0.1,80.29,47.25,33.04,6.0,3.0
3171,2025-02-09,West,Accessories,Retail,Consumer,2,35.3,0.0,82.96,51.5,31.46,,5.0
3769,2025-02-09,South,Outerwear,Online,Corporate,4,76.95,0.15,307.42,203.42,104.0,7.0,4.0
4365,2025-02-09,West,Apparel,Retail,Consumer,4,84.4,0.15,337.18,196.05,141.13,4.0,1.0
47,2025-02-10,South,Accessories,Online,Consumer,8,35.74,0.1,302.36,198.3,104.06,10.0,
429,2025-02-10,South,Apparel,Online,Consumer,7,88.06,0.05,688.08,429.18,258.9,10.0,
1117,2025-02-10,West,Outerwear,Wholesale,Corporate,219,50.41,0.0,12971.75,8943.05,4028.7,11.0,5.0
2533,2025-02-10,South,Accessories,Online,Consumer,8,27.01,0.0,253.89,163.14,90.75,1.0,
2694,2025-02-10,West,Accessories,Wholesale,Consumer,299,86.23,0.0,30294.75,16800.84,13493.91,6.0,4.0
3141,2025-02-10,South,Apparel,Retail,Corporate,2,56.53,0.0,132.85,87.38,45.47,5.0,5.0
3599,2025-02-10,West,Apparel,Online,Consumer,8,73.2,0.0,688.08,394.93,293.15,7.0,5.0
3652,2025-02-10,East,Outerwear,Online,Consumer,11,53.81,0.0,695.49,446.6,248.89,7.0,2.0
3929,2025-02-10,West,Footwear,Retail,Consumer,6,52.56,0.0,370.55,218.38,152.17,14.0,3.0
278,2025-02-11,North,Accessories,Retail,Consumer,7,60.98,0.0,501.56,334.85,166.71,5.0,
1803,2025-02-11,East,Accessories,Online,Corporate,4,38.92,0.05,173.78,110.0,63.78,14.0,2.0
2264,2025-02-11,North,Outerwear,Retail,Corporate,5,103.0,0.15,514.36,311.4,202.96,4.0,5.0
4523,2025-02-11,North,Footwear,Online,Corporate,2,114.23,0.0,268.44,140.56,127.88,8.0,5.0
1874,2025-02-12,East,Accessories,Retail,Consumer,2,47.1,0.15,94.08,53.82,40.26,10.0,5.0
4486,2025-02-12,North,Outerwear,Retail,Consumer,3,47.41,0.05,158.76,94.45,64.31,13.0,5.0
1494,2025-02-13,West,Footwear,Online,Home Office,11,16.39,0.05,201.25,129.04,72.21,14.0,2.0
1509,2025-02-13,East,Accessories,Online,Corporate,10,60.16,0.05,671.54,395.82,275.72,7.0,2.0
1701,2025-02-13,North,Apparel,Online,Consumer,7,95.72,0.1,708.57,490.33,218.24,8.0,3.0
2426,2025-02-13,East,Footwear,Online,Corporate,6,99.23,0.15,594.64,349.27,245.37,3.0,3.0
3235,2025-02-13,South,Outerwear,Online,Corporate,6,23.52,0.15,140.94,74.23,66.71,6.0,4.0
3670,2025-02-13,West,Footwear,Online,Consumer,3,37.01,0.0,130.46,79.88,50.58,12.0,3.0
4715,2025-02-13,West,Footwear,Online,Corporate,1,50.51,0.05,56.38,38.89,17.49,1.0,5.0
227,2025-02-14,West,Accessories,Online,Consumer,5,49.9,0.05,278.5,146.47,132.03,13.0,4.0
399,2025-02-14,West,Apparel,Online,Consumer,7,33.85,0.05,264.5,167.02,97.48,12.0,1.0
432,2025-02-14,West,Outerwear,Online,Consumer,6,24.7,0.0,174.14,117.53,56.61,9.0,
656,2025-02-14,East,Accessories,Online,Consumer,1,59.31,0.0,69.69,41.99,27.7,6.0,2.0
1215,2025-02-14,East,Apparel,Online,Corporate,3,50.95,0.1,161.64,105.92,55.72,13.0,
1262,2025-02-14,West,Accessories,Online,Home Office,6,55.92,0.15,335.1,223.18,111.92,5.0,
1324,2025-02-14,East,Accessories,Retail,Consumer,7,57.36,0.25,353.84,206.12,147.72,4.0,1.0
1846,2025-02-14,East,Accessories,Online,Home Office,11,20.14,0.1,234.28,132.98,101.3,10.0,
2158,2025-02-14,East,Accessories,Retail,Consumer,6,56.6,0.0,399.03,247.64,151.39,7.0,5.0
2840,2025-02-14,West,Footwear,Online,Consumer,1,48.14,0.1,50.91,35.35,15.56,9.0,5.0
3602,2025-02-14,East,Apparel,Online,Consumer,7,27.77,0.15,194.15,113.71,80.44,6.0,
3768,2025-02-14,West,Outerwear,Retail,Corporate,8,29.19,0.0,274.39,172.38,102.01,10.0,1.0
3803,2025-02-14,East,Accessories,Retail,Consumer,7,45.13,0.1,334.07,198.32,135.75,3.0,2.0
3900,2025-02-14,West,Footwear,Online,Home Office,11,29.8,0.15,327.39,193.7,133.69,12.0,3.0
1524,2025-02-15,West,Apparel,Online,Home Office,3,32.95,0.0,116.15,71.34,44.81,10.0,2.0
2639,2025-02-15,North,Apparel,Online,Home Office,3,90.45,0.05,302.89,182.5,120.39,3.0,2.0
2789,2025-02-15,West,Footwear,Retail,Consumer,3,113.18,0.05,379.01,220.98,158.03,14.0,4.0
3013,2025-02-15,South,Accessories,Wholesale,Consumer,386,153.76,0.15,59277.17,30661.9,28615.27,5.0,4.0
3124,2025-02-15,West,Accessories,Wholesale,Consumer,340,100.12,0.0,39997.94,26023.34,13974.6,14.0,3.0
3305,2025-02-15,North,Apparel,Online,Corporate,1,53.48,0.0,62.84,42.88,19.96,10.0,1.0
4247,2025-02-15,South,Outerwear,Online,Corporate,6,100.86,0.05,675.51,427.59,247.92,2.0,4.0
1973,2025-02-16,North,Footwear,Online,Consumer,11,115.78,0.0,1496.46,953.77,542.69,6.0,5.0
2466,2025-02-16,East,Accessories,Online,Consumer,11,37.91,0.25,367.49,241.96,125.53,12.0,5.0
2932,2025-02-16,South,Apparel,Online,Consumer,4,82.59,0.0,388.17,252.12,136.05,3.0,1.0
3264,2025-02-16,East,Outerwear,Online,Corporate,4,38.91,0.05,173.73,111.66,62.07,5.0,1.0
4382,2025-02-16,East,Apparel,Wholesale,Consumer,118,82.47,0.0,11434.47,7751.86,3682.61,,1.0
4391,2025-02-16,West,Outerwear,Online,Consumer,8,57.48,0.1,486.28,305.37,180.91,8.0,2.0
4416,2025-02-16,North,Outerwear,Retail,Corporate,8,26.65,0.0,250.51,152.79,97.72,8.0,2.0
4899,2025-02-16,South,Apparel,Online,Home Office,2,39.23,0.0,92.19,61.58,30.61,2.0,4.0
102,2025-02-17,South,Footwear,Online,Consumer,1,106.46,0.0,125.09,76.32,48.77,,1.0
295,2025-02-17,East,Accessories,Online,Consumer,9,77.53,0.0,819.88,513.91,305.97,10.0,
346,2025-02-17,North,Accessories,Wholesale,Corporate,326,92.23,0.1,31795.83,16842.04,14953.79,4.0,
1201,2025-02-17,West,Accessories,Online,Consumer,1,37.94,0.0,44.58,28.44,16.14,8.0,3.0
1348,2025-02-17,West,Apparel,Online,Consumer,10,27.25,0.05,304.18,191.76,112.42,1.0,1.0
1405,2025-02-17,West,Accessories,Online,Corporate,5,44.23,0.1,233.87,158.08,75.79,9.0,4.0
2701,2025-02-17,West,Footwear,Retail,Consumer,8,55.03,0.0,517.28,352.28,165.0,1.0,
3208,2025-02-17,South,Apparel,Online,Consumer,1,30.52,0.0,35.86,20.62,15.24,7.0,2.0
3449,2025-02-17,West,Footwear,Online,Consumer,2,96.38,0.0,226.49,135.85,90.64,9.0,
4543,2025-02-17,North,Outerwear,Online,Consumer,8,50.82,0.0,477.71,294.09,183.62,10.0,
712,2025-02-18,East,Accessories,Online,Corporate,4,46.95,0.05,209.63,123.24,86.39,6.0,3.0
1352,2025-02-18,South,Apparel,Online,Corporate,7,38.0,0.1,281.3,171.93,109.37,6.0,3.0
1491,2025-02-18,West,Footwear,Online,Consumer,5,74.34,0.0,436.75,299.08,137.67,8.0,2.0
1818,2025-02-18,South,Accessories,Retail,Consumer,8,37.58,0.25,264.94,188.16,76.78,1.0,
1930,2025-02-18,North,Apparel,Retail,Consumer,8,79.04,0.0,742.98,443.41,299.57,,
2246,2025-02-18,South,Apparel,Online,Corporate,5,72.14,0.0,423.82,233.83,189.99,9.0,4.0
2581,2025-02-18,East,Outerwear,Retail,Corporate,3,66.25,0.0,233.53,137.25,96.28,6.0,5.0
3177,2025-02-18,West,Accessories,Online,Corporate,4,81.43,0.0,382.72,244.94,137.78,13.0,2.0
3500,2025-02-18,North,Apparel,Online,Consumer,5,109.85,0.0,645.37,409.81,235.56,10.0,
4415,2025-02-18,North,Outerwear,Retail,Home Office,7,39.89,0.0,328.1,193.82,134.28,3.0,2.0
4585,2025-02-18,East,Accessories,Retail,Consumer,4,13.86,0.0,65.14,40.3,24.84,10.0,1.0
4758,2025-02-18,South,Outerwear,Retail,Consumer,9,72.43,0.0,765.95,511.5,254.45,5.0,3.0
361,2025-02-19,South,Accessories,Online,Consumer,3,42.68,0.1,135.4,73.65,61.75,12.0,3.0
518,2025-02-19,East,Outerwear,Online,Corporate,2,87.48,0.0,205.58,129.9,75.68,7.0,2.0
540,2025-02-19,West,Footwear,Retail,Consumer,3,144.16,0.0,508.16,317.51,190.65,9.0,2.0
797,2025-02-19,West,Apparel,Retail,Consumer,7,66.73,0.1,493.97,288.57,205.4,3.0,4.0
1176,2025-02-19,West,Apparel,Wholesale,Consumer,385,76.46,0.0,34588.59,21714.1,12874.49,10.0,5.0
1810,2025-02-19,West,Accessories,Retail,Consumer,9,43.14,0.15,387.77,265.04,122.73,8.0,
3158,2025-02-19,West,Apparel,Retail,Consumer,8,36.64,0.0,344.42,208.37,136.05,14.0,2.0
3776,2025-02-19,West,Accessories,Online,Corporate,4,11.85,0.0,55.7,34.02,21.68,7.0,2.0
1338,2025-02-20,North,Footwear,Retail,Consumer,3,40.54,0.0,142.9,89.87,53.03,6.0,1.0
1540,2025-02-20,South,Accessories,Online,Home Office,8,85.31,0.25,601.44,401.8,199.64,5.0,1.0
1814,2025-02-20,East,Footwear,Online,Consumer,10,91.32,0.0,1073.01,737.85,335.16,,5.0
2061,2025-02-20,North,Apparel,Retail,Consumer,6,55.39,0.05,370.97,210.44,160.53,10.0,
2807,2025-02-20,South,Outerwear,Retail,Consumer,4,104.88,0.0,492.94,292.79,200.15,10.0,1.0
4659,2025-02-20,East,Outerwear,Online,Consumer,11,50.94,0.1,592.56,336.5,256.06,14.0,1.0
1307,2025-02-21,East,Outerwear,Online,Consumer,2,72.22,0.15,144.26,83.02,61.24,9.0,2.0
1375,2025-02-21,West,Accessories,Retail,Consumer,2,65.38,0.05,145.96,91.92,54.04,3.0,4.0
3194,2025-02-21,West,Footwear,Online,Consumer,9,64.71,0.0,684.31,458.28,226.03,9.0,1.0
3365,2025-02-21,South,Footwear,Online,Home Office,11,25.05,0.1,291.39,171.75,119.64,,3.0
3829,2025-02-21,East,Apparel,Online,Corporate,3,34.2,0.0,120.56,77.6,42.96,4.0,1.0
4956,2025-02-21,South,Accessories,Wholesale,Consumer,261,44.84,0.1,12376.18,8225.97,4150.21,,3.0
452,2025-02-22,East,Accessories,Online,Corporate,5,37.14,0.05,207.29,121.33,85.96,13.0,
461,2025-02-22,East,Apparel,Online,Corporate,6,108.83,0.0,767.25,505.37,261.88,4.0,5.0
2857,2025-02-22,West,Footwear,Wholesale,Consumer,176,60.24,0.05,11834.75,7724.31,4110.44,1.0,3.0
3653,2025-02-22,East,Outerwear,Online,Corporate,3,75.16,0.1,238.45,134.54,103.91,10.0,1.0
3863,2025-02-22,South,Footwear,Online,Consumer,9,42.49,0.0,449.33,283.26,166.07,3.0,
4498,2025-02-22,East,Accessories,Online,Consumer,1,79.91,0.15,79.81,50.22,29.59,9.0,5.0
4519,2025-02-22,West,Accessories,Online,Home Office,6,66.44,0.0,468.4,304.28,164.12,8.0,2.0
4699,2025-02-22,South,Footwear,Online,Consumer,9,106.51,0.0,1126.34,723.01,403.33,2.0,1.0
11,2025-02-23,South,Outerwear,Online,Home Office,3,45.92,0.0,161.87,102.99,58.88,7.0,1.0
488,2025-02-23,East,Outerwear,Retail,Corporate,11,50.29,0.0,650.0,427.22,222.78,4.0,
1200,2025-02-23,South,Footwear,Retail,Consumer,7,41.03,0.05,320.6,183.34,137.26,5.0,5.0
2221,2025-02-23,North,Accessories,Online,Corporate,6,69.72,0.0,491.53,321.78,169.75,4.0,5.0
2415,2025-02-23,North,Outerwear,Online,Consumer,11,35.96,0.1,418.3,261.73,156.57,2.0,3.0
2483,2025-02-23,East,Apparel,Retail,Consumer,5,150.68,0.0,885.25,518.11,367.14,14.0,4.0
2700,2025-02-23,North,Apparel,Online,Consumer,9,26.45,0.1,251.74,157.39,94.35,2.0,4.0
4745,2025-02-23,East,Apparel,Online,Consumer,11,78.25,0.0,1011.38,648.49,362.89,8.0,3.0
54,2025-02-24,North,Apparel,Online,Home Office,4,18.16,0.0,85.35,51.01,34.34,12.0,4.0
772,2025-02-24,North,Footwear,Online,Consumer,5,76.95,0.0,452.08,294.26,157.82,10.0,4.0
1859,2025-02-24,East,Apparel,Online,Consumer,9,39.1,0.0,413.48,259.04,154.44,,3.0
2453,2025-02-24,North,Outerwear,Wholesale,Consumer,261,68.55,0.0,21022.57,14241.3,6781.27,11.0,
2523,2025-02-24,East,Footwear,Online,Corporate,8,77.68,0.0,730.19,428.79,301.4,6.0,5.0
2946,2025-02-24,East,Apparel,Online,Corporate,10,156.3,0.0,1836.52,1003.89,832.63,2.0,
3390,2025-02-24,East,Apparel,Retail,Home Office,10,143.51,0.05,1601.93,1019.26,582.67,7.0,3.0
3432,2025-02-24,North,Accessories,Retail,Corporate,6,25.65,0.0,180.83,113.42,67.41,5.0,
4232,2025-02-24,North,Accessories,Retail,Home Office,2,97.02,0.0,228.0,135.72,92.28,3.0,1.0
4239,2025-02-24,West,Apparel,Retail,Consumer,8,96.76,0.25,682.16,435.95,246.21,4.0,5.0
4362,2025-02-24,North,Outerwear,Retail,Consumer,3,90.5,0.0,319.01,190.45,128.56,4.0,2.0
149,2025-02-25,West,Accessories,Online,Consumer,11,57.49,0.05,705.91,425.57,280.34,13.0,4.0
200,2025-02-25,West,Footwear,Online,Consumer,1,100.21,0.05,111.86,71.64,40.22,14.0,5.0
784,2025-02-25,North,Apparel,Online,Consumer,3,45.47,0.15,136.24,79.98,56.26,9.0,1.0
1727,2025-02-25,East,Apparel,Retail,Corporate,10,54.87,0.0,644.72,409.57,235.15,2.0,
2911,2025-02-25,West,Apparel,Online,Consumer,2,76.66,0.05,171.14,108.81,62.33,4.0,5.0
4535,2025-02-25,West,Accessories,Retail,Consumer,10,47.2,0.0,554.6,311.46,243.14,,2.0
1250,2025-02-26,East,Outerwear,Online,Consumer,7,69.24,0.0,569.5,377.52,191.98,4.0,2.0
3800,2025-02-26,South,Accessories,Online,Consumer,10,24.99,0.0,293.63,191.7,101.93,7.0,1.0
3910,2025-02-26,North,Accessories,Online,Corporate,4,39.57,0.0,185.98,110.08,75.9,3.0,3.0
4200,2025-02-26,North,Apparel,Online,Corporate,7,56.26,0.1,416.46,252.32,164.14,8.0,3.0
321,2025-02-27,South,Footwear,Wholesale,Consumer,113,73.84,0.25,7353.08,4020.74,3332.34,11.0,
498,2025-02-27,East,Outerwear,Online,Consumer,5,49.08,0.1,259.51,155.49,104.02,8.0,4.0
3231,2025-02-27,West,Outerwear,Retail,Consumer,5,82.36,0.0,483.86,295.65,188.21,8.0,4.0
4676,2025-02-27,North,Footwear,Online,Corporate,11,118.05,0.0,1525.8,871.38,654.42,7.0,3.0
4698,2025-02-27,South,Apparel,Wholesale,Consumer,337,64.58,0.0,25572.07,17011.01,8561.06,7.0,4.0
615,2025-02-28,South,Accessories,Online,Consumer,7,80.17,0.0,659.4,384.18,275.22,10.0,
1373,2025-02-28,South,Apparel,Online,Consumer,8,29.25,0.0,274.95,156.97,117.98,,2.0
1624,2025-02-28,North,Outerwear,Online,Consumer,8,56.71,0.15,453.11,268.81,184.3,5.0,
1646,2025-02-28,North,Footwear,Online,Corporate,11,54.48,0.0,704.15,429.74,274.41,7.0,
4826,2025-02-28,South,Accessories,Online,Consumer,11,30.32,0.15,333.1,193.61,139.49,3.0,
1671,2025-03-01,West,Outerwear,Online,Corporate,2,31.42,0.0,81.89,48.52,33.37,11.0,5.0
2113,2025-03-01,North,Footwear,Online,Corporate,5,10.84,0.1,63.57,44.29,19.28,5.0,5.0
2451,2025-03-01,South,Accessories,Wholesale,Consumer,48,26.82,0.0,1677.57,1047.97,629.6,2.0,3.0
3259,2025-03-01,West,Outerwear,Retail,Corporate,7,66.89,0.0,610.15,371.36,238.79,14.0,1.0
4140,2025-03-01,South,Apparel,Retail,Consumer,9,49.47,0.1,522.16,316.59,205.57,6.0,2.0
4763,2025-03-01,North,Apparel,Retail,Consumer,1,61.88,0.0,80.64,48.51,32.13,2.0,5.0
597,2025-03-02,West,Accessories,Retail,Consumer,3,67.3,0.0,263.1,149.85,113.25,,
846,2025-03-02,South,Apparel,Online,Consumer,10,79.5,0.25,776.98,469.78,307.2,11.0,
898,2025-03-02,East,Apparel,Wholesale,Consumer,131,71.82,0.15,10421.17,6484.93,3936.24,,5.0
942,2025-03-02,East,Footwear,Online,Corporate,10,113.45,0.15,1256.62,734.07,522.55,8.0,2.0
1393,2025-03-02,North,Outerwear,Online,Consumer,6,68.24,0.1,480.19,295.08,185.11,13.0,
2194,2025-03-02,West,Footwear,Retail,Consumer,1,91.08,0.0,118.69,75.61,43.08,,
2420,2025-03-02,North,Footwear,Online,Consumer,2,39.82,0.15,88.21,52.04,36.17,10.0,
2430,2025-03-02,West,Footwear,Retail,Corporate,2,83.68,0.05,207.18,108.15,99.03,13.0,1.0
2759,2025-03-02,West,Apparel,Online,Consumer,2,15.75,0.0,41.05,26.14,14.91,5.0,2.0
2850,2025-03-02,West,Apparel,Online,Home Office,4,66.44,0.0,346.31,224.44,121.87,11.0,3.0
3368,2025-03-02,East,Apparel,Online,Consumer,10,12.34,0.15,136.68,88.76,47.92,,4.0
4400,2025-03-02,South,Apparel,Retail,Consumer,3,27.97,0.0,109.34,60.49,48.85,6.0,4.0
4728,2025-03-02,West,Accessories,Online,Consumer,9,43.61,0.0,511.46,322.49,188.97,10.0,4.0
1045,2025-03-03,South,Outerwear,Retail,Home Office,2,32.42,0.0,84.49,53.35,31.14,,5.0
2062,2025-03-03,South,Footwear,Retail,Consumer,9,78.07,0.25,686.7,392.77,293.93,5.0,3.0
2106,2025-03-03,East,Accessories,Online,Consumer,10,38.56,0.1,452.23,282.66,169.57,,3.0
2414,2025-03-03,North,Apparel,Online,Corporate,8,125.42,0.0,1307.49,908.26,399.23,2.0,
3050,2025-03-03,North,Footwear,Online,Consumer,9,30.57,0.15,304.75,189.32,115.43,7.0,
3125,2025-03-03,East,Footwear,Wholesale,Corporate,90,32.35,0.0,3794.0,2427.91,1366.09,4.0,1.0
3172,2025-03-03,West,Accessories,Retail,Corporate,1,100.83,0.05,124.82,82.84,41.98,2.0,2.0
3762,2025-03-03,West,Footwear,Retail,Home Office,11,16.89,0.05,230.0,138.17,91.83,5.0,2.0
4177,2025-03-03,South,Apparel,Online,Corporate,3,134.54,0.15,447.07,241.39,205.68,1.0,3.0
4240,2025-03-03,South,Accessories,Retail,Home Office,11,19.37,0.15,236.01,149.6,86.41,12.0,
566,2025-03-04,East,Accessories,Online,Home Office,7,82.21,0.05,712.41,365.71,346.7,9.0,
1194,2025-03-04,South,Footwear,Online,Consumer,5,47.03,0.1,275.78,180.17,95.61,5.0,1.0
3097,2025-03-04,North,Apparel,Retail,Corporate,3,52.55,0.05,195.16,115.88,79.28,11.0,4.0
3434,2025-03-04,North,Apparel,Wholesale,Consumer,192,66.64,0.05,15839.47,11301.04,4538.43,12.0,4.0
94,2025-03-05,North,Footwear,Online,Corporate,5,40.94,0.0,266.75,179.33,87.42,5.0,1.0
812,2025-03-05,West,Outerwear,Online,Consumer,8,45.33,0.05,448.93,252.2,196.73,5.0,1.0
1400,2025-03-05,North,Footwear,Wholesale,Consumer,255,48.15,0.05,15199.9,9470.84,5729.06,7.0,4.0
1645,2025-03-05,West,Footwear,Wholesale,Consumer,114,70.03,0.0,10403.27,6431.3,3971.97,9.0,
3060,2025-03-05,West,Outerwear,Online,Consumer,9,25.31,0.0,296.84,190.64,106.2,6.0,1.0
3719,2025-03-05,North,Footwear,Online,Corporate,1,34.16,0.05,42.29,27.9,14.39,10.0,3.0
3960,2025-03-05,North,Apparel,Retail,Consumer,7,82.76,0.15,641.68,391.03,250.65,4.0,5.0
611,2025-03-06,East,Footwear,Online,Consumer,5,55.39,0.0,360.9,217.99,142.91,6.0,
2022,2025-03-06,South,Footwear,Wholesale,Consumer,310,37.63,0.0,15201.16,9223.0,5978.16,8.0,1.0
2493,2025-03-06,West,Accessories,Online,Consumer,8,30.77,0.05,304.73,172.03,132.7,8.0,3.0
3512,2025-03-06,West,Apparel,Online,Corporate,2,63.12,0.0,164.5,97.66,66.84,,
4790,2025-03-06,West,Apparel,Online,Consumer,6,101.14,0.0,790.78,458.24,332.54,5.0,
501,2025-03-07,West,Apparel,Online,Consumer,4,97.26,0.0,506.96,325.26,181.7,3.0,2.0
569,2025-03-07,East,Footwear,Online,Home Office,10,53.42,0.05,661.31,399.06,262.25,14.0,3.0
1753,2025-03-07,East,Apparel,Wholesale,Consumer,240,63.32,0.0,19803.09,11894.62,7908.47,,2.0
4839,2025-03-07,East,Footwear,Online,Consumer,3,121.19,0.0,473.77,308.77,165.0,1.0,3.0
641,2025-03-08,East,Apparel,Wholesale,Home Office,183,39.27,0.0,9364.67,5878.46,3486.21,10.0,1.0
1652,2025-03-08,North,Footwear,Online,Corporate,9,88.96,0.0,1043.32,682.43,360.89,1.0,5.0
2538,2025-03-08,South,Footwear,Online,Corporate,11,87.74,0.1,1131.91,698.54,433.37,11.0,1.0
3464,2025-03-08,South,Outerwear,Online,Consumer,7,71.68,0.1,588.46,387.24,201.22,6.0,
4287,2025-03-08,North,Apparel,Online,Consumer,6,129.5,0.15,860.64,536.01,324.63,1.0,3.0
4510,2025-03-08,South,Accessories,Wholesale,Home Office,239,89.18,0.0,27774.49,15614.35,12160.14,10.0,
793,2025-03-09,South,Accessories,Retail,Consumer,7,60.12,0.1,493.56,304.7,188.86,8.0,2.0
1460,2025-03-09,East,Apparel,Online,Consumer,2,43.68,0.0,113.84,69.76,44.08,,4.0
2045,2025-03-09,North,Apparel,Retail,Consumer,5,42.89,0.0,279.45,183.76,95.69,1.0,
2305,2025-03-09,North,Apparel,Online,Consumer,7,85.81,0.0,782.74,495.41,287.33,14.0,
4252,2025-03-09,West,Outerwear,Retail,Consumer,1,80.41,0.0,104.78,65.55,39.23,,5.0
2380,2025-03-10,North,Apparel,Retail,Consumer,4,47.94,0.0,249.88,147.51,102.37,,2.0
4198,2025-03-10,East,Apparel,Online,Consumer,7,41.78,0.05,362.05,223.72,138.33,,3.0
4467,2025-03-10,East,Footwear,Online,Corporate,8,40.63,0.0,423.56,266.55,157.01,11.0,5.0
63,2025-03-11,South,Apparel,Online,Consumer,4,113.48,0.05,561.93,351.52,210.41,3.0,3.0
503,2025-03-11,West,Accessories,Online,Corporate,5,44.83,0.0,292.09,182.78,109.31,14.0,5.0
2097,2025-03-11,East,Footwear,Wholesale,Consumer,203,27.84,0.0,7364.55,4236.52,3128.03,1.0,4.0
2992,2025-03-11,North,Accessories,Online,Consumer,5,54.59,0.0,355.68,225.73,129.95,14.0,2.0
3134,2025-03-11,South,Footwear,Online,Consumer,1,109.3,0.05,135.31,78.79,56.52,4.0,
4704,2025-03-11,West,Footwear,Online,Consumer,11,69.64,0.1,898.41,555.96,342.45,6.0,3.0
353,2025-03-12,West,Apparel,Online,Consumer,4,46.47,0.0,242.22,168.86,73.36,4.0,2.0
714,2025-03-12,North,Accessories,Retail,Consumer,8,60.73,0.0,633.1,412.8,220.3,2.0,3.0
987,2025-03-12,South,Apparel,Retail,Corporate,10,88.87,0.0,1158.07,768.76,389.31,8.0,
2768,2025-03-12,East,Apparel,Retail,Corporate,3,39.29,0.0,153.6,96.89,56.71,1.0,3.0
3920,2025-03-12,West,Footwear,Retail,Consumer,3,58.55,0.15,194.56,114.89,79.67,,2.0
4395,2025-03-12,North,Apparel,Online,Home Office,7,65.66,0.0,598.93,380.85,218.08,12.0,4.0
4492,2025-03-12,West,Apparel,Retail,Consumer,7,18.39,0.0,167.75,108.69,59.06,5.0,5.0
4776,2025-03-12,South,Accessories,Online,Corporate,8,68.82,0.15,609.82,351.6,258.22,8.0,
996,2025-03-13,South,Accessories,Online,Home Office,9,100.82,0.15,1005.05,651.26,353.79,6.0,
1260,2025-03-13,East,Footwear,Online,Consumer,4,96.22,0.0,501.54,346.91,154.63,2.0,2.0
1495,2025-03-13,North,Accessories,Retail,Consumer,3,81.08,0.05,301.12,192.7,108.42,2.0,3.0
3336,2025-03-13,East,Footwear,Wholesale,Consumer,331,30.8,0.0,13284.93,8316.46,4968.47,13.0,2.0
3399,2025-03-13,East,Accessories,Online,Corporate,6,87.58,0.1,616.28,352.98,263.3,10.0,4.0
3620,2025-03-13,South,Outerwear,Retail,Home Office,7,87.64,0.05,759.46,482.03,277.43,13.0,2.0
3821,2025-03-13,East,Footwear,Wholesale,Consumer,160,32.01,0.05,6340.3,4145.59,2194.71,5.0,
4152,2025-03-13,West,Accessories,Wholesale,Consumer,67,67.98,0.25,4451.41,2862.59,1588.82,9.0,1.0
4218,2025-03-13,West,Apparel,Retail,Corporate,3,27.18,0.05,100.94,58.08,42.86,7.0,1.0
4224,2025-03-13,North,Apparel,Online,Corporate,2,38.26,0.0,99.71,57.83,41.88,10.0,1.0
52,2025-03-14,North,Apparel,Wholesale,Consumer,328,22.63,0.15,8221.63,4881.56,3340.07,11.0,1.0
389,2025-03-14,East,Accessories,Retail,Consumer,7,22.97,0.0,209.53,137.32,72.21,6.0,5.0
825,2025-03-14,North,Footwear,Online,Consumer,2,75.25,0.1,176.51,108.09,68.42,5.0,5.0
1112,2025-03-14,West,Accessories,Online,Consumer,1,14.07,0.0,18.33,11.25,7.08,11.0,5.0
1175,2025-03-14,East,Apparel,Online,Home Office,5,48.59,0.0,316.59,214.73,101.86,7.0,2.0
3388,2025-03-14,West,Accessories,Retail,Home Office,3,80.73,0.0,315.6,208.28,107.32,2.0,2.0
3980,2025-03-14,East,Footwear,Online,Home Office,8,40.41,0.0,421.27,282.36,138.91,11.0,
4151,2025-03-14,North,Footwear,Online,Consumer,11,12.48,0.0,178.89,109.2,69.69,8.0,5.0
4784,2025-03-14,South,Apparel,Retail,Consumer,4,52.77,0.0,275.06,180.74,94.32,4.0,3.0
1334,2025-03-15,North,Footwear,Online,Consumer,1,66.74,0.0,86.97,51.53,35.44,1.0,4.0
1519,2025-03-15,East,Accessories,Online,Consumer,1,56.9,0.0,74.15,42.5,31.65,4.0,
2000,2025-03-15,North,Apparel,Wholesale,Corporate,379,31.87,0.05,14952.91,8406.97,6545.94,14.0,1.0
2654,2025-03-15,East,Accessories,Online,Consumer,8,45.74,0.15,405.31,252.15,153.16,8.0,3.0
2680,2025-03-15,North,Outerwear,Wholesale,Consumer,239,66.73,0.0,20782.59,12784.62,7997.97,9.0,3.0
2904,2025-03-15,North,Footwear,Retail,Consumer,7,101.91,0.05,883.12,634.02,249.1,13.0,4.0
4724,2025-03-15,East,Footwear,Wholesale,Home Office,312,41.4,0.05,15990.4,9895.18,6095.22,7.0,
122,2025-03-16,South,Footwear,Wholesale,Consumer,231,31.11,0.15,7959.97,4579.24,3380.73,14.0,
259,2025-03-16,North,Footwear,Online,Home Office,7,20.43,0.15,158.4,87.93,70.47,5.0,1.0
298,2025-03-16,West,Footwear,Online,Consumer,1,128.25,0.1,150.41,102.97,47.44,1.0,
2029,2025-03-16,South,Outerwear,Online,Consumer,7,51.51,0.05,446.37,295.3,151.07,13.0,5.0
3695,2025-03-16,South,Apparel,Online,Corporate,3,44.55,0.1,156.74,98.49,58.25,4.0,3.0
4270,2025-03-16,West,Apparel,Online,Consumer,7,36.18,0.0,330.03,182.19,147.84,11.0,
4643,2025-03-16,East,Outerwear,Online,Consumer,11,36.64,0.0,525.21,294.85,230.36,,2.0
1146,2025-03-17,East,Footwear,Online,Consumer,8,76.08,0.05,753.47,439.83,313.64,10.0,4.0
1685,2025-03-17,North,Apparel,Online,Corporate,7,84.92,0.15,658.43,361.47,296.96,3.0,2.0
3213,2025-03-17,North,Apparel,Online,Consumer,11,12.0,0.0,172.01,101.14,70.87,,2.0
3845,2025-03-17,West,Accessories,Retail,Corporate,5,69.84,0.1,409.54,261.88,147.66,14.0,5.0
4528,2025-03-17,North,Accessories,Online,Corporate,1,45.22,0.05,55.98,41.82,14.16,13.0,3.0
4661,2025-03-17,South,Footwear,Online,Consumer,2,115.62,0.0,301.33,217.95,83.38,11.0,5.0
997,2025-03-18,North,Accessories,Retail,Consumer,10,54.8,0.0,714.1,415.17,298.93,9.0,1.0
1296,2025-03-18,South,Footwear,Wholesale,Home Office,107,71.64,0.05,9489.51,6088.4,3401.11,2.0,
2009,2025-03-18,South,Outerwear,Wholesale,Consumer,282,46.92,0.0,17242.01,10495.29,6746.72,7.0,5.0
2793,2025-03-18,North,Outerwear,Online,Consumer,9,103.34,0.1,1090.77,667.22,423.55,10.0,
3155,2025-03-18,North,Apparel,Retail,Consumer,2,35.91,0.05,88.91,60.44,28.47,,1.0
3251,2025-03-18,East,Apparel,Online,Consumer,7,49.24,0.05,426.7,243.39,183.31,13.0,
4223,2025-03-18,South,Footwear,Retail,Consumer,2,30.32,0.0,79.02,47.3,31.72,11.0,4.0
4452,2025-03-18,West,Footwear,Retail,Consumer,11,55.96,0.0,802.14,523.52,278.62,5.0,4.0
1469,2025-03-19,North,Apparel,Online,Corporate,10,12.66,0.0,164.97,99.05,65.92,12.0,3.0
4921,2025-03-19,North,Outerwear,Retail,Home Office,1,28.85,0.0,37.59,20.96,16.63,13.0,4.0
4944,2025-03-19,East,Apparel,Retail,Consumer,1,83.1,0.0,108.29,61.96,46.33,8.0,2.0
400,2025-03-20,South,Apparel,Online,Consumer,2,65.07,0.05,161.11,114.76,46.35,13.0,3.0
1253,2025-03-20,North,Accessories,Retail,Consumer,8,102.0,0.0,1063.34,678.73,384.61,8.0,2.0
1575,2025-03-20,North,Footwear,Online,Consumer,7,52.0,0.15,403.18,283.92,119.26,8.0,1.0
1699,2025-03-20,East,Accessories,Online,Consumer,6,114.33,0.0,893.91,537.31,356.6,7.0,5.0
3911,2025-03-20,East,Outerwear,Retail,Consumer,9,71.81,0.0,842.19,542.9,299.29,4.0,4.0
2137,2025-03-21,East,Accessories,Online,Consumer,7,81.71,0.0,745.34,490.97,254.37,6.0,
2265,2025-03-21,East,Outerwear,Retail,Consumer,4,14.5,0.0,75.58,45.87,29.71,5.0,3.0
2379,2025-03-21,North,Footwear,Online,Consumer,2,8.82,0.0,22.99,14.05,8.94,13.0,4.0
3383,2025-03-21,South,Footwear,Online,Home Office,2,58.53,0.0,152.54,94.63,57.91,2.0,5.0
4723,2025-03-21,South,Apparel,Online,Consumer,10,128.67,0.0,1676.71,986.81,689.9,12.0,4.0
1633,2025-03-22,South,Accessories,Online,Home Office,7,47.36,0.0,432.01,273.09,158.92,7.0,1.0
2286,2025-03-22,East,Outerwear,Retail,Home Office,6,35.33,0.0,276.23,179.0,97.23,1.0,2.0
2834,2025-03-22,West,Footwear,Retail,Corporate,9,22.95,0.05,255.7,148.31,107.39,10.0,3.0
3667,2025-03-22,North,Footwear,Online,Consumer,8,28.51,0.0,297.21,173.27,123.94,4.0,
4516,2025-03-22,North,Outerwear,Retail,Corporate,11,88.6,0.05,1206.51,727.3,479.21,7.0,1.0
57,2025-03-23,East,Apparel,Retail,Corporate,4,18.88,0.1,88.57,56.06,32.51,2.0,
1012,2025-03-23,South,Footwear,Online,Consumer,4,19.08,0.0,99.45,60.3,39.15,9.0,3.0
1768,2025-03-23,North,Apparel,Online,Corporate,5,46.44,0.0,302.58,205.2,97.38,10.0,1.0
1777,2025-03-23,South,Footwear,Retail,Consumer,6,92.22,0.0,721.04,433.32,287.72,,
2381,2025-03-23,West,Apparel,Wholesale,Consumer,361,45.88,0.25,16187.23,10584.17,5603.06,14.0,4.0
3201,2025-03-23,West,Accessories,Online,Corporate,4,14.31,0.15,63.4,43.42,19.98,14.0,3.0
3538,2025-03-23,West,Accessories,Online,Consumer,9,120.91,0.0,1418.03,798.31,619.72,7.0,5.0
3741,2025-03-23,South,Apparel,Wholesale,Consumer,192,60.45,0.0,15124.4,9839.01,5285.39,8.0,4.0
3951,2025-03-23,West,Apparel,Retail,Consumer,5,47.01,0.05,290.98,156.77,134.21,11.0,
4276,2025-03-23,North,Accessories,Online,Corporate,9,40.28,0.1,425.16,257.93,167.23,6.0,4.0
1036,2025-03-24,West,Footwear,Online,Corporate,7,171.91,0.1,1411.31,877.46,533.85,3.0,3.0
1432,2025-03-24,West,Footwear,Online,Corporate,11,38.59,0.0,553.16,359.14,194.02,1.0,5.0
2471,2025-03-24,East,Accessories,Retail,Consumer,7,52.92,0.1,434.45,272.37,162.08,,
4868,2025-03-24,East,Apparel,Retail,Consumer,5,30.45,0.0,198.4,126.37,72.03,8.0,4.0
888,2025-03-25,South,Accessories,Online,Corporate,1,85.37,0.0,111.25,75.7,35.55,10.0,1.0
1800,2025-03-25,North,Footwear,Online,Consumer,6,51.29,0.0,401.02,259.18,141.84,10.0,2.0
2454,2025-03-25,West,Footwear,Retail,Consumer,11,28.78,0.1,371.28,221.62,149.66,,5.0
4187,2025-03-25,South,Accessories,Online,Corporate,2,42.96,0.1,100.77,56.89,43.88,2.0,1.0
4625,2025-03-25,North,Accessories,Online,Consumer,1,44.73,0.15,49.54,30.19,19.35,8.0,
4685,2025-03-25,East,Outerwear,Wholesale,Consumer,377,130.04,0.0,63885.02,35755.48,28129.54,6.0,2.0
28,2025-03-26,East,Footwear,Retail,Corporate,3,113.11,0.05,420.07,276.93,143.14,3.0,5.0
3718,2025-03-26,East,Footwear,Wholesale,Consumer,355,26.57,0.0,12291.38,6849.44,5441.94,3.0,5.0
4030,2025-03-26,North,Outerwear,Retail,Corporate,11,38.96,0.0,558.46,356.5,201.96,9.0,
4701,2025-03-26,East,Apparel,Wholesale,Consumer,58,81.89,0.0,6189.27,3945.34,2243.93,13.0,3.0
4779,2025-03-26,North,Accessories,Online,Consumer,4,32.04,0.15,141.96,84.83,57.13,4.0,1.0
240,2025-03-27,South,Outerwear,Retail,Consumer,5,79.9,0.15,442.5,256.15,186.35,7.0,
445,2025-03-27,East,Apparel,Online,Home Office,10,23.17,0.0,301.93,202.31,99.62,12.0,1.0
2276,2025-03-27,North,Outerwear,Online,Consumer,1,28.3,0.0,36.88,26.34,10.54,2.0,
2521,2025-03-27,West,Footwear,Wholesale,Consumer,72,33.15,0.05,2954.75,2001.24,953.51,5.0,
2567,2025-03-27,East,Apparel,Online,Consumer,2,35.82,0.15,79.35,52.94,26.41,9.0,1.0
3372,2025-03-27,West,Accessories,Online,Corporate,10,76.19,0.0,992.84,650.77,342.07,12.0,4.0
3636,2025-03-27,North,Footwear,Online,Consumer,6,56.16,0.0,439.1,298.27,140.83,12.0,4.0
4159,2025-03-27,North,Footwear,Online,Consumer,4,46.0,0.25,179.83,109.79,70.04,5.0,2.0
4450,2025-03-27,West,Accessories,Online,Consumer,3,52.74,0.0,206.18,117.82,88.36,5.0,5.0
4668,2025-03-27,West,Footwear,Retail,Consumer,9,63.65,0.1,671.84,406.92,264.92,8.0,5.0
181,2025-03-28,North,Accessories,Online,Consumer,10,104.75,0.0,1365.01,786.32,578.69,10.0,2.0
2619,2025-03-28,West,Footwear,Online,Consumer,7,62.76,0.0,572.48,360.01,212.47,13.0,5.0
2838,2025-03-28,West,Apparel,Wholesale,Corporate,201,40.22,0.0,10534.62,6935.16,3599.46,14.0,
2896,2025-03-28,South,Apparel,Retail,Home Office,4,55.41,0.0,288.82,206.82,82.0,,3.0
3015,2025-03-28,South,Footwear,Online,Consumer,9,60.83,0.0,713.41,430.52,282.89,,3.0
3290,2025-03-28,East,Outerwear,Online,Consumer,9,45.48,0.15,453.38,268.82,184.56,9.0,
4595,2025-03-28,West,Outerwear,Online,Corporate,5,21.45,0.1,125.78,78.71,47.07,12.0,
668,2025-03-29,South,Accessories,Online,Consumer,9,51.36,0.0,602.35,402.32,200.03,1.0,2.0
1134,2025-03-29,West,Footwear,Retail,Consumer,1,40.9,0.15,45.3,30.29,15.01,1.0,
1407,2025-03-29,South,Outerwear,Online,Corporate,4,58.96,0.15,261.23,170.79,90.44,11.0,5.0
3253,2025-03-29,South,Apparel,Wholesale,Consumer,383,33.78,0.05,16016.32,10779.35,5236.97,4.0,3.0
3540,2025-03-29,North,Outerwear,Online,Home Office,4,45.7,0.0,238.21,167.27,70.94,11.0,1.0
305,2025-03-30,East,Footwear,Retail,Consumer,2,74.7,0.0,194.68,130.81,63.87,3.0,5.0
673,2025-03-30,North,Accessories,Online,Consumer,1,61.53,0.25,60.14,36.34,23.8,8.0,1.0
1523,2025-03-30,West,Accessories,Online,Consumer,3,76.54,0.0,299.22,189.85,109.37,2.0,4.0
1926,2025-03-30,South,Footwear,Online,Corporate,4,44.85,0.05,222.09,127.11,94.98,3.0,1.0
2411,2025-03-30,North,Footwear,Wholesale,Consumer,332,61.07,0.0,26420.85,18384.28,8036.57,14.0,4.0
3121,2025-03-30,East,Apparel,Online,Consumer,1,41.53,0.1,48.71,32.1,16.61,2.0,5.0
3561,2025-03-30,West,Apparel,Online,Corporate,11,85.21,0.0,1221.42,668.01,553.41,7.0,3.0
3971,2025-03-30,East,Accessories,Retail,Consumer,7,59.14,0.0,539.46,349.39,190.07,8.0,1.0
4066,2025-03-30,West,Apparel,Wholesale,Consumer,341,35.17,0.05,14846.74,8793.03,6053.71,2.0,2.0
1144,2025-03-31,North,Apparel,Retail,Corporate,2,20.58,0.15,45.59,29.79,15.8,1.0,5.0
1486,2025-03-31,East,Accessories,Wholesale,Corporate,92,55.55,0.0,6659.67,4337.35,2322.32,8.0,
3173,2025-03-31,South,Footwear,Online,Consumer,1,61.49,0.15,68.11,42.78,25.33,1.0,4.0
3566,2025-03-31,North,Footwear,Wholesale,Consumer,270,99.61,0.1,31542.05,18966.31,12575.74,7.0,
3673,2025-03-31,East,Footwear,Retail,Corporate,5,83.73,0.0,545.55,321.26,224.29,,
4172,2025-03-31,North,Footwear,Retail,Consumer,10,74.3,0.0,968.21,538.24,429.97,8.0,4.0
3514,2025-04-01,North,Accessories,Online,Consumer,5,40.45,0.0,273.04,163.61,109.43,7.0,5.0
3818,2025-04-01,North,Apparel,Online,Consumer,9,118.5,0.15,1223.81,718.69,505.12,4.0,3.0
4003,2025-04-01,North,Outerwear,Online,Corporate,10,25.97,0.0,350.6,221.97,128.63,7.0,4.0
1026,2025-04-02,South,Apparel,Online,Consumer,9,40.38,0.0,490.62,286.34,204.28,4.0,
1399,2025-04-02,South,Accessories,Online,Consumer,4,20.49,0.15,94.05,61.92,32.13,4.0,3.0
2565,2025-04-02,South,Apparel,Online,Consumer,2,22.79,0.0,61.53,37.8,23.73,11.0,5.0
3099,2025-04-02,West,Footwear,Online,Consumer,11,58.02,0.0,861.6,562.66,298.94,,4.0
3199,2025-04-02,West,Outerwear,Retail,Corporate,4,28.47,0.05,146.05,94.21,51.84,14.0,
3693,2025-04-02,West,Footwear,Online,Corporate,1,22.06,0.0,29.78,19.08,10.7,4.0,5.0
3752,2025-04-02,East,Apparel,Retail,Consumer,6,67.36,0.15,463.77,269.54,194.23,1.0,1.0
4791,2025-04-02,East,Outerwear,Retail,Corporate,3,48.51,0.0,196.47,119.77,76.7,4.0,3.0
242,2025-04-03,North,Footwear,Online,Corporate,8,77.46,0.15,711.08,422.49,288.59,2.0,2.0
3788,2025-04-03,West,Footwear,Retail,Consumer,6,21.22,0.0,171.88,104.02,67.86,,1.0
4901,2025-04-03,West,Outerwear,Online,Corporate,11,36.27,0.05,511.68,273.19,238.49,5.0,4.0
4982,2025-04-03,North,Outerwear,Online,Consumer,11,87.62,0.15,1105.98,591.6,514.38,4.0,5.0
126,2025-04-04,West,Footwear,Online,Consumer,9,23.22,0.1,253.91,133.62,120.29,7.0,
1034,2025-04-04,West,Accessories,Retail,Consumer,10,58.0,0.1,704.7,450.37,254.33,,4.0
2088,2025-04-04,South,Apparel,Online,Consumer,7,21.92,0.15,176.07,114.26,61.81,13.0,2.0
2102,2025-04-04,North,Footwear,Retail,Consumer,11,123.39,0.0,1832.34,1122.17,710.17,8.0,4.0
2152,2025-04-04,South,Footwear,Wholesale,Corporate,71,102.35,0.0,9810.25,6680.32,3129.93,10.0,3.0
3906,2025-04-04,West,Apparel,Online,Consumer,2,25.23,0.05,64.71,39.0,25.71,5.0,5.0
4553,2025-04-04,North,Footwear,Wholesale,Consumer,159,48.6,0.0,10431.99,6278.6,4153.39,12.0,
485,2025-04-05,North,Accessories,Online,Consumer,8,53.71,0.1,522.06,309.2,212.86,8.0,3.0
875,2025-04-05,North,Outerwear,Online,Consumer,3,77.66,0.05,298.8,197.24,101.56,7.0,1.0
2124,2025-04-05,South,Outerwear,Retail,Corporate,3,43.73,0.25,132.83,79.35,53.48,13.0,5.0
2328,2025-04-05,North,Footwear,Retail,Consumer,9,164.2,0.0,1995.03,1166.26,828.77,13.0,3.0
2484,2025-04-05,West,Accessories,Retail,Corporate,9,15.38,0.1,168.18,106.55,61.63,2.0,5.0
2574,2025-04-05,South,Outerwear,Online,Consumer,10,41.63,0.0,562.01,365.79,196.22,13.0,4.0
4077,2025-04-05,South,Accessories,Online,Corporate,4,80.24,0.0,433.3,254.2,179.1,9.0,4.0
4458,2025-04-05,South,Apparel,Online,Corporate,6,53.17,0.0,430.68,224.76,205.92,13.0,1.0
634,2025-04-06,South,Accessories,Retail,Consumer,3,45.17,0.05,173.79,100.16,73.63,13.0,3.0
988,2025-04-06,East,Apparel,Online,Home Office,1,77.62,0.25,78.59,49.16,29.43,7.0,3.0
1108,2025-04-06,North,Footwear,Retail,Corporate,4,40.28,0.0,217.51,150.6,66.91,14.0,
1170,2025-04-06,North,Accessories,Online,Home Office,11,39.26,0.15,495.56,282.05,213.51,,
1360,2025-04-06,East,Outerwear,Online,Consumer,3,20.35,0.0,82.42,54.97,27.45,9.0,3.0
2120,2025-04-06,South,Outerwear,Online,Consumer,3,45.59,0.05,175.41,103.67,71.74,,
2407,2025-04-06,North,Accessories,Online,Home Office,8,32.55,0.05,333.96,212.04,121.92,11.0,5.0
2491,2025-04-06,East,Footwear,Online,Corporate,5,112.62,0.1,684.17,438.29,245.88,9.0,
4245,2025-04-06,East,Outerwear,Online,Consumer,11,45.86,0.05,646.97,440.53,206.44,13.0,2.0
4412,2025-04-06,South,Outerwear,Retail,Consumer,3,43.41,0.0,175.81,127.55,48.26,14.0,1.0
311,2025-04-07,North,Accessories,Retail,Consumer,5,35.71,0.1,216.94,145.62,71.32,4.0,4.0
2375,2025-04-07,East,Footwear,Wholesale,Corporate,313,134.35,0.1,51092.63,29048.54,22044.09,4.0,
2862,2025-04-07,North,Outerwear,Online,Consumer,8,31.51,0.0,340.31,199.48,140.83,11.0,
2908,2025-04-07,West,Footwear,Retail,Home Office,10,24.67,0.0,333.05,221.21,111.84,10.0,2.0
2923,2025-04-07,East,Accessories,Wholesale,Consumer,382,87.92,0.05,43073.33,28200.24,14873.09,8.0,1.0
3117,2025-04-07,North,Accessories,Online,Home Office,4,80.84,0.0,436.54,257.05,179.49,14.0,2.0
4626,2025-04-07,West,Outerwear,Retail,Consumer,1,59.85,0.05,76.76,48.08,28.68,8.0,3.0
198,2025-04-08,North,Accessories,Wholesale,Home Office,64,70.03,0.05,5748.06,3296.21,2451.85,10.0,4.0
2245,2025-04-08,North,Outerwear,Online,Consumer,5,141.14,0.0,952.7,644.71,307.99,1.0,
3772,2025-04-08,West,Outerwear,Online,Consumer,6,100.19,0.0,811.54,553.74,257.8,5.0,3.0
3814,2025-04-08,North,Footwear,Online,Home Office,3,85.35,0.05,328.38,228.0,100.38,4.0,
3953,2025-04-08,West,Accessories,Wholesale,Consumer,262,41.15,0.05,13827.02,8939.88,4887.14,10.0,
4712,2025-04-08,West,Outerwear,Online,Corporate,10,100.25,0.0,1353.38,771.04,582.34,9.0,4.0
927,2025-04-09,West,Accessories,Online,Corporate,5,53.9,0.0,363.83,219.8,144.03,11.0,5.0
1153,2025-04-09,South,Accessories,Retail,Consumer,8,67.7,0.1,658.04,418.88,239.16,11.0,1.0
1351,2025-04-09,South,Accessories,Online,Consumer,5,40.25,0.0,271.69,179.22,92.47,10.0,1.0
3955,2025-04-09,West,Apparel,Retail,Consumer,9,139.08,0.1,1520.84,883.83,637.01,14.0,2.0
3981,2025-04-09,North,Footwear,Retail,Home Office,5,35.92,0.0,242.46,141.74,100.72,11.0,4.0
3982,2025-04-09,North,Apparel,Wholesale,Consumer,270,81.98,0.05,28387.62,18761.29,9626.33,2.0,1.0
4558,2025-04-09,West,Accessories,Online,Corporate,4,68.26,0.0,368.6,244.68,123.92,13.0,2.0
1209,2025-04-10,North,Apparel,Retail,Consumer,4,153.42,0.1,745.62,440.64,304.98,3.0,1.0
1374,2025-04-10,West,Apparel,Online,Consumer,9,30.77,0.0,373.86,252.25,121.61,,2.0
1786,2025-04-10,West,Apparel,Retail,Consumer,8,66.93,0.05,686.7,465.39,221.31,,1.0
2889,2025-04-10,South,Apparel,Retail,Home Office,4,45.33,0.0,244.78,148.33,96.45,4.0,1.0
3255,2025-04-10,South,Apparel,Retail,Consumer,10,85.07,0.0,1148.44,692.06,456.38,1.0,4.0
3296,2025-04-10,East,Outerwear,Wholesale,Consumer,74,37.22,0.0,3718.28,2372.44,1345.84,5.0,
3677,2025-04-10,North,Accessories,Wholesale,Corporate,328,58.25,0.25,19344.82,11175.79,8169.03,14.0,5.0
3710,2025-04-10,West,Footwear,Retail,Corporate,10,71.04,0.0,959.04,605.32,353.72,8.0,4.0
4691,2025-04-10,South,Apparel,Online,Consumer,4,52.09,0.05,267.22,160.64,106.58,11.0,3.0
4755,2025-04-10,North,Apparel,Retail,Consumer,5,38.93,0.05,249.64,159.69,89.95,6.0,
1101,2025-04-11,West,Apparel,Online,Home Office,3,64.66,0.15,222.59,134.03,88.56,8.0,5.0
2298,2025-04-11,South,Accessories,Retail,Home Office,9,111.65,0.1,1220.89,754.3,466.59,14.0,4.0
3564,2025-04-11,West,Footwear,Online,Corporate,11,77.07,0.0,1144.49,688.26,456.23,8.0,5.0
4517,2025-04-11,North,Outerwear,Retail,Consumer,9,48.78,0.0,592.68,336.8,255.88,9.0,2.0
148,2025-04-12,North,Apparel,Wholesale,Consumer,379,53.37,0.0,27306.76,18050.39,9256.37,8.0,
267,2025-04-12,East,Apparel,Online,Consumer,7,109.93,0.0,1038.84,625.63,413.21,10.0,
860,2025-04-12,East,Accessories,Retail,Corporate,4,21.17,0.05,108.6,63.19,45.41,7.0,
1098,2025-04-12,North,Apparel,Retail,Consumer,3,63.9,0.1,232.92,149.25,83.67,5.0,4.0
1517,2025-04-12,West,Apparel,Online,Consumer,11,77.49,0.05,1093.19,706.33,386.86,10.0,4.0
1569,2025-04-12,East,Apparel,Retail,Corporate,9,53.0,0.05,611.75,353.76,257.99,10.0,
2240,2025-04-12,East,Footwear,Online,Consumer,2,79.28,0.0,214.06,138.58,75.48,5.0,3.0
3832,2025-04-12,West,Outerwear,Retail,Consumer,11,94.22,0.1,1259.25,811.27,447.98,1.0,3.0
3848,2025-04-12,North,Footwear,Online,Consumer,9,65.77,0.0,799.11,513.83,285.28,10.0,5.0
4069,2025-04-12,East,Apparel,Retail,Corporate,4,50.72,0.0,273.89,163.08,110.81,9.0,3.0
4291,2025-04-12,North,Accessories,Wholesale,Consumer,251,52.26,0.1,15937.47,10562.32,5375.15,3.0,4.0
4554,2025-04-12,West,Footwear,Online,Consumer,3,14.26,0.0,57.75,35.37,22.38,13.0,
58,2025-04-13,South,Apparel,Retail,Consumer,3,45.49,0.05,175.02,80.47,94.55,4.0,1.0
1831,2025-04-13,East,Footwear,Retail,Corporate,11,49.08,0.15,619.51,370.75,248.76,10.0,3.0
2278,2025-04-13,West,Apparel,Online,Corporate,6,73.76,0.05,567.58,382.42,185.16,8.0,3.0
2511,2025-04-13,East,Outerwear,Online,Corporate,6,44.46,0.1,324.11,192.69,131.42,10.0,2.0
2683,2025-04-13,South,Footwear,Online,Consumer,9,50.23,0.0,610.29,336.76,273.53,11.0,5.0
3820,2025-04-13,East,Apparel,Retail,Corporate,2,50.88,0.15,116.77,81.86,34.91,5.0,3.0
559,2025-04-14,North,Apparel,Retail,Home Office,5,77.23,0.0,521.3,356.91,164.39,6.0,2.0
1412,2025-04-14,West,Apparel,Online,Consumer,7,45.84,0.05,411.53,235.47,176.06,12.0,1.0
3950,2025-04-14,East,Footwear,Online,Consumer,5,54.44,0.0,367.47,214.95,152.52,6.0,5.0
4033,2025-04-14,North,Footwear,Retail,Corporate,2,33.8,0.1,82.13,55.18,26.95,13.0,2.0
4236,2025-04-14,North,Footwear,Retail,Consumer,1,28.81,0.1,35.0,23.17,11.83,8.0,3.0
4581,2025-04-14,North,Outerwear,Online,Corporate,3,87.25,0.0,353.36,221.35,132.01,10.0,2.0
4766,2025-04-14,West,Outerwear,Retail,Corporate,7,102.07,0.0,964.56,618.97,345.59,5.0,5.0
4796,2025-04-14,North,Apparel,Online,Corporate,7,38.18,0.05,342.76,216.13,126.63,2.0,4.0
526,2025-04-15,North,Footwear,Online,Consumer,11,111.42,0.0,1654.59,949.08,705.51,9.0,
706,2025-04-15,West,Outerwear,Online,Consumer,7,137.44,0.0,1298.81,758.42,540.39,9.0,5.0
979,2025-04-15,North,Apparel,Wholesale,Home Office,314,27.35,0.0,11593.66,8217.2,3376.46,6.0,3.0
1986,2025-04-15,East,Footwear,Retail,Consumer,2,56.82,0.05,145.74,92.51,53.23,,1.0
3044,2025-04-15,North,Apparel,Wholesale,Consumer,151,45.18,0.1,8288.95,5165.3,3123.65,6.0,5.0
3502,2025-04-15,North,Accessories,Online,Consumer,5,40.58,0.05,260.22,177.31,82.91,4.0,4.0
683,2025-04-16,East,Outerwear,Online,Consumer,3,56.0,0.0,226.8,129.47,97.33,6.0,5.0
752,2025-04-16,East,Apparel,Online,Consumer,7,80.68,0.0,762.43,515.43,247.0,8.0,1.0
1135,2025-04-16,East,Accessories,Online,Consumer,1,12.8,0.05,16.42,9.63,6.79,12.0,
2977,2025-04-16,East,Accessories,Retail,Home Office,8,26.91,0.0,290.63,176.01,114.62,11.0,4.0
4037,2025-04-16,West,Accessories,Wholesale,Consumer,117,88.67,0.05,13305.16,7908.51,5396.65,8.0,5.0
4192,2025-04-16,West,Footwear,Retail,Consumer,3,18.59,0.0,75.29,44.91,30.38,7.0,1.0
4421,2025-04-16,North,Apparel,Online,Consumer,4,36.01,0.0,194.45,121.85,72.6,9.0,4.0
1584,2025-04-17,West,Footwear,Online,Corporate,10,65.74,0.1,798.74,508.46,290.28,10.0,2.0
2046,2025-04-17,West,Footwear,Retail,Corporate,9,72.17,0.0,876.87,494.48,382.39,,3.0
3282,2025-04-17,East,Footwear,Retail,Consumer,2,24.95,0.05,64.0,37.88,26.12,13.0,4.0
3297,2025-04-17,West,Apparel,Retail,Consumer,9,117.61,0.1,1286.07,864.96,421.11,11.0,
4399,2025-04-17,South,Outerwear,Online,Consumer,10,60.75,0.05,779.12,459.26,319.86,8.0,3.0
4858,2025-04-17,North,Apparel,Online,Corporate,5,75.19,0.0,507.53,343.47,164.06,9.0,4.0
6,2025-04-18,East,Apparel,Online,Corporate,3,25.5,0.25,77.46,44.64,32.82,6.0,4.0
891,2025-04-18,North,Accessories,Retail,Consumer,6,80.54,0.0,652.37,398.69,253.68,,3.0
2543,2025-04-18,West,Accessories,Online,Consumer,2,48.84,0.0,131.87,79.7,52.17,1.0,5.0
3017,2025-04-18,South,Footwear,Retail,Home Office,1,34.01,0.05,43.62,27.3,16.32,3.0,
3783,2025-04-18,North,Apparel,Online,Corporate,11,88.18,0.05,1244.0,759.12,484.88,,2.0
4085,2025-04-18,South,Apparel,Online,Corporate,9,58.26,0.0,707.86,456.15,251.71,9.0,
4233,2025-04-18,East,Outerwear,Online,Consumer,5,29.72,0.1,180.55,108.72,71.83,,3.0
4308,2025-04-18,East,Accessories,Online,Corporate,9,61.72,0.05,712.4,425.42,286.98,13.0,2.0
1385,2025-04-19,East,Outerwear,Online,Consumer,3,110.27,0.0,446.59,292.06,154.53,12.0,
1568,2025-04-19,South,Footwear,Online,Consumer,6,47.37,0.0,383.7,261.62,122.08,,1.0
1663,2025-04-19,North,Footwear,Wholesale,Corporate,355,46.72,0.0,22390.56,13839.62,8550.94,10.0,
1944,2025-04-19,West,Apparel,Online,Consumer,3,96.5,0.0,390.83,260.7,130.13,13.0,4.0
2473,2025-04-19,North,Footwear,Wholesale,Consumer,387,24.48,0.05,12150.1,7613.32,4536.78,,1.0
2991,2025-04-19,North,Accessories,Wholesale,Consumer,68,45.96,0.15,3586.26,2247.39,1338.87,2.0,
3071,2025-04-19,West,Accessories,Online,Consumer,1,89.09,0.25,90.2,55.81,34.39,6.0,3.0
4544,2025-04-19,North,Accessories,Retail,Corporate,2,40.45,0.0,109.22,60.88,48.34,8.0,
95,2025-04-20,East,Apparel,Online,Consumer,10,40.17,0.1,488.07,293.6,194.47,14.0,3.0
899,2025-04-20,West,Accessories,Online,Consumer,11,88.1,0.0,1308.28,903.53,404.75,7.0,4.0
2833,2025-04-20,North,Accessories,Wholesale,Consumer,346,42.97,0.05,19067.72,13671.54,5396.18,11.0,
3659,2025-04-20,East,Apparel,Retail,Consumer,6,44.78,0.1,326.45,184.45,142.0,8.0,5.0
4645,2025-04-20,North,Outerwear,Online,Consumer,4,51.54,0.0,278.32,168.61,109.71,2.0,5.0
4652,2025-04-20,East,Footwear,Wholesale,Consumer,91,19.31,0.0,2372.23,1477.23,895.0,7.0,
45,2025-04-21,South,Footwear,Retail,Consumer,2,66.82,0.0,180.41,103.14,77.27,,1.0
650,2025-04-21,West,Footwear,Retail,Consumer,5,115.59,0.1,702.21,392.32,309.89,5.0,4.0
1536,2025-04-21,East,Accessories,Online,Consumer,7,19.16,0.05,172.01,104.06,67.95,10.0,5.0
1946,2025-04-21,West,Apparel,Retail,Consumer,7,107.74,0.1,916.33,542.63,373.7,14.0,
1953,2025-04-21,East,Apparel,Online,Consumer,10,69.24,0.05,888.0,505.89,382.11,4.0,4.0
3398,2025-04-21,West,Accessories,Online,Corporate,1,42.71,0.0,57.66,33.8,23.86,4.0,3.0
3474,2025-04-21,South,Footwear,Retail,Home Office,8,25.27,0.0,272.92,170.17,102.75,7.0,4.0
4862,2025-04-21,South,Apparel,Online,Consumer,5,38.95,0.05,249.77,173.27,76.5,13.0,3.0
352,2025-04-22,East,Apparel,Online,Consumer,11,36.55,0.1,488.49,317.3,171.19,7.0,
841,2025-04-22,East,Apparel,Online,Corporate,3,85.6,0.05,329.35,180.16,149.19,14.0,5.0
1476,2025-04-22,North,Apparel,Online,Consumer,6,25.77,0.0,208.74,132.96,75.78,8.0,1.0
1844,2025-04-22,West,Apparel,Online,Corporate,11,99.38,0.0,1475.79,825.43,650.36,5.0,5.0
2277,2025-04-22,West,Apparel,Retail,Home Office,3,40.23,0.0,162.93,97.24,65.69,6.0,1.0
2638,2025-04-22,South,Apparel,Retail,Consumer,2,64.73,0.15,148.56,93.2,55.36,6.0,2.0
2711,2025-04-22,North,Apparel,Online,Consumer,8,37.02,0.05,379.83,227.86,151.97,1.0,3.0
3079,2025-04-22,North,Apparel,Online,Consumer,4,38.56,0.0,208.22,137.72,70.5,7.0,5.0
4099,2025-04-22,East,Accessories,Online,Consumer,8,30.03,0.05,308.11,197.65,110.46,3.0,2.0
748,2025-04-23,North,Accessories,Online,Corporate,3,78.45,0.05,301.84,192.9,108.94,2.0,1.0
2018,2025-04-23,West,Apparel,Online,Corporate,5,169.86,0.05,1089.23,643.68,445.55,7.0,
3193,2025-04-23,North,Apparel,Retail,Corporate,9,42.05,0.0,510.91,301.47,209.44,10.0,4.0
3348,2025-04-23,North,Apparel,Retail,Corporate,3,26.18,0.05,100.73,67.29,33.44,13.0,
3401,2025-04-23,South,Outerwear,Retail,Home Office,3,110.67,0.05,425.8,280.73,145.07,8.0,4.0
4529,2025-04-23,East,Outerwear,Online,Consumer,11,81.84,0.0,1215.32,753.27,462.05,11.0,1.0
663,2025-04-24,East,Apparel,Retail,Home Office,5,99.45,0.0,671.29,447.21,224.08,9.0,2.0
1511,2025-04-24,South,Accessories,Online,Consumer,3,48.29,0.0,195.57,127.28,68.29,13.0,
1559,2025-04-24,West,Outerwear,Online,Corporate,7,53.8,0.15,432.15,294.68,137.47,14.0,4.0
2047,2025-04-24,North,Outerwear,Online,Consumer,2,48.67,0.05,124.84,72.0,52.84,11.0,
2746,2025-04-24,East,Apparel,Online,Consumer,7,39.55,0.05,355.06,212.11,142.95,11.0,1.0
3132,2025-04-24,South,Apparel,Retail,Consumer,3,42.21,0.1,153.86,82.08,71.78,4.0,2.0
3228,2025-04-24,South,Accessories,Retail,Corporate,1,58.49,0.1,71.07,44.17,26.9,8.0,
3583,2025-04-24,West,Apparel,Retail,Consumer,10,29.77,0.0,401.9,236.29,165.61,11.0,4.0
3596,2025-04-24,North,Footwear,Online,Consumer,5,57.11,0.0,385.49,228.97,156.52,2.0,4.0
4013,2025-04-24,East,Apparel,Retail,Corporate,3,56.89,0.0,230.4,147.21,83.19,10.0,
4775,2025-04-24,East,Footwear,Wholesale,Home Office,248,45.52,0.1,13716.09,8477.79,5238.3,14.0,1.0
561,2025-04-25,South,Apparel,Retail,Corporate,8,59.13,0.05,606.67,379.06,227.61,12.0,3.0
3568,2025-04-25,South,Outerwear,Online,Corporate,11,8.44,0.1,112.8,74.25,38.55,12.0,1.0
3721,2025-04-25,West,Outerwear,Wholesale,Consumer,61,42.44,0.0,3494.93,2175.19,1319.74,14.0,3.0
103,2025-04-26,West,Apparel,Online,Home Office,3,48.22,0.1,175.76,110.32,65.44,3.0,3.0
269,2025-04-26,South,Outerwear,Wholesale,Consumer,61,32.07,0.0,2640.96,1777.19,863.77,13.0,
493,2025-04-26,East,Footwear,Online,Corporate,3,30.7,0.0,124.34,75.69,48.65,4.0,3.0
672,2025-04-26,South,Apparel,Online,Home Office,7,143.96,0.0,1360.42,804.42,556.0,14.0,4.0
2370,2025-04-26,East,Footwear,Online,Consumer,8,21.38,0.0,230.9,132.35,98.55,7.0,
3074,2025-04-26,West,Apparel,Wholesale,Consumer,336,49.53,0.1,20220.13,12431.78,7788.35,,
3990,2025-04-26,East,Footwear,Online,Consumer,7,36.49,0.05,327.59,205.5,122.09,7.0,
4042,2025-04-26,North,Apparel,Online,Corporate,5,27.34,0.25,138.41,79.93,58.48,3.0,4.0
72,2025-04-27,South,Accessories,Online,Corporate,5,83.86,0.05,537.75,316.72,221.03,12.0,5.0
85,2025-04-27,East,Apparel,Online,Consumer,9,33.42,0.15,345.15,216.22,128.93,,1.0
1294,2025-04-27,West,Accessories,Online,Consumer,2,30.57,0.15,70.16,46.4,23.76,3.0,5.0
2080,2025-04-27,South,Outerwear,Retail,Consumer,4,21.45,0.0,115.83,76.88,38.95,10.0,4.0
2478,2025-04-27,East,Apparel,Online,Consumer,7,25.43,0.0,240.31,148.16,92.15,5.0,
2641,2025-04-27,West,Outerwear,Online,Corporate,4,69.22,0.05,355.1,250.26,104.84,5.0,1.0
3144,2025-04-27,East,Footwear,Online,Consumer,8,121.29,0.15,1113.44,709.26,404.18,4.0,1.0
4173,2025-04-27,North,Footwear,Online,Consumer,11,36.18,0.0,537.27,351.28,185.99,12.0,2.0
736,2025-04-28,South,Apparel,Online,Consumer,1,17.67,0.0,23.85,15.8,8.05,14.0,4.0
1195,2025-04-28,South,Apparel,Retail,Consumer,4,23.5,0.0,126.9,82.37,44.53,,1.0
1653,2025-04-28,North,Apparel,Retail,Home Office,9,37.11,0.0,450.89,295.96,154.93,12.0,5.0
1996,2025-04-28,South,Outerwear,Online,Consumer,3,66.13,0.05,254.44,150.08,104.36,3.0,3.0
3043,2025-04-28,South,Accessories,Retail,Consumer,8,22.87,0.0,247.0,168.33,78.67,13.0,2.0
3221,2025-04-28,South,Apparel,Retail,Corporate,6,99.05,0.05,762.19,456.21,305.98,8.0,2.0
4555,2025-04-28,East,Accessories,Online,Corporate,11,17.05,0.0,253.19,150.84,102.35,,4.0
117,2025-04-29,South,Apparel,Online,Corporate,6,26.18,0.05,201.46,122.08,79.38,13.0,2.0
329,2025-04-29,North,Apparel,Retail,Consumer,11,79.76,0.0,1184.44,731.16,453.28,12.0,5.0
2308,2025-04-29,West,Accessories,Retail,Consumer,2,80.53,0.0,217.43,151.78,65.65,,1.0
3729,2025-04-29,South,Accessories,Retail,Consumer,7,35.88,0.0,339.07,175.43,163.64,13.0,5.0
4171,2025-04-29,North,Apparel,Online,Corporate,3,44.32,0.25,134.62,84.44,50.18,5.0,1.0
4216,2025-04-29,West,Footwear,Online,Corporate,3,76.62,0.0,310.31,168.84,141.47,3.0,5.0
4353,2025-04-29,South,Apparel,Online,Consumer,9,37.56,0.0,456.35,276.99,179.36,7.0,
585,2025-04-30,South,Outerwear,Online,Consumer,4,39.81,0.0,214.97,144.81,70.16,8.0,3.0
1956,2025-04-30,East,Apparel,Online,Corporate,5,43.15,0.1,262.14,167.05,95.09,,3.0
2360,2025-04-30,South,Apparel,Retail,Consumer,9,60.08,0.0,729.97,456.16,273.81,10.0,
4655,2025-04-30,West,Footwear,Online,Home Office,1,27.76,0.0,37.48,25.19,12.29,11.0,5.0
4879,2025-04-30,West,Apparel,Retail,Corporate,4,37.18,0.25,150.58,96.45,54.13,10.0,5.0
4915,2025-04-30,North,Footwear,Online,Consumer,2,63.56,0.25,128.71,83.64,45.07,3.0,2.0
1376,2025-05-01,South,Apparel,Retail,Corporate,4,18.1,0.05,89.63,55.76,33.87,11.0,
2252,2025-05-01,North,Footwear,Online,Consumer,7,91.63,0.15,710.45,483.8,226.65,11.0,5.0
3100,2025-05-01,South,Accessories,Wholesale,Corporate,342,76.34,0.1,30619.74,19505.29,11114.45,5.0,3.0
4038,2025-05-01,East,Footwear,Retail,Consumer,10,15.18,0.0,197.81,124.8,73.01,1.0,4.0
4148,2025-05-01,South,Apparel,Retail,Consumer,3,73.73,0.0,288.23,166.36,121.87,11.0,
4431,2025-05-01,East,Apparel,Retail,Consumer,1,17.46,0.1,20.48,13.28,7.2,14.0,5.0
4641,2025-05-01,West,Outerwear,Wholesale,Consumer,315,21.71,0.15,7574.78,4789.9,2784.88,7.0,1.0
23,2025-05-02,South,Accessories,Online,Consumer,9,64.24,0.25,565.05,390.18,174.87,,4.0
1689,2025-05-02,North,Apparel,Online,Consumer,4,72.79,0.05,360.44,211.68,148.76,,3.0
1903,2025-05-02,West,Footwear,Online,Consumer,8,53.74,0.0,560.23,344.81,215.42,6.0,4.0
3205,2025-05-02,West,Accessories,Retail,Home Office,2,21.58,0.0,56.24,32.42,23.82,,4.0
3307,2025-05-02,East,Outerwear,Online,Corporate,9,26.45,0.1,279.18,182.51,96.67,11.0,4.0
3394,2025-05-02,West,Accessories,Online,Consumer,10,95.71,0.05,1184.85,718.1,466.75,3.0,5.0
3668,2025-05-02,South,Apparel,Retail,Home Office,4,48.26,0.0,251.55,160.75,90.8,11.0,
3934,2025-05-02,North,Footwear,Wholesale,Corporate,200,134.86,0.0,35147.45,22140.82,13006.63,,
4491,2025-05-02,South,Apparel,Retail,Home Office,6,26.36,0.0,206.1,131.93,74.17,6.0,4.0
46,2025-05-03,East,Accessories,Online,Consumer,7,83.95,0.0,765.77,479.88,285.89,12.0,
442,2025-05-03,South,Apparel,Online,Consumer,6,184.2,0.25,1080.15,647.16,432.99,10.0,3.0
859,2025-05-03,North,Footwear,Retail,Corporate,1,83.52,0.05,103.39,62.89,40.5,8.0,4.0
1451,2025-05-03,West,Apparel,Online,Consumer,1,69.31,0.0,90.32,59.66,30.66,6.0,
2332,2025-05-03,North,Accessories,Online,Consumer,5,62.46,0.0,406.96,242.29,164.67,11.0,4.0
2576,2025-05-03,East,Footwear,Retail,Consumer,10,84.32,0.0,1098.78,670.91,427.87,8.0,2.0
2970,2025-05-03,South,Apparel,Retail,Corporate,1,26.12,0.0,34.04,19.92,14.12,9.0,4.0
598,2025-05-04,East,Footwear,Online,Corporate,3,31.0,0.05,115.13,69.99,45.14,7.0,3.0
1522,2025-05-04,South,Accessories,Online,Consumer,11,47.11,0.05,641.52,376.25,265.27,8.0,
4053,2025-05-04,South,Outerwear,Retail,Home Office,11,40.36,0.0,578.53,349.39,229.14,,
4086,2025-05-04,North,Footwear,Online,Corporate,11,43.14,0.0,618.38,385.76,232.62,10.0,4.0
4201,2025-05-04,South,Apparel,Online,Consumer,4,37.92,0.0,197.66,115.57,82.09,4.0,3.0
4795,2025-05-04,South,Accessories,Wholesale,Consumer,135,36.76,0.0,6466.81,3708.81,2758.0,7.0,4.0
1218,2025-05-05,South,Apparel,Online,Corporate,1,88.46,0.05,109.51,66.72,42.79,8.0,2.0
1745,2025-05-05,East,Outerwear,Online,Home Office,6,51.44,0.1,361.97,240.73,121.24,12.0,2.0
1798,2025-05-05,East,Footwear,Retail,Consumer,6,66.21,0.05,491.79,337.3,154.49,11.0,5.0
3153,2025-05-05,East,Footwear,Online,Corporate,9,53.1,0.25,467.07,280.35,186.72,10.0,4.0
3610,2025-05-05,West,Apparel,Retail,Corporate,11,85.56,0.0,1226.43,723.49,502.94,12.0,3.0
3739,2025-05-05,North,Outerwear,Wholesale,Consumer,49,57.02,0.0,3640.86,2134.4,1506.46,14.0,
1062,2025-05-06,East,Apparel,Online,Home Office,7,59.35,0.1,487.24,311.17,176.07,,
1288,2025-05-06,South,Outerwear,Retail,Consumer,8,43.81,0.0,456.71,281.19,175.52,10.0,
1333,2025-05-06,South,Accessories,Online,Corporate,9,58.71,0.0,688.55,445.27,243.28,12.0,1.0
1893,2025-05-06,West,Outerwear,Online,Corporate,8,42.85,0.0,446.71,291.15,155.56,1.0,1.0
2027,2025-05-06,South,Accessories,Online,Corporate,10,31.1,0.0,405.27,261.12,144.15,2.0,4.0
2590,2025-05-06,West,Apparel,Online,Consumer,5,31.61,0.0,205.96,141.86,64.1,11.0,5.0
3833,2025-05-06,East,Apparel,Online,Consumer,9,66.75,0.05,743.7,420.7,323.0,4.0,5.0
4160,2025-05-06,East,Footwear,Retail,Corporate,1,52.34,0.15,57.97,36.97,21.0,10.0,1.0
4594,2025-05-06,East,Accessories,Retail,Corporate,5,31.43,0.0,204.78,124.47,80.31,1.0,4.0
4751,2025-05-06,South,Apparel,Retail,Corporate,10,41.39,0.0,539.36,320.68,218.68,10.0,5.0
4783,2025-05-06,West,Accessories,Retail,Consumer,10,26.8,0.15,296.85,189.64,107.21,4.0,3.0
401,2025-05-07,West,Footwear,Retail,Corporate,9,47.38,0.0,555.67,343.73,211.94,4.0,2.0
1479,2025-05-07,North,Apparel,Retail,Consumer,9,21.93,0.0,257.19,173.04,84.15,10.0,5.0
1547,2025-05-07,North,Footwear,Retail,Consumer,3,45.48,0.0,177.8,111.86,65.94,,3.0
1977,2025-05-07,South,Accessories,Retail,Corporate,5,68.09,0.0,443.64,271.31,172.33,2.0,
2110,2025-05-07,North,Footwear,Online,Home Office,2,71.78,0.05,177.72,110.39,67.33,9.0,
2481,2025-05-07,South,Accessories,Retail,Consumer,1,31.88,0.05,39.47,23.35,16.12,13.0,2.0
4820,2025-05-07,North,Apparel,Online,Consumer,8,32.13,0.0,334.95,203.7,131.25,4.0,4.0
99,2025-05-08,North,Footwear,Online,Consumer,7,130.6,0.1,1072.17,601.65,470.52,10.0,5.0
189,2025-05-08,East,Accessories,Online,Consumer,11,65.17,0.0,934.16,579.61,354.55,8.0,4.0
374,2025-05-08,West,Apparel,Retail,Consumer,1,27.73,0.0,36.14,22.08,14.06,10.0,1.0
1190,2025-05-08,West,Apparel,Online,Consumer,8,25.95,0.0,270.53,156.47,114.06,8.0,4.0
1551,2025-05-08,East,Apparel,Online,Corporate,7,16.51,0.15,128.01,84.02,43.99,7.0,
3042,2025-05-08,South,Apparel,Retail,Consumer,7,15.49,0.05,134.23,79.56,54.67,3.0,5.0
3862,2025-05-08,East,Apparel,Online,Corporate,3,43.8,0.05,162.67,103.78,58.89,4.0,2.0
4227,2025-05-08,West,Accessories,Retail,Corporate,4,43.25,0.0,225.44,137.88,87.56,7.0,3.0
4710,2025-05-08,North,Apparel,Retail,Corporate,8,59.41,0.1,557.41,365.46,191.95,10.0,2.0
1929,2025-05-09,East,Apparel,Online,Corporate,7,89.57,0.05,776.18,553.89,222.29,,4.0
1932,2025-05-09,East,Accessories,Retail,Consumer,3,105.65,0.05,392.37,235.71,156.66,12.0,
3271,2025-05-09,South,Apparel,Online,Consumer,7,26.42,0.0,241.0,151.71,89.29,1.0,1.0
3448,2025-05-09,East,Accessories,Online,Consumer,3,35.63,0.0,139.29,90.29,49.0,9.0,1.0
3885,2025-05-09,East,Outerwear,Online,Consumer,4,64.84,0.05,321.08,199.43,121.65,13.0,4.0
4980,2025-05-09,North,Outerwear,Retail,Corporate,5,94.59,0.15,523.86,324.26,199.6,5.0,1.0
480,2025-05-10,East,Footwear,Online,Consumer,2,43.23,0.0,112.67,71.81,40.86,8.0,2.0
1245,2025-05-10,North,Apparel,Retail,Consumer,2,53.32,0.0,138.96,79.95,59.01,2.0,4.0
2668,2025-05-10,East,Accessories,Online,Consumer,9,84.05,0.0,985.74,585.53,400.21,7.0,4.0
2812,2025-05-10,South,Footwear,Wholesale,Corporate,328,23.04,0.0,9847.75,5822.57,4025.18,4.0,5.0
4244,2025-05-10,West,Footwear,Online,Consumer,1,28.98,0.0,37.76,23.06,14.7,8.0,5.0
4693,2025-05-10,East,Accessories,Online,Corporate,1,68.49,0.0,89.25,56.36,32.89,8.0,
2012,2025-05-11,West,Apparel,Retail,Corporate,1,30.96,0.15,34.29,20.88,13.41,,1.0
2652,2025-05-11,West,Accessories,Online,Consumer,4,35.64,0.05,176.48,107.95,68.53,6.0,5.0
2950,2025-05-11,East,Accessories,Wholesale,Corporate,96,59.57,0.0,7452.11,4856.29,2595.82,11.0,
3666,2025-05-11,South,Apparel,Wholesale,Consumer,263,54.1,0.0,18541.02,12143.98,6397.04,7.0,1.0
1164,2025-05-12,West,Apparel,Wholesale,Corporate,42,176.3,0.1,8684.1,5449.06,3235.04,7.0,4.0
1212,2025-05-12,South,Apparel,Online,Consumer,9,42.8,0.1,451.76,276.95,174.81,5.0,5.0
1313,2025-05-12,North,Outerwear,Online,Corporate,8,81.55,0.0,850.15,527.35,322.8,4.0,
2419,2025-05-12,East,Apparel,Online,Consumer,4,71.91,0.0,374.83,210.79,164.04,6.0,
2569,2025-05-12,North,Apparel,Retail,Consumer,4,35.3,0.0,184.0,123.15,60.85,,5.0
4128,2025-05-12,West,Outerwear,Retail,Consumer,5,23.92,0.0,155.85,108.05,47.8,9.0,3.0
444,2025-05-13,South,Apparel,Retail,Home Office,11,28.77,0.15,350.54,218.48,132.06,9.0,2.0
612,2025-05-13,South,Outerwear,Retail,Home Office,10,32.36,0.0,421.69,286.85,134.84,11.0,
1785,2025-05-13,North,Footwear,Wholesale,Corporate,326,59.19,0.0,25144.71,14789.51,10355.2,10.0,5.0
2468,2025-05-13,West,Apparel,Online,Consumer,7,35.01,0.0,319.35,227.51,91.84,3.0,4.0
2642,2025-05-13,East,Footwear,Online,Corporate,11,87.01,0.05,1184.86,644.69,540.17,10.0,4.0
2646,2025-05-13,East,Accessories,Online,Corporate,8,96.56,0.0,1006.63,565.27,441.36,,2.0
2993,2025-05-13,West,Accessories,Retail,Consumer,9,60.56,0.25,532.68,348.94,183.74,3.0,5.0
795,2025-05-14,West,Outerwear,Retail,Corporate,6,88.16,0.1,620.36,372.77,247.59,,
957,2025-05-14,West,Apparel,Online,Corporate,9,94.09,0.0,1103.49,703.43,400.06,3.0,1.0
1328,2025-05-14,West,Apparel,Online,Corporate,11,147.74,0.05,2011.85,1095.41,916.44,5.0,
1481,2025-05-14,East,Footwear,Wholesale,Consumer,340,77.92,0.15,29344.55,20269.48,9075.07,13.0,4.0
1543,2025-05-14,East,Outerwear,Retail,Corporate,4,39.83,0.15,176.47,114.78,61.69,10.0,1.0
1682,2025-05-14,West,Footwear,Online,Home Office,8,44.79,0.15,396.89,247.54,149.35,1.0,
2309,2025-05-14,West,Footwear,Online,Corporate,10,69.77,0.0,909.18,599.44,309.74,8.0,1.0
2564,2025-05-14,North,Accessories,Online,Consumer,7,20.69,0.1,169.86,111.92,57.94,13.0,1.0
3513,2025-05-14,East,Apparel,Retail,Home Office,1,74.16,0.15,82.14,48.23,33.91,10.0,3.0
4440,2025-05-14,North,Outerwear,Retail,Home Office,4,81.15,0.05,401.84,232.48,169.36,6.0,
783,2025-05-15,West,Footwear,Retail,Home Office,11,54.31,0.1,700.64,370.45,330.19,2.0,3.0
1256,2025-05-15,East,Outerwear,Wholesale,Corporate,205,23.86,0.1,5736.51,3326.07,2410.44,13.0,1.0
2934,2025-05-15,East,Apparel,Online,Consumer,5,86.59,0.05,535.97,368.12,167.85,13.0,4.0
2939,2025-05-15,North,Accessories,Retail,Corporate,2,50.68,0.0,132.08,89.63,42.45,4.0,1.0
3680,2025-05-15,South,Outerwear,Wholesale,Home Office,108,51.02,0.0,7180.34,4500.36,2679.98,3.0,
4774,2025-05-15,West,Apparel,Online,Home Office,1,73.62,0.0,95.93,55.56,40.37,11.0,1.0
4861,2025-05-15,West,Apparel,Online,Consumer,6,17.78,0.0,139.02,81.51,57.51,8.0,
105,2025-05-16,North,Outerwear,Retail,Corporate,7,49.95,0.0,455.63,321.64,133.99,13.0,
640,2025-05-16,East,Outerwear,Retail,Home Office,10,70.05,0.0,912.83,573.25,339.58,9.0,
1438,2025-05-16,West,Accessories,Online,Consumer,7,53.66,0.0,489.47,282.37,207.1,13.0,
4301,2025-05-16,North,Accessories,Retail,Home Office,1,45.71,0.05,56.59,34.37,22.22,,1.0
4350,2025-05-16,North,Footwear,Online,Consumer,8,69.72,0.05,690.48,426.78,263.7,10.0,
4481,2025-05-16,East,Accessories,Online,Corporate,3,38.39,0.0,150.08,90.73,59.35,9.0,
83,2025-05-17,South,Footwear,Retail,Home Office,5,29.73,0.15,164.65,110.92,53.73,2.0,3.0
820,2025-05-17,East,Apparel,Online,Consumer,8,65.83,0.0,686.27,461.46,224.81,4.0,3.0
2289,2025-05-17,West,Apparel,Online,Corporate,9,24.65,0.0,289.09,167.5,121.59,3.0,1.0
3442,2025-05-17,South,Footwear,Retail,Corporate,9,80.21,0.0,940.7,586.92,353.78,9.0,5.0
3644,2025-05-17,South,Accessories,Online,Corporate,10,137.07,0.1,1607.55,942.05,665.5,5.0,
4102,2025-05-17,North,Outerwear,Retail,Consumer,2,65.75,0.0,171.36,111.57,59.79,,
1789,2025-05-18,South,Footwear,Online,Corporate,2,44.18,0.0,115.14,64.69,50.45,6.0,4.0
3909,2025-05-18,North,Footwear,Retail,Home Office,8,90.5,0.05,896.28,548.75,347.53,10.0,5.0
4136,2025-05-18,North,Apparel,Online,Home Office,11,65.47,0.15,797.69,477.22,320.47,9.0,4.0
4476,2025-05-18,North,Accessories,Retail,Corporate,1,33.22,0.0,43.29,28.24,15.05,9.0,4.0
689,2025-05-19,West,Apparel,Retail,Consumer,7,49.45,0.0,451.07,284.63,166.44,5.0,
760,2025-05-19,East,Footwear,Online,Home Office,2,112.07,0.0,292.08,174.44,117.64,13.0,2.0
1833,2025-05-19,South,Footwear,Retail,Consumer,9,54.92,0.0,644.1,418.43,225.67,10.0,1.0
2441,2025-05-19,East,Apparel,Online,Consumer,5,55.79,0.0,363.5,221.04,142.46,13.0,1.0
2512,2025-05-19,South,Apparel,Online,Consumer,9,28.47,0.15,283.81,170.0,113.81,14.0,
2578,2025-05-19,East,Apparel,Online,Consumer,10,44.03,0.0,573.76,340.08,233.68,12.0,3.0
3545,2025-05-19,East,Apparel,Retail,Corporate,3,44.37,0.0,173.46,113.97,59.49,10.0,5.0
4420,2025-05-19,East,Footwear,Retail,Consumer,11,37.78,0.0,541.55,362.03,179.52,5.0,4.0
3152,2025-05-20,West,Footwear,Online,Consumer,5,60.49,0.05,374.42,245.59,128.83,4.0,
3339,2025-05-20,East,Footwear,Online,Consumer,10,57.7,0.05,714.3,423.55,290.75,8.0,
3376,2025-05-20,North,Footwear,Online,Home Office,2,47.52,0.0,123.85,71.75,52.1,13.0,
3546,2025-05-20,South,Apparel,Retail,Corporate,8,54.55,0.1,511.81,308.42,203.39,4.0,3.0
3657,2025-05-20,East,Accessories,Retail,Consumer,4,46.78,0.05,231.65,134.35,97.3,7.0,5.0
4384,2025-05-20,West,Footwear,Retail,Corporate,5,36.23,0.0,236.06,145.73,90.33,1.0,5.0
4482,2025-05-20,South,Apparel,Retail,Consumer,9,67.53,0.0,791.99,561.17,230.82,13.0,
4681,2025-05-20,East,Apparel,Retail,Consumer,10,126.13,0.0,1643.61,1071.72,571.89,4.0,1.0
4769,2025-05-20,West,Footwear,Online,Corporate,11,75.46,0.0,1081.66,627.62,454.04,5.0,4.0
4981,2025-05-20,East,Outerwear,Wholesale,Consumer,242,20.42,0.0,6439.5,4012.16,2427.34,11.0,
17,2025-05-21,West,Accessories,Wholesale,Consumer,333,88.77,0.05,36594.41,21776.87,14817.54,9.0,2.0
1648,2025-05-21,South,Apparel,Online,Corporate,10,41.63,0.1,488.24,279.91,208.33,3.0,1.0
279,2025-05-22,South,Outerwear,Wholesale,Corporate,358,78.86,0.0,36789.21,24077.92,12711.29,12.0,1.0
1016,2025-05-22,South,Accessories,Retail,Corporate,9,69.07,0.0,810.05,530.7,279.35,13.0,5.0
2593,2025-05-22,South,Apparel,Online,Consumer,11,54.71,0.0,784.22,504.01,280.21,6.0,1.0
2955,2025-05-22,South,Apparel,Retail,Home Office,2,63.35,0.25,123.83,78.8,45.03,11.0,3.0
3226,2025-05-22,South,Apparel,Retail,Consumer,11,40.11,0.0,574.94,341.45,233.49,12.0,4.0
3786,2025-05-22,South,Apparel,Retail,Consumer,4,114.11,0.05,565.05,333.22,231.83,4.0,
4153,2025-05-22,South,Accessories,Retail,Home Office,1,59.18,0.15,65.55,38.55,27.0,12.0,4.0
232,2025-05-23,North,Footwear,Retail,Consumer,10,51.59,0.0,672.27,424.99,247.28,5.0,4.0
568,2025-05-23,West,Apparel,Retail,Consumer,3,73.05,0.0,285.58,167.78,117.8,4.0,2.0
850,2025-05-23,East,Accessories,Online,Consumer,7,83.45,0.1,685.09,415.17,269.92,14.0,1.0
1037,2025-05-23,South,Footwear,Online,Consumer,10,26.72,0.0,348.19,216.78,131.41,9.0,
1586,2025-05-23,East,Footwear,Online,Corporate,5,84.69,0.05,524.21,329.32,194.89,13.0,5.0
1783,2025-05-23,East,Outerwear,Retail,Consumer,7,56.21,0.05,487.1,322.99,164.11,4.0,1.0
2038,2025-05-23,West,Apparel,Online,Consumer,5,47.89,0.15,265.23,163.91,101.32,2.0,1.0
2273,2025-05-23,West,Accessories,Online,Consumer,2,70.4,0.0,183.48,111.01,72.47,7.0,5.0
2312,2025-05-23,South,Accessories,Retail,Consumer,8,40.96,0.0,427.0,265.73,161.27,3.0,3.0
2545,2025-05-23,West,Apparel,Online,Consumer,2,40.38,0.1,94.72,57.91,36.81,8.0,
4163,2025-05-23,West,Apparel,Retail,Consumer,8,74.86,0.0,780.41,417.08,363.33,3.0,5.0
4993,2025-05-23,West,Footwear,Wholesale,Consumer,193,86.56,0.0,21769.84,12639.02,9130.82,8.0,3.0
376,2025-05-24,East,Outerwear,Online,Home Office,5,94.38,0.0,614.94,386.91,228.03,14.0,2.0
535,2025-05-24,South,Apparel,Online,Consumer,11,67.07,0.0,961.39,624.75,336.64,12.0,4.0
2119,2025-05-24,North,Outerwear,Online,Home Office,10,32.54,0.0,424.03,248.29,175.74,7.0,4.0
2226,2025-05-24,East,Apparel,Online,Corporate,1,53.71,0.15,59.49,38.97,20.52,14.0,3.0
2843,2025-05-24,South,Footwear,Online,Corporate,5,55.42,0.0,361.09,237.45,123.64,13.0,1.0
3884,2025-05-24,West,Footwear,Online,Consumer,6,53.86,0.0,421.11,251.79,169.32,11.0,4.0
4746,2025-05-24,South,Footwear,Online,Consumer,4,85.39,0.0,445.09,300.63,144.46,7.0,5.0
4,2025-05-25,North,Accessories,Online,Corporate,8,52.37,0.0,545.95,281.65,264.3,7.0,4.0
415,2025-05-25,East,Apparel,Online,Corporate,5,27.05,0.25,132.18,77.0,55.18,10.0,
460,2025-05-25,East,Footwear,Retail,Consumer,9,44.73,0.0,524.59,336.04,188.55,8.0,5.0
2480,2025-05-25,West,Footwear,Retail,Consumer,2,63.65,0.0,165.89,104.57,61.32,6.0,
2547,2025-05-25,West,Apparel,Retail,Corporate,4,73.57,0.0,383.48,245.44,138.04,12.0,5.0
3154,2025-05-25,South,Accessories,Online,Corporate,3,80.31,0.0,313.96,190.02,123.94,9.0,5.0
4144,2025-05-25,West,Apparel,Online,Consumer,10,51.97,0.05,643.36,402.27,241.09,9.0,5.0
4451,2025-05-25,West,Accessories,Retail,Corporate,7,17.69,0.0,161.36,106.94,54.42,12.0,2.0
4885,2025-05-25,South,Apparel,Wholesale,Corporate,334,104.48,0.1,40926.33,24149.72,16776.61,13.0,5.0
4948,2025-05-25,West,Apparel,Wholesale,Consumer,99,45.54,0.0,5875.01,3363.78,2511.23,8.0,3.0
464,2025-05-26,West,Apparel,Online,Corporate,10,36.29,0.0,472.9,297.22,175.68,9.0,2.0
534,2025-05-26,South,Apparel,Online,Corporate,9,47.34,0.0,555.2,379.14,176.06,,1.0
895,2025-05-26,West,Footwear,Online,Home Office,4,37.84,0.15,167.65,111.25,56.4,,1.0
1488,2025-05-26,West,Apparel,Wholesale,Home Office,40,67.92,0.0,3540.29,2115.93,1424.36,12.0,5.0
1670,2025-05-26,South,Accessories,Online,Consumer,9,74.1,0.0,869.04,552.52,316.52,7.0,3.0
4300,2025-05-26,East,Accessories,Retail,Home Office,1,47.26,0.05,58.51,37.06,21.45,4.0,5.0
4611,2025-05-26,East,Footwear,Retail,Consumer,9,29.82,0.15,297.27,184.85,112.42,12.0,5.0
337,2025-05-27,West,Apparel,Retail,Consumer,11,68.88,0.0,987.34,671.43,315.91,7.0,3.0
367,2025-05-27,West,Accessories,Online,Consumer,3,13.32,0.25,39.05,25.08,13.97,2.0,1.0
1102,2025-05-27,West,Apparel,Online,Corporate,6,35.18,0.15,233.8,154.37,79.43,14.0,3.0
1989,2025-05-27,South,Apparel,Online,Consumer,7,39.19,0.25,268.11,179.39,88.72,11.0,3.0
3326,2025-05-27,South,Accessories,Online,Corporate,8,42.72,0.0,445.35,270.93,174.42,,5.0
4112,2025-05-27,North,Footwear,Online,Consumer,4,40.54,0.0,211.31,125.12,86.19,5.0,5.0
4546,2025-05-27,North,Outerwear,Online,Consumer,10,160.63,0.0,2093.18,1276.88,816.3,8.0,5.0
359,2025-05-28,North,Outerwear,Retail,Home Office,4,50.65,0.15,224.41,130.4,94.01,14.0,2.0
769,2025-05-28,North,Apparel,Wholesale,Home Office,324,95.81,0.05,38429.1,25192.52,13236.58,,4.0
1576,2025-05-28,North,Footwear,Online,Consumer,1,116.18,0.0,151.4,81.57,69.83,13.0,5.0
1772,2025-05-28,South,Accessories,Online,Consumer,7,79.45,0.0,724.72,449.28,275.44,9.0,2.0
1781,2025-05-28,East,Apparel,Online,Consumer,7,49.96,0.25,341.79,209.25,132.54,5.0,
1955,2025-05-28,East,Accessories,Online,Home Office,4,40.35,0.05,199.81,137.52,62.29,9.0,4.0
2107,2025-05-28,North,Accessories,Wholesale,Corporate,107,82.67,0.0,11526.9,7264.82,4262.08,12.0,4.0
2994,2025-05-28,South,Footwear,Online,Consumer,7,71.51,0.0,652.3,398.0,254.3,11.0,5.0
3192,2025-05-28,East,Apparel,Retail,Consumer,6,28.12,0.0,219.86,122.14,97.72,1.0,3.0
65,2025-05-29,South,Footwear,Wholesale,Consumer,62,41.51,0.0,3353.71,2147.98,1205.73,5.0,4.0
441,2025-05-29,West,Accessories,Online,Corporate,3,45.68,0.0,178.58,119.5,59.08,13.0,4.0
1009,2025-05-29,North,Outerwear,Online,Consumer,2,82.79,0.1,194.19,119.95,74.24,11.0,3.0
1473,2025-05-29,West,Accessories,Online,Consumer,8,39.53,0.0,412.1,282.99,129.11,1.0,2.0
4007,2025-05-29,West,Footwear,Online,Consumer,10,107.83,0.05,1334.89,879.18,455.71,14.0,4.0
4131,2025-05-29,North,Footwear,Online,Home Office,7,175.31,0.0,1599.14,875.17,723.97,13.0,5.0
4307,2025-05-29,South,Outerwear,Online,Corporate,4,92.14,0.05,456.26,265.07,191.19,5.0,
4782,2025-05-29,East,Accessories,Online,Consumer,5,50.11,0.1,293.84,182.72,111.12,7.0,1.0
127,2025-05-30,South,Apparel,Online,Corporate,7,101.02,0.0,921.48,552.12,369.36,6.0,3.0
1275,2025-05-30,East,Apparel,Online,Consumer,9,59.32,0.05,660.92,404.59,256.33,9.0,5.0
3454,2025-05-30,West,Apparel,Retail,Home Office,2,31.79,0.1,74.57,52.73,21.84,12.0,
4142,2025-05-30,North,Footwear,Online,Corporate,10,45.35,0.0,590.96,342.98,247.98,14.0,4.0
4465,2025-05-30,East,Accessories,Online,Consumer,9,82.34,0.1,869.11,561.85,307.26,13.0,2.0
100,2025-05-31,East,Accessories,Retail,Consumer,8,13.52,0.1,126.85,73.82,53.03,11.0,
1477,2025-05-31,South,Outerwear,Online,Consumer,6,41.48,0.0,324.32,202.65,121.67,4.0,
1845,2025-05-31,North,Footwear,Retail,Consumer,8,35.58,0.0,370.92,237.81,133.11,6.0,2.0
3912,2025-05-31,South,Accessories,Online,Consumer,7,69.17,0.0,630.95,379.36,251.59,8.0,
4065,2025-05-31,South,Apparel,Retail,Home Office,9,96.23,0.0,1128.58,691.51,437.07,10.0,4.0
4686,2025-05-31,West,Accessories,Retail,Consumer,5,49.3,0.0,321.22,190.39,130.83,14.0,5.0
4807,2025-05-31,North,Outerwear,Retail,Consumer,10,24.49,0.05,303.17,190.43,112.74,12.0,1.0
87,2025-06-01,North,Accessories,Wholesale,Consumer,95,43.59,0.0,4865.73,2976.5,1889.23,9.0,1.0
112,2025-06-01,South,Apparel,Online,Consumer,2,67.77,0.05,151.3,98.67,52.63,8.0,
243,2025-06-01,West,Accessories,Online,Corporate,3,36.85,0.05,123.4,81.75,41.65,,2.0
261,2025-06-01,North,Footwear,Wholesale,Home Office,156,67.75,0.0,12418.58,7522.82,4895.76,8.0,5.0
506,2025-06-01,East,Apparel,Retail,Home Office,6,72.36,0.05,484.63,272.05,212.58,10.0,5.0
657,2025-06-01,South,Apparel,Online,Consumer,7,28.8,0.0,236.88,151.6,85.28,12.0,5.0
2253,2025-06-01,North,Apparel,Online,Home Office,2,93.1,0.05,207.85,140.63,67.22,14.0,4.0
2442,2025-06-01,West,Apparel,Online,Corporate,2,37.94,0.0,89.16,51.87,37.29,9.0,3.0
3839,2025-06-01,East,Footwear,Online,Consumer,11,26.48,0.05,325.14,218.21,106.93,5.0,2.0
4184,2025-06-01,East,Accessories,Online,Corporate,9,121.71,0.05,1222.73,760.22,462.51,4.0,
4422,2025-06-01,North,Apparel,Wholesale,Home Office,211,123.98,0.0,30737.74,18194.41,12543.33,10.0,2.0
601,2025-06-02,South,Apparel,Online,Home Office,3,63.93,0.1,202.82,125.51,77.31,5.0,5.0
1564,2025-06-02,East,Accessories,Online,Consumer,1,27.1,0.0,31.84,20.47,11.37,,2.0
2035,2025-06-02,East,Apparel,Retail,Corporate,5,116.74,0.25,514.39,319.07,195.32,3.0,5.0
3137,2025-06-02,South,Footwear,Retail,Corporate,1,29.72,0.05,33.17,20.58,12.59,9.0,5.0
3425,2025-06-02,North,Apparel,Online,Consumer,10,43.62,0.25,384.4,232.27,152.13,11.0,1.0
292,2025-06-03,North,Apparel,Online,Corporate,2,58.69,0.05,131.03,81.77,49.26,3.0,4.0
1048,2025-06-03,South,Apparel,Wholesale,Consumer,105,20.88,0.1,2318.46,1559.87,758.59,,2.0
1766,2025-06-03,East,Accessories,Wholesale,Consumer,275,43.25,0.0,13975.16,7364.27,6610.89,3.0,2.0
1957,2025-06-03,North,Footwear,Online,Home Office,10,45.35,0.05,506.22,307.44,198.78,11.0,4.0
2051,2025-06-03,West,Outerwear,Wholesale,Consumer,276,86.1,0.1,25130.01,13856.98,11273.03,10.0,5.0
2456,2025-06-03,West,Apparel,Online,Consumer,2,12.05,0.0,28.32,16.64,11.68,1.0,4.0
2895,2025-06-03,North,Accessories,Wholesale,Consumer,254,46.36,0.05,13144.33,8606.47,4537.86,1.0,2.0
3357,2025-06-03,North,Apparel,Online,Consumer,4,47.9,0.0,225.13,129.56,95.57,10.0,5.0
968,2025-06-04,South,Apparel,Online,Consumer,9,58.73,0.05,590.02,378.24,211.78,7.0,
1774,2025-06-04,South,Accessories,Retail,Consumer,3,21.63,0.1,68.62,36.99,31.63,8.0,3.0
2168,2025-06-04,North,Apparel,Retail,Corporate,1,50.37,0.0,59.18,38.79,20.39,1.0,2.0
2692,2025-06-04,East,Outerwear,Retail,Consumer,5,88.8,0.05,495.61,322.09,173.52,12.0,
964,2025-06-05,North,Footwear,Online,Home Office,9,32.02,0.1,304.75,172.71,132.04,9.0,2.0
1071,2025-06-05,South,Apparel,Online,Consumer,9,32.71,0.1,311.32,208.79,102.53,1.0,1.0
1159,2025-06-05,South,Apparel,Online,Consumer,8,27.18,0.0,255.49,178.22,77.27,8.0,1.0
3527,2025-06-05,South,Footwear,Online,Consumer,3,57.77,0.0,203.64,135.1,68.54,13.0,5.0
3569,2025-06-05,West,Apparel,Online,Consumer,4,63.55,0.0,298.68,183.71,114.97,5.0,3.0
91,2025-06-06,North,Apparel,Online,Consumer,6,36.56,0.1,231.97,141.18,90.79,5.0,
330,2025-06-06,South,Footwear,Online,Consumer,6,64.27,0.05,430.45,259.84,170.61,10.0,1.0
2147,2025-06-06,East,Outerwear,Online,Corporate,5,46.4,0.0,272.6,162.53,110.07,4.0,2.0
1420,2025-06-07,North,Footwear,Online,Consumer,5,52.7,0.05,294.13,160.83,133.3,2.0,4.0
1567,2025-06-07,West,Apparel,Retail,Consumer,10,33.55,0.0,394.21,249.07,145.14,9.0,2.0
1637,2025-06-07,South,Outerwear,Online,Consumer,5,42.25,0.15,210.99,127.5,83.49,9.0,
2903,2025-06-07,North,Outerwear,Online,Consumer,4,35.08,0.05,156.63,100.42,56.21,7.0,2.0
3471,2025-06-07,North,Apparel,Online,Consumer,11,77.41,0.05,950.5,639.29,311.21,14.0,4.0
4768,2025-06-07,East,Apparel,Wholesale,Consumer,336,64.35,0.0,25405.38,16488.85,8916.53,,2.0
331,2025-06-08,North,Footwear,Online,Corporate,3,16.75,0.0,59.04,38.12,20.92,11.0,1.0
497,2025-06-08,North,Footwear,Online,Consumer,3,53.3,0.05,178.49,97.58,80.91,11.0,1.0
1122,2025-06-08,North,Footwear,Online,Consumer,10,171.23,0.1,1810.76,1056.06,754.7,2.0,4.0
2072,2025-06-08,North,Footwear,Online,Corporate,9,90.93,0.0,961.58,628.72,332.86,4.0,
2402,2025-06-08,West,Footwear,Online,Consumer,4,26.02,0.0,122.29,78.13,44.16,5.0,3.0
2786,2025-06-08,South,Accessories,Wholesale,Corporate,307,113.25,0.0,40852.11,26580.55,14271.56,10.0,
4020,2025-06-08,West,Apparel,Online,Consumer,2,28.29,0.05,63.16,38.91,24.25,,3.0
4812,2025-06-08,North,Accessories,Retail,Corporate,9,23.67,0.05,237.79,148.69,89.1,4.0,1.0
4936,2025-06-08,West,Footwear,Retail,Consumer,8,72.3,0.1,611.66,363.58,248.08,3.0,1.0
1004,2025-06-09,East,Footwear,Retail,Corporate,5,47.92,0.0,281.53,168.42,113.11,3.0,
1643,2025-06-09,East,Accessories,Online,Consumer,3,50.35,0.05,168.61,103.3,65.31,4.0,
1790,2025-06-09,South,Outerwear,Retail,Corporate,3,46.6,0.0,164.26,106.3,57.96,9.0,2.0
2496,2025-06-09,East,Accessories,Wholesale,Consumer,365,35.7,0.0,15310.84,9966.37,5344.47,13.0,
2870,2025-06-09,West,Footwear,Retail,Corporate,4,81.46,0.0,382.86,215.31,167.55,13.0,5.0
3225,2025-06-09,East,Outerwear,Retail,Corporate,1,52.06,0.0,61.17,34.84,26.33,9.0,
4545,2025-06-09,West,Apparel,Online,Corporate,6,33.89,0.0,238.92,136.79,102.13,6.0,1.0
4880,2025-06-09,West,Footwear,Wholesale,Consumer,339,54.08,0.05,20464.35,13933.62,6530.73,2.0,
4973,2025-06-09,West,Apparel,Online,Home Office,7,104.44,0.25,644.26,335.31,308.95,12.0,3.0
168,2025-06-10,South,Footwear,Online,Consumer,5,13.08,0.0,76.85,46.12,30.73,3.0,5.0
954,2025-06-10,West,Apparel,Online,Consumer,4,69.56,0.05,310.59,197.1,113.49,10.0,5.0
1002,2025-06-10,North,Outerwear,Online,Consumer,4,129.44,0.15,517.11,328.01,189.1,13.0,1.0
1428,2025-06-10,North,Accessories,Online,Consumer,6,24.33,0.0,171.53,110.88,60.65,1.0,
1457,2025-06-10,South,Apparel,Online,Consumer,7,17.98,0.05,140.49,81.26,59.23,13.0,1.0
1851,2025-06-10,West,Outerwear,Online,Consumer,5,38.65,0.0,227.07,142.36,84.71,8.0,2.0
2125,2025-06-10,East,Apparel,Online,Consumer,4,50.29,0.0,236.36,157.74,78.62,5.0,2.0
435,2025-06-11,North,Footwear,Online,Consumer,6,46.66,0.15,279.61,165.7,113.91,3.0,4.0
1255,2025-06-11,West,Outerwear,Online,Home Office,1,30.13,0.0,35.4,21.57,13.83,6.0,4.0
2044,2025-06-11,East,Apparel,Online,Consumer,2,74.75,0.15,149.31,96.06,53.25,,
2884,2025-06-11,East,Footwear,Retail,Consumer,5,52.67,0.15,263.02,164.35,98.67,1.0,1.0
3664,2025-06-11,East,Accessories,Retail,Consumer,9,51.62,0.0,545.88,343.9,201.98,9.0,
3793,2025-06-11,East,Accessories,Wholesale,Consumer,324,48.96,0.0,18639.07,10504.9,8134.17,14.0,4.0
4269,2025-06-11,North,Apparel,Retail,Corporate,7,60.52,0.25,373.33,229.45,143.88,11.0,1.0
1208,2025-06-12,North,Outerwear,Online,Consumer,10,14.69,0.0,172.61,98.97,73.64,3.0,5.0
1235,2025-06-12,West,Outerwear,Online,Home Office,9,30.03,0.0,317.57,176.31,141.26,4.0,
1793,2025-06-12,West,Accessories,Online,Consumer,1,39.77,0.0,46.73,29.49,17.24,11.0,2.0
3352,2025-06-12,North,Accessories,Retail,Consumer,2,22.98,0.1,48.6,32.1,16.5,9.0,3.0
3548,2025-06-12,South,Footwear,Online,Consumer,5,33.06,0.0,194.23,117.77,76.46,5.0,4.0
3740,2025-06-12,South,Apparel,Online,Consumer,11,50.22,0.0,649.09,474.98,174.11,7.0,2.0
3898,2025-06-12,East,Footwear,Online,Consumer,1,55.3,0.0,64.98,37.3,27.68,,
22,2025-06-13,West,Footwear,Wholesale,Consumer,369,46.09,0.05,18984.3,12067.96,6916.34,13.0,1.0
391,2025-06-13,East,Outerwear,Online,Corporate,10,29.19,0.1,308.68,195.01,113.67,6.0,5.0
1151,2025-06-13,East,Apparel,Wholesale,Consumer,376,60.54,0.0,26746.57,14944.79,11801.78,,
1270,2025-06-13,West,Footwear,Online,Consumer,10,22.84,0.0,268.37,157.54,110.83,1.0,
2400,2025-06-13,West,Accessories,Retail,Corporate,5,32.51,0.0,191.0,112.93,78.07,2.0,5.0
2774,2025-06-13,East,Accessories,Online,Consumer,9,40.17,0.0,424.8,274.2,150.6,8.0,1.0
3616,2025-06-13,West,Accessories,Online,Consumer,11,68.05,0.0,879.55,549.14,330.41,2.0,5.0
4124,2025-06-13,West,Footwear,Wholesale,Consumer,325,62.28,0.15,20215.7,13490.12,6725.58,2.0,1.0
1502,2025-06-14,North,Apparel,Retail,Consumer,11,44.55,0.0,575.81,318.13,257.68,8.0,5.0
3646,2025-06-14,North,Footwear,Online,Consumer,11,80.11,0.0,1035.42,660.16,375.26,12.0,
4189,2025-06-14,South,Apparel,Online,Consumer,11,125.01,0.1,1454.18,922.79,531.39,7.0,2.0
4682,2025-06-14,South,Apparel,Retail,Consumer,11,69.94,0.05,858.78,510.87,347.91,14.0,4.0
1642,2025-06-15,East,Footwear,Online,Corporate,11,95.4,0.0,1233.04,748.71,484.33,9.0,1.0
1877,2025-06-15,South,Apparel,Online,Corporate,9,48.13,0.0,508.97,287.74,221.23,6.0,2.0
3805,2025-06-15,South,Apparel,Wholesale,Consumer,391,53.75,0.05,23459.39,15535.09,7924.3,,2.0
735,2025-06-16,North,Outerwear,Wholesale,Consumer,308,60.52,0.05,20807.08,13812.36,6994.72,6.0,1.0
788,2025-06-16,East,Footwear,Online,Corporate,5,89.18,0.1,471.54,295.13,176.41,,4.0
2898,2025-06-16,North,Accessories,Retail,Consumer,3,39.61,0.05,132.64,84.82,47.82,7.0,2.0
4512,2025-06-16,South,Apparel,Online,Consumer,3,96.86,0.1,307.29,183.95,123.34,7.0,1.0
1832,2025-06-17,East,Apparel,Retail,Corporate,9,35.02,0.0,370.34,221.62,148.72,13.0,4.0
2183,2025-06-17,East,Accessories,Wholesale,Consumer,151,56.97,0.0,10107.9,6911.97,3195.93,6.0,
3645,2025-06-17,East,Apparel,Online,Consumer,8,22.32,0.0,209.81,123.81,86.0,13.0,
4060,2025-06-17,East,Apparel,Retail,Consumer,10,19.92,0.1,210.65,132.0,78.65,14.0,4.0
4722,2025-06-17,North,Footwear,Online,Consumer,5,33.61,0.25,148.09,101.08,47.01,7.0,2.0
4853,2025-06-17,North,Footwear,Wholesale,Consumer,55,26.15,0.05,1605.45,1123.02,482.43,7.0,1.0
533,2025-06-18,East,Accessories,Online,Consumer,8,60.9,0.0,572.46,333.3,239.16,3.0,2.0
581,2025-06-18,West,Apparel,Retail,Home Office,8,45.89,0.0,431.37,272.46,158.91,8.0,5.0
933,2025-06-18,South,Footwear,Online,Consumer,1,22.2,0.0,26.08,16.64,9.44,6.0,4.0
1032,2025-06-18,North,Outerwear,Retail,Corporate,4,73.69,0.05,329.03,189.95,139.08,7.0,2.0
2432,2025-06-18,South,Footwear,Wholesale,Corporate,96,99.01,0.05,10609.91,6856.02,3753.89,7.0,2.0
2643,2025-06-18,North,Footwear,Retail,Consumer,10,86.18,0.1,911.35,516.53,394.82,12.0,4.0
3808,2025-06-18,South,Accessories,Wholesale,Home Office,346,179.12,0.05,69180.17,46079.01,23101.16,1.0,1.0
4072,2025-06-18,North,Accessories,Online,Consumer,8,73.94,0.05,660.28,394.2,266.08,10.0,2.0
443,2025-06-19,West,Accessories,Online,Corporate,2,54.59,0.15,109.04,75.09,33.95,2.0,5.0
1231,2025-06-19,West,Apparel,Online,Consumer,4,33.19,0.15,132.59,80.08,52.51,8.0,
1895,2025-06-19,West,Apparel,Online,Consumer,11,88.83,0.05,1090.72,711.42,379.3,6.0,
3283,2025-06-19,North,Outerwear,Online,Consumer,4,38.55,0.0,181.18,118.78,62.4,8.0,1.0
3547,2025-06-19,East,Footwear,Online,Consumer,6,63.39,0.15,379.86,228.79,151.07,,1.0
4488,2025-06-19,South,Accessories,Online,Corporate,7,40.02,0.0,329.16,174.77,154.39,12.0,2.0
188,2025-06-20,East,Outerwear,Online,Consumer,10,37.18,0.0,436.86,284.57,152.29,8.0,2.0
911,2025-06-20,North,Apparel,Online,Consumer,8,30.44,0.05,271.83,163.92,107.91,9.0,1.0
992,2025-06-20,South,Outerwear,Online,Consumer,7,95.95,0.0,789.19,435.77,353.42,6.0,5.0
1219,2025-06-20,West,Footwear,Online,Corporate,6,83.37,0.0,587.76,365.05,222.71,3.0,2.0
2077,2025-06-20,West,Accessories,Retail,Corporate,11,47.35,0.0,612.0,364.41,247.59,10.0,5.0
2524,2025-06-20,East,Apparel,Wholesale,Consumer,52,21.61,0.25,990.28,614.57,375.71,9.0,
3267,2025-06-20,East,Apparel,Online,Home Office,6,76.66,0.15,459.39,277.98,181.41,8.0,3.0
4466,2025-06-20,East,Apparel,Online,Consumer,11,18.63,0.0,240.79,147.95,92.84,1.0,4.0
4964,2025-06-20,North,Accessories,Online,Home Office,3,31.99,0.0,112.76,67.08,45.68,7.0,1.0
595,2025-06-21,East,Footwear,Online,Consumer,11,42.53,0.0,549.7,387.49,162.21,7.0,
872,2025-06-22,West,Accessories,Online,Consumer,4,32.84,0.0,154.35,102.14,52.21,9.0,5.0
2068,2025-06-22,North,Footwear,Online,Consumer,4,15.27,0.0,71.77,45.39,26.38,1.0,5.0
3224,2025-06-22,West,Apparel,Online,Consumer,7,53.56,0.1,396.48,260.47,136.01,1.0,1.0
4286,2025-06-22,West,Accessories,Online,Consumer,10,82.98,0.0,975.02,594.58,380.44,5.0,3.0
4565,2025-06-22,East,Footwear,Retail,Corporate,6,42.85,0.0,302.09,186.78,115.31,1.0,3.0
1177,2025-06-23,South,Footwear,Online,Consumer,10,134.87,0.0,1584.72,887.73,696.99,5.0,3.0
1937,2025-06-23,South,Apparel,Online,Consumer,6,39.62,0.0,279.32,172.05,107.27,9.0,3.0
2667,2025-06-23,East,Footwear,Wholesale,Consumer,246,59.11,0.15,14522.88,9526.28,4996.6,5.0,
2742,2025-06-23,North,Accessories,Wholesale,Consumer,54,49.26,0.0,3125.55,2016.75,1108.8,12.0,4.0
4110,2025-06-23,North,Accessories,Online,Home Office,10,69.35,0.15,692.63,427.79,264.84,5.0,5.0
4827,2025-06-23,West,Apparel,Online,Consumer,10,34.78,0.05,388.23,244.77,143.46,5.0,4.0
256,2025-06-24,East,Apparel,Retail,Consumer,5,62.78,0.1,331.95,216.51,115.44,2.0,
1118,2025-06-24,East,Accessories,Retail,Consumer,7,97.99,0.25,604.48,376.13,228.35,12.0,3.0
1597,2025-06-24,North,Apparel,Retail,Consumer,1,100.51,0.0,118.1,70.43,47.67,4.0,5.0
2004,2025-06-24,North,Apparel,Online,Consumer,4,36.72,0.0,172.58,104.09,68.49,9.0,3.0
3857,2025-06-24,West,Apparel,Online,Corporate,9,34.39,0.0,363.67,223.53,140.14,8.0,1.0
4123,2025-06-24,West,Accessories,Online,Consumer,4,65.64,0.0,308.51,168.79,139.72,10.0,4.0
4575,2025-06-24,East,Apparel,Online,Corporate,5,54.69,0.0,321.3,235.84,85.46,8.0,2.0
79,2025-06-25,South,Outerwear,Online,Consumer,9,29.67,0.0,313.76,214.55,99.21,4.0,1.0
108,2025-06-25,East,Apparel,Online,Consumer,9,42.49,0.05,426.87,274.53,152.34,6.0,2.0
355,2025-06-25,North,Apparel,Retail,Consumer,5,27.07,0.05,151.08,94.12,56.96,1.0,5.0
2212,2025-06-25,South,Footwear,Wholesale,Consumer,364,31.62,0.05,12847.68,7768.94,5078.74,4.0,
2339,2025-06-25,South,Outerwear,Wholesale,Consumer,69,27.23,0.0,2207.67,1459.69,747.98,13.0,4.0
2781,2025-06-25,East,Footwear,Online,Consumer,10,40.57,0.0,476.7,318.5,158.2,4.0,
4985,2025-06-25,North,Apparel,Online,Consumer,3,41.66,0.0,146.85,94.52,52.33,,
299,2025-06-26,West,Apparel,Retail,Home Office,8,72.69,0.0,683.29,392.11,291.18,2.0,4.0
553,2025-06-26,West,Accessories,Retail,Corporate,1,32.56,0.05,36.35,21.97,14.38,12.0,1.0
1020,2025-06-26,North,Footwear,Online,Corporate,9,44.9,0.15,403.59,234.49,169.1,6.0,
1293,2025-06-26,North,Footwear,Online,Home Office,8,33.15,0.0,311.61,199.24,112.37,10.0,
1578,2025-06-26,East,Apparel,Retail,Consumer,5,86.29,0.05,481.61,317.76,163.85,10.0,5.0
2057,2025-06-26,South,Outerwear,Wholesale,Consumer,352,82.53,0.05,32427.69,17459.82,14967.87,8.0,1.0
2679,2025-06-26,North,Footwear,Online,Consumer,10,33.08,0.0,388.69,221.68,167.01,13.0,4.0
3247,2025-06-26,South,Footwear,Retail,Corporate,7,54.96,0.0,452.05,296.6,155.45,5.0,2.0
1145,2025-06-27,North,Accessories,Retail,Consumer,3,61.25,0.0,215.91,125.28,90.63,5.0,
2064,2025-06-27,West,Apparel,Retail,Home Office,3,42.52,0.05,142.39,87.06,55.33,3.0,
2139,2025-06-27,West,Apparel,Online,Consumer,6,26.02,0.1,165.1,93.2,71.9,8.0,4.0
2357,2025-06-27,South,Accessories,Wholesale,Consumer,189,28.66,0.15,5409.97,3249.76,2160.21,6.0,4.0
3593,2025-06-27,East,Accessories,Retail,Consumer,10,130.72,0.0,1535.96,880.5,655.46,11.0,5.0
3782,2025-06-27,West,Footwear,Online,Consumer,9,30.57,0.1,290.95,191.69,99.26,4.0,5.0
43,2025-06-28,South,Footwear,Wholesale,Consumer,109,78.25,0.25,7516.4,4609.1,2907.3,14.0,2.0
93,2025-06-28,North,Footwear,Online,Consumer,3,20.29,0.05,67.95,40.67,27.28,11.0,1.0
302,2025-06-28,West,Footwear,Online,Consumer,1,28.02,0.05,31.28,17.47,13.81,13.0,1.0
2304,2025-06-28,South,Outerwear,Online,Home Office,3,55.81,0.0,196.73,126.32,70.41,5.0,3.0
2413,2025-06-28,East,Apparel,Online,Consumer,8,20.24,0.25,142.69,82.87,59.82,4.0,3.0
3035,2025-06-28,West,Footwear,Online,Consumer,9,38.05,0.0,402.38,230.46,171.92,10.0,2.0
4044,2025-06-28,North,Outerwear,Online,Consumer,2,40.0,0.0,94.0,57.03,36.97,10.0,2.0
4430,2025-06-28,East,Apparel,Online,Corporate,4,33.08,0.1,139.93,87.63,52.3,12.0,5.0
270,2025-06-29,South,Footwear,Online,Consumer,10,79.98,0.1,845.79,520.53,325.26,6.0,4.0
1816,2025-06-29,East,Footwear,Online,Consumer,3,46.41,0.0,163.6,85.03,78.57,14.0,4.0
3186,2025-06-29,South,Apparel,Online,Consumer,2,45.72,0.0,107.44,65.85,41.59,14.0,5.0
3509,2025-06-29,South,Apparel,Retail,Corporate,5,61.19,0.0,359.49,246.55,112.94,8.0,
4026,2025-06-29,North,Outerwear,Online,Consumer,10,40.33,0.1,426.49,275.04,151.45,3.0,2.0
4513,2025-06-29,South,Accessories,Online,Consumer,5,63.76,0.0,374.59,241.25,133.34,11.0,1.0
271,2025-06-30,East,Footwear,Retail,Consumer,1,33.02,0.0,38.8,24.72,14.08,8.0,
1712,2025-06-30,West,Apparel,Retail,Home Office,4,37.76,0.05,168.6,102.69,65.91,1.0,3.0
3430,2025-06-30,South,Apparel,Online,Consumer,3,46.46,0.15,139.21,79.11,60.1,,
4298,2025-06-30,West,Accessories,Wholesale,Consumer,389,68.87,0.0,31478.76,18411.9,13066.86,3.0,3.0
4518,2025-06-30,North,Footwear,Online,Home Office,11,53.01,0.1,616.64,351.34,265.3,13.0,4.0
4716,2025-06-30,East,Outerwear,Wholesale,Consumer,179,36.33,0.1,6877.0,4205.02,2671.98,1.0,5.0
505,2025-07-01,East,Accessories,Online,Consumer,2,31.39,0.0,62.78,41.75,21.03,7.0,
919,2025-07-01,West,Accessories,Retail,Corporate,5,29.73,0.0,148.65,89.93,58.72,3.0,5.0
1311,2025-07-01,East,Outerwear,Online,Consumer,11,39.31,0.25,324.31,182.64,141.67,9.0,4.0
2518,2025-07-01,South,Footwear,Online,Consumer,5,21.3,0.1,95.85,61.45,34.4,,2.0
2798,2025-07-01,South,Outerwear,Online,Consumer,5,182.13,0.0,910.65,542.46,368.19,12.0,4.0
3083,2025-07-01,West,Apparel,Online,Consumer,3,19.85,0.1,53.6,32.89,20.71,10.0,
3212,2025-07-01,East,Footwear,Retail,Consumer,3,35.47,0.0,106.41,70.02,36.39,11.0,2.0
878,2025-07-02,West,Accessories,Online,Consumer,8,15.34,0.1,110.45,80.05,30.4,2.0,
1075,2025-07-02,North,Footwear,Online,Corporate,3,46.61,0.0,139.83,87.56,52.27,8.0,2.0
2655,2025-07-02,South,Footwear,Online,Corporate,3,27.33,0.0,81.99,54.01,27.98,5.0,1.0
4057,2025-07-02,West,Footwear,Retail,Consumer,1,15.93,0.05,15.13,9.01,6.12,1.0,
511,2025-07-03,North,Outerwear,Wholesale,Consumer,167,64.57,0.0,10783.19,6086.55,4696.64,5.0,4.0
555,2025-07-03,East,Outerwear,Online,Consumer,5,27.05,0.0,135.25,81.66,53.59,4.0,3.0
1127,2025-07-03,South,Apparel,Online,Corporate,10,39.98,0.0,399.8,236.14,163.66,9.0,
2897,2025-07-03,East,Footwear,Online,Consumer,1,70.7,0.0,70.7,43.87,26.83,14.0,3.0
3008,2025-07-03,South,Accessories,Online,Consumer,4,135.11,0.1,486.4,312.42,173.98,10.0,1.0
3392,2025-07-03,South,Apparel,Retail,Corporate,10,68.25,0.0,682.5,391.29,291.21,,
3486,2025-07-03,West,Outerwear,Online,Corporate,8,104.9,0.0,839.2,575.39,263.81,8.0,
4154,2025-07-03,East,Accessories,Online,Consumer,7,128.36,0.0,898.52,561.42,337.1,4.0,4.0
4409,2025-07-03,South,Outerwear,Online,Corporate,6,56.92,0.0,341.52,233.58,107.94,7.0,4.0
4717,2025-07-03,East,Apparel,Online,Consumer,6,115.32,0.0,691.92,440.12,251.8,12.0,5.0
652,2025-07-04,West,Accessories,Retail,Home Office,8,70.41,0.0,563.28,343.26,220.02,14.0,4.0
1998,2025-07-04,North,Accessories,Wholesale,Consumer,353,28.17,0.0,9944.01,5618.62,4325.39,14.0,
2037,2025-07-04,East,Outerwear,Online,Consumer,8,54.12,0.0,432.96,279.25,153.71,4.0,
3534,2025-07-04,South,Footwear,Wholesale,Home Office,324,87.88,0.05,27049.46,16351.09,10698.37,7.0,3.0
4202,2025-07-04,East,Accessories,Retail,Consumer,10,52.54,0.1,472.86,252.81,220.05,2.0,5.0
4847,2025-07-04,East,Outerwear,Online,Home Office,4,38.71,0.1,139.36,70.36,69.0,14.0,1.0
502,2025-07-05,East,Accessories,Online,Home Office,7,86.22,0.05,573.36,360.3,213.06,8.0,1.0
2321,2025-07-05,West,Footwear,Online,Consumer,10,49.55,0.25,371.62,250.88,120.74,,3.0
3524,2025-07-05,East,Footwear,Wholesale,Consumer,229,47.32,0.1,9752.65,6154.94,3597.71,5.0,2.0
3722,2025-07-05,North,Apparel,Online,Home Office,7,80.23,0.15,477.37,290.34,187.03,13.0,2.0
4825,2025-07-05,East,Footwear,Wholesale,Consumer,104,36.36,0.1,3403.3,2149.8,1253.5,10.0,
4877,2025-07-05,South,Apparel,Online,Corporate,4,46.62,0.0,186.48,123.49,62.99,11.0,4.0
897,2025-07-06,West,Outerwear,Online,Corporate,10,72.95,0.15,620.07,418.82,201.25,12.0,2.0
921,2025-07-06,East,Apparel,Online,Home Office,4,40.67,0.0,162.68,98.64,64.04,7.0,2.0
1114,2025-07-06,North,Outerwear,Retail,Home Office,10,75.71,0.05,719.24,379.53,339.71,1.0,4.0
1676,2025-07-06,East,Accessories,Online,Consumer,1,94.45,0.0,94.45,51.26,43.19,10.0,1.0
2086,2025-07-06,East,Apparel,Online,Home Office,1,83.13,0.05,78.97,45.79,33.18,8.0,4.0
3064,2025-07-06,West,Footwear,Retail,Home Office,10,54.08,0.0,540.8,334.12,206.68,6.0,1.0
3133,2025-07-06,East,Apparel,Online,Consumer,2,33.76,0.0,67.52,36.72,30.8,1.0,5.0
3374,2025-07-06,West,Apparel,Online,Corporate,6,37.46,0.05,213.52,143.12,70.4,1.0,3.0
3933,2025-07-06,East,Apparel,Retail,Home Office,4,123.87,0.15,421.16,251.62,169.54,14.0,5.0
4169,2025-07-06,West,Footwear,Online,Consumer,6,102.88,0.1,555.55,365.93,189.62,,
2255,2025-07-07,East,Footwear,Online,Home Office,6,31.11,0.0,186.66,122.56,64.1,,1.0
2300,2025-07-07,South,Apparel,Retail,Consumer,10,29.33,0.05,278.63,181.63,97.0,7.0,4.0
2443,2025-07-07,North,Footwear,Online,Corporate,11,51.84,0.05,541.73,342.86,198.87,10.0,1.0
2935,2025-07-07,South,Apparel,Online,Consumer,3,34.67,0.0,104.01,65.2,38.81,11.0,2.0
3559,2025-07-07,West,Footwear,Retail,Home Office,6,78.35,0.25,352.58,219.61,132.97,10.0,5.0
4688,2025-07-07,South,Apparel,Online,Consumer,11,77.97,0.15,729.02,476.01,253.01,4.0,5.0
1283,2025-07-08,West,Apparel,Online,Consumer,2,58.57,0.0,117.14,77.41,39.73,4.0,2.0
1691,2025-07-08,North,Footwear,Online,Consumer,8,35.47,0.1,255.38,169.15,86.23,7.0,
1698,2025-07-08,North,Outerwear,Online,Consumer,1,28.2,0.0,28.2,14.81,13.39,,3.0
3222,2025-07-08,North,Apparel,Online,Consumer,2,102.6,0.15,174.42,107.03,67.39,5.0,3.0
4167,2025-07-08,North,Apparel,Retail,Consumer,5,26.65,0.05,126.59,68.1,58.49,11.0,
4341,2025-07-08,West,Accessories,Online,Consumer,5,54.19,0.0,270.95,173.47,97.48,14.0,
819,2025-07-09,West,Apparel,Retail,Corporate,7,31.27,0.0,218.89,149.34,69.55,1.0,2.0
1705,2025-07-09,North,Footwear,Retail,Home Office,10,70.17,0.0,701.7,427.79,273.91,10.0,
1796,2025-07-09,West,Accessories,Online,Consumer,11,97.71,0.05,1021.07,637.66,383.41,13.0,5.0
1931,2025-07-09,South,Apparel,Online,Corporate,7,40.71,0.1,256.47,172.32,84.15,,4.0
2166,2025-07-09,West,Footwear,Online,Corporate,4,38.68,0.0,154.72,94.3,60.42,13.0,
2235,2025-07-09,North,Apparel,Retail,Consumer,5,97.34,0.0,486.7,289.06,197.64,13.0,3.0
2476,2025-07-09,East,Apparel,Wholesale,Consumer,367,63.39,0.1,20937.72,13622.11,7315.61,,1.0
2835,2025-07-09,North,Accessories,Online,Consumer,5,39.62,0.0,198.1,110.63,87.47,6.0,2.0
4306,2025-07-09,West,Outerwear,Retail,Consumer,11,13.28,0.25,109.56,70.64,38.92,11.0,1.0
4539,2025-07-09,North,Accessories,Retail,Corporate,9,52.95,0.05,452.72,253.89,198.83,11.0,
631,2025-07-10,West,Apparel,Retail,Home Office,2,99.58,0.0,199.16,138.27,60.89,,5.0
3777,2025-07-10,North,Accessories,Online,Consumer,4,85.28,0.0,341.12,205.57,135.55,9.0,4.0
4340,2025-07-10,West,Apparel,Retail,Corporate,6,16.73,0.0,100.38,61.73,38.65,,1.0
4749,2025-07-10,East,Apparel,Retail,Consumer,9,45.9,0.0,413.1,253.56,159.54,4.0,5.0
593,2025-07-11,East,Footwear,Wholesale,Consumer,69,27.96,0.1,1736.32,959.17,777.15,7.0,3.0
886,2025-07-11,North,Apparel,Online,Corporate,4,63.85,0.0,255.4,145.14,110.26,3.0,
1337,2025-07-11,South,Footwear,Retail,Corporate,9,20.07,0.0,180.63,109.31,71.32,12.0,1.0
3067,2025-07-11,West,Accessories,Wholesale,Home Office,52,40.04,0.05,1977.98,1100.67,877.31,9.0,5.0
4841,2025-07-11,North,Apparel,Retail,Consumer,10,72.64,0.1,653.76,489.96,163.8,2.0,1.0
639,2025-07-12,North,Apparel,Wholesale,Home Office,178,54.05,0.15,8177.76,5044.9,3132.86,4.0,
2589,2025-07-12,East,Apparel,Online,Consumer,1,68.2,0.0,68.2,44.55,23.65,3.0,
3972,2025-07-12,East,Outerwear,Wholesale,Consumer,398,94.13,0.15,31844.18,19207.75,12636.43,4.0,3.0
2487,2025-07-13,East,Accessories,Retail,Corporate,10,71.99,0.1,647.91,427.56,220.35,12.0,
2708,2025-07-13,North,Footwear,Online,Consumer,11,44.81,0.0,492.91,290.92,201.99,5.0,4.0
2715,2025-07-13,East,Accessories,Retail,Consumer,7,30.07,0.05,199.97,120.55,79.42,4.0,4.0
3989,2025-07-13,West,Accessories,Wholesale,Corporate,113,63.58,0.0,7184.54,4224.31,2960.23,10.0,1.0
4511,2025-07-13,East,Outerwear,Retail,Consumer,1,52.05,0.0,52.05,33.44,18.61,11.0,4.0
1757,2025-07-14,North,Accessories,Retail,Consumer,1,53.67,0.1,48.3,30.29,18.01,14.0,4.0
2104,2025-07-14,West,Apparel,Retail,Corporate,1,18.77,0.0,18.77,11.56,7.21,12.0,2.0
3743,2025-07-14,West,Footwear,Online,Consumer,7,73.53,0.0,514.71,328.42,186.29,4.0,5.0
3919,2025-07-14,East,Accessories,Online,Home Office,2,13.63,0.0,27.26,17.27,9.99,7.0,5.0
282,2025-07-15,North,Apparel,Online,Consumer,11,47.67,0.0,524.37,329.73,194.64,10.0,1.0
2675,2025-07-15,West,Footwear,Online,Home Office,10,47.17,0.1,424.53,280.59,143.94,3.0,5.0
2965,2025-07-15,South,Accessories,Retail,Consumer,3,48.0,0.1,129.6,83.81,45.79,6.0,
3633,2025-07-15,North,Footwear,Wholesale,Corporate,390,78.35,0.0,30556.5,18289.7,12266.8,2.0,2.0
3905,2025-07-15,West,Apparel,Wholesale,Home Office,210,38.51,0.05,7682.74,5577.14,2105.6,10.0,5.0
680,2025-07-16,West,Apparel,Retail,Consumer,11,154.34,0.0,1697.74,933.81,763.93,,3.0
821,2025-07-16,South,Footwear,Retail,Consumer,1,41.84,0.05,39.75,28.33,11.42,11.0,
1696,2025-07-16,West,Apparel,Retail,Consumer,5,132.89,0.05,631.23,403.6,227.63,,5.0
1910,2025-07-16,East,Outerwear,Online,Consumer,9,135.83,0.05,1161.35,759.15,402.2,2.0,5.0
2663,2025-07-16,East,Accessories,Online,Consumer,9,70.45,0.0,634.05,388.57,245.48,13.0,1.0
3663,2025-07-16,East,Footwear,Wholesale,Home Office,360,78.72,0.0,28339.2,17090.95,11248.25,9.0,
4469,2025-07-16,East,Accessories,Retail,Consumer,1,51.72,0.15,43.96,28.6,15.36,4.0,2.0
4889,2025-07-16,North,Outerwear,Online,Home Office,2,56.13,0.0,112.26,73.21,39.05,6.0,2.0
68,2025-07-17,North,Accessories,Retail,Home Office,1,113.94,0.25,85.46,49.04,36.42,9.0,1.0
504,2025-07-17,North,Accessories,Online,Consumer,9,105.36,0.05,900.83,625.92,274.91,,
1286,2025-07-17,West,Accessories,Wholesale,Consumer,189,83.67,0.0,15813.63,10414.79,5398.84,14.0,4.0
1453,2025-07-17,West,Accessories,Retail,Consumer,1,103.57,0.1,93.21,52.82,40.39,,
1835,2025-07-17,South,Apparel,Retail,Home Office,3,91.82,0.0,275.46,169.23,106.23,3.0,
1885,2025-07-17,East,Apparel,Online,Consumer,4,51.65,0.05,196.27,122.26,74.01,6.0,2.0
2210,2025-07-17,West,Apparel,Online,Consumer,5,134.4,0.0,672.0,414.66,257.34,3.0,1.0
2390,2025-07-17,West,Apparel,Online,Consumer,5,19.77,0.1,88.96,52.85,36.11,14.0,1.0
2709,2025-07-17,East,Footwear,Online,Corporate,8,91.85,0.0,734.8,442.73,292.07,11.0,5.0
2743,2025-07-17,West,Apparel,Online,Consumer,7,14.94,0.05,99.35,65.08,34.27,10.0,3.0
3188,2025-07-17,South,Outerwear,Online,Home Office,2,33.74,0.1,60.73,41.17,19.56,,
3837,2025-07-17,West,Apparel,Wholesale,Corporate,95,54.39,0.0,5167.05,3163.35,2003.7,9.0,1.0
3843,2025-07-17,North,Apparel,Wholesale,Corporate,162,32.41,0.1,4725.38,2705.01,2020.37,9.0,4.0
723,2025-07-18,East,Footwear,Online,Consumer,11,67.3,0.0,740.3,472.72,267.58,9.0,5.0
737,2025-07-18,North,Accessories,Retail,Consumer,4,45.05,0.0,180.2,110.32,69.88,12.0,1.0
1066,2025-07-18,East,Apparel,Online,Home Office,9,28.26,0.0,254.34,166.97,87.37,12.0,1.0
1254,2025-07-18,South,Accessories,Wholesale,Consumer,89,58.46,0.25,3902.21,2254.2,1648.01,3.0,3.0
2138,2025-07-18,South,Outerwear,Online,Corporate,4,62.33,0.25,186.99,108.47,78.52,2.0,
2797,2025-07-18,East,Footwear,Retail,Consumer,5,29.18,0.25,109.43,65.08,44.35,12.0,
3166,2025-07-18,South,Outerwear,Retail,Consumer,11,33.97,0.0,373.67,226.13,147.54,2.0,
3631,2025-07-18,East,Apparel,Online,Consumer,2,29.86,0.05,56.73,34.93,21.8,10.0,
3883,2025-07-18,South,Outerwear,Online,Home Office,11,54.83,0.05,572.97,371.94,201.03,12.0,4.0
4217,2025-07-18,North,Footwear,Retail,Corporate,4,10.09,0.05,38.34,20.03,18.31,6.0,3.0
4670,2025-07-18,South,Footwear,Online,Consumer,2,40.48,0.0,80.96,50.53,30.43,4.0,5.0
351,2025-07-19,East,Footwear,Retail,Home Office,11,76.73,0.0,844.03,522.29,321.74,7.0,3.0
1456,2025-07-19,South,Accessories,Online,Home Office,10,91.94,0.0,919.4,562.23,357.17,4.0,1.0
1892,2025-07-19,East,Apparel,Online,Corporate,11,51.38,0.0,565.18,376.59,188.59,13.0,
2326,2025-07-19,North,Footwear,Wholesale,Consumer,47,33.97,0.0,1596.59,1032.07,564.52,3.0,2.0
3638,2025-07-19,South,Apparel,Online,Consumer,7,102.57,0.15,610.29,376.57,233.72,3.0,2.0
3994,2025-07-19,South,Apparel,Retail,Consumer,3,69.54,0.0,208.62,131.49,77.13,12.0,3.0
976,2025-07-20,South,Footwear,Online,Home Office,8,28.09,0.0,224.72,150.41,74.31,5.0,5.0
2177,2025-07-20,East,Footwear,Online,Corporate,3,19.84,0.0,59.52,38.07,21.45,9.0,3.0
2368,2025-07-20,East,Footwear,Online,Consumer,5,60.6,0.0,303.0,203.55,99.45,12.0,4.0
2550,2025-07-20,West,Apparel,Retail,Consumer,3,31.91,0.05,90.94,59.01,31.93,3.0,2.0
3127,2025-07-20,North,Footwear,Online,Consumer,7,64.01,0.0,448.07,282.72,165.35,3.0,4.0
3391,2025-07-20,West,Footwear,Online,Corporate,5,92.85,0.05,441.04,266.55,174.49,13.0,2.0
4320,2025-07-20,East,Footwear,Online,Corporate,7,130.4,0.1,821.52,524.17,297.35,,5.0
4428,2025-07-20,North,Footwear,Retail,Consumer,9,14.59,0.05,124.74,67.24,57.5,2.0,4.0
4815,2025-07-20,North,Footwear,Online,Consumer,8,173.35,0.1,1248.12,796.16,451.96,3.0,3.0
930,2025-07-21,West,Outerwear,Wholesale,Consumer,279,30.66,0.0,8554.14,5077.08,3477.06,6.0,5.0
958,2025-07-21,West,Outerwear,Online,Consumer,8,19.82,0.05,150.63,94.73,55.9,2.0,4.0
2632,2025-07-21,West,Footwear,Online,Home Office,4,45.5,0.0,182.0,115.65,66.35,14.0,2.0
2657,2025-07-21,East,Footwear,Retail,Home Office,6,40.75,0.0,244.5,152.83,91.67,4.0,
2032,2025-07-22,West,Outerwear,Online,Consumer,3,64.93,0.0,194.79,128.33,66.46,14.0,3.0
2926,2025-07-22,West,Apparel,Retail,Corporate,10,84.93,0.0,849.3,500.48,348.82,10.0,
3031,2025-07-22,East,Outerwear,Retail,Corporate,10,29.57,0.15,251.34,163.66,87.68,4.0,2.0
4502,2025-07-22,South,Apparel,Online,Corporate,11,135.58,0.0,1491.38,896.88,594.5,9.0,4.0
12,2025-07-23,East,Outerwear,Retail,Corporate,3,59.65,0.0,178.95,112.61,66.34,6.0,4.0
1794,2025-07-23,East,Footwear,Online,Corporate,2,180.96,0.0,361.92,195.78,166.14,,1.0
2416,2025-07-23,North,Footwear,Online,Corporate,8,103.94,0.05,789.94,501.34,288.6,12.0,1.0
2490,2025-07-23,West,Outerwear,Wholesale,Home Office,357,27.22,0.1,8745.79,5133.27,3612.52,12.0,4.0
3683,2025-07-23,South,Outerwear,Online,Consumer,8,19.35,0.0,154.8,93.34,61.46,13.0,3.0
4515,2025-07-23,West,Footwear,Online,Consumer,8,39.13,0.0,313.04,188.14,124.9,2.0,
4836,2025-07-23,North,Accessories,Retail,Home Office,11,92.61,0.15,865.9,572.55,293.35,1.0,
216,2025-07-24,North,Outerwear,Online,Consumer,9,54.65,0.15,418.07,260.05,158.02,1.0,3.0
527,2025-07-24,North,Footwear,Retail,Consumer,10,29.17,0.1,262.53,173.77,88.76,,4.0
765,2025-07-24,North,Apparel,Online,Consumer,4,84.03,0.0,336.12,222.86,113.26,5.0,
1088,2025-07-24,North,Accessories,Wholesale,Corporate,277,28.21,0.05,7423.46,4312.78,3110.68,4.0,4.0
2779,2025-07-24,North,Apparel,Online,Consumer,6,43.95,0.0,263.7,162.14,101.56,7.0,3.0
3828,2025-07-24,North,Apparel,Retail,Consumer,11,36.86,0.0,405.46,234.81,170.65,12.0,4.0
4680,2025-07-24,South,Apparel,Online,Consumer,2,40.16,0.0,80.32,55.02,25.3,12.0,2.0
638,2025-07-25,South,Accessories,Retail,Corporate,6,25.02,0.15,127.6,79.03,48.57,3.0,
986,2025-07-25,East,Apparel,Wholesale,Corporate,158,17.53,0.25,2077.31,1256.64,820.67,2.0,1.0
1807,2025-07-25,South,Apparel,Online,Home Office,6,31.38,0.25,141.21,88.41,52.8,9.0,1.0
1828,2025-07-25,West,Apparel,Retail,Consumer,3,58.75,0.0,176.25,112.02,64.23,4.0,
2170,2025-07-25,West,Apparel,Retail,Consumer,9,34.14,0.0,307.26,194.49,112.77,5.0,3.0
2729,2025-07-25,West,Outerwear,Online,Consumer,1,55.02,0.0,55.02,34.15,20.87,3.0,3.0
2921,2025-07-25,East,Footwear,Online,Corporate,4,106.65,0.0,426.6,267.34,159.26,11.0,5.0
3665,2025-07-25,East,Accessories,Online,Consumer,1,33.79,0.05,32.1,22.05,10.05,1.0,1.0
1425,2025-07-26,South,Footwear,Online,Consumer,6,38.84,0.0,233.04,145.18,87.86,6.0,4.0
1574,2025-07-26,West,Apparel,Retail,Consumer,6,81.07,0.0,486.42,322.43,163.99,5.0,1.0
1949,2025-07-26,East,Footwear,Wholesale,Corporate,288,40.89,0.15,10009.87,6091.81,3918.06,3.0,4.0
1952,2025-07-26,North,Accessories,Retail,Consumer,2,124.5,0.0,249.0,155.56,93.44,10.0,5.0
2973,2025-07-26,South,Footwear,Online,Consumer,3,107.79,0.0,323.37,208.06,115.31,,4.0
3285,2025-07-26,West,Footwear,Retail,Consumer,3,74.01,0.0,222.03,137.79,84.24,12.0,2.0
3426,2025-07-26,North,Apparel,Online,Corporate,7,63.04,0.0,441.28,295.6,145.68,12.0,2.0
4563,2025-07-26,East,Apparel,Wholesale,Consumer,63,53.1,0.15,2843.5,1914.94,928.56,6.0,5.0
4714,2025-07-26,South,Accessories,Retail,Consumer,2,32.73,0.05,62.19,40.26,21.93,2.0,1.0
154,2025-07-27,South,Accessories,Wholesale,Consumer,224,22.47,0.15,4278.29,2535.55,1742.74,9.0,
177,2025-07-27,West,Accessories,Retail,Consumer,5,24.25,0.0,121.25,73.25,48.0,7.0,1.0
692,2025-07-27,North,Apparel,Wholesale,Consumer,95,52.22,0.0,4960.9,2949.37,2011.53,6.0,
2201,2025-07-27,South,Outerwear,Retail,Consumer,9,76.78,0.0,691.02,477.25,213.77,5.0,3.0
4348,2025-07-27,North,Apparel,Wholesale,Consumer,336,43.03,0.05,13735.18,8826.4,4908.78,9.0,
4863,2025-07-27,South,Apparel,Online,Consumer,6,70.97,0.0,425.82,262.72,163.1,6.0,5.0
2215,2025-07-28,North,Footwear,Online,Consumer,7,48.22,0.1,303.79,182.08,121.71,7.0,
2968,2025-07-28,South,Accessories,Online,Consumer,11,80.59,0.05,842.17,532.78,309.39,12.0,3.0
3467,2025-07-28,South,Apparel,Retail,Corporate,1,101.93,0.1,91.74,58.34,33.4,9.0,2.0
4739,2025-07-28,West,Footwear,Online,Consumer,8,25.52,0.0,204.16,140.45,63.71,14.0,
808,2025-07-29,West,Apparel,Online,Corporate,7,16.12,0.15,95.91,57.67,38.24,9.0,3.0
1121,2025-07-29,West,Accessories,Wholesale,Consumer,270,11.76,0.0,3175.2,1896.92,1278.28,10.0,1.0
1395,2025-07-29,North,Accessories,Retail,Corporate,5,61.39,0.0,306.95,194.85,112.1,9.0,
1605,2025-07-29,North,Outerwear,Online,Consumer,7,99.38,0.1,626.09,392.04,234.05,1.0,1.0
3198,2025-07-29,East,Accessories,Retail,Consumer,5,89.88,0.0,449.4,292.88,156.52,14.0,1.0
3640,2025-07-29,East,Accessories,Online,Consumer,4,66.15,0.05,251.37,143.61,107.76,10.0,2.0
255,2025-07-30,North,Footwear,Wholesale,Consumer,240,22.7,0.05,5175.6,3226.81,1948.79,12.0,
1005,2025-07-30,East,Apparel,Retail,Home Office,6,35.93,0.0,215.58,144.67,70.91,10.0,1.0
1920,2025-07-30,West,Footwear,Wholesale,Consumer,350,29.88,0.1,9412.2,6215.33,3196.87,7.0,2.0
2043,2025-07-30,North,Apparel,Wholesale,Consumer,277,56.17,0.1,14003.18,9256.4,4746.78,11.0,4.0
3830,2025-07-30,West,Footwear,Online,Corporate,2,92.51,0.0,185.02,107.54,77.48,6.0,
3841,2025-07-30,East,Footwear,Wholesale,Consumer,44,116.96,0.05,4888.93,3048.21,1840.72,6.0,3.0
4990,2025-07-30,East,Apparel,Retail,Consumer,2,47.05,0.0,94.1,56.07,38.03,7.0,2.0
107,2025-07-31,East,Footwear,Online,Consumer,11,77.94,0.0,857.34,520.15,337.19,3.0,1.0
152,2025-07-31,North,Footwear,Online,Consumer,5,32.91,0.0,164.55,89.12,75.43,4.0,3.0
239,2025-07-31,East,Apparel,Retail,Consumer,4,23.84,0.1,85.82,51.4,34.42,1.0,5.0
263,2025-07-31,East,Accessories,Wholesale,Consumer,143,44.19,0.05,6003.21,3938.96,2064.25,6.0,
881,2025-07-31,East,Outerwear,Retail,Consumer,8,61.5,0.0,492.0,351.12,140.88,5.0,1.0
1894,2025-07-31,South,Footwear,Online,Consumer,8,69.24,0.0,553.92,362.26,191.66,6.0,5.0
3563,2025-07-31,East,Footwear,Online,Corporate,10,64.13,0.0,641.3,446.02,195.28,4.0,1.0
3723,2025-07-31,North,Apparel,Online,Corporate,5,36.29,0.0,181.45,110.52,70.93,8.0,5.0
171,2025-08-01,West,Outerwear,Wholesale,Consumer,135,13.63,0.15,1290.34,832.48,457.86,7.0,3.0
2548,2025-08-01,East,Apparel,Wholesale,Home Office,43,64.13,0.0,2275.01,1561.69,713.32,13.0,
3724,2025-08-01,East,Apparel,Online,Consumer,11,62.04,0.0,563.01,363.27,199.74,1.0,1.0
1085,2025-08-02,South,Accessories,Online,Corporate,6,113.89,0.15,479.19,309.45,169.74,7.0,2.0
1414,2025-08-02,West,Accessories,Retail,Home Office,9,91.61,0.1,612.18,383.06,229.12,6.0,2.0
1857,2025-08-02,South,Footwear,Wholesale,Corporate,228,39.8,0.1,6737.74,4213.12,2524.62,11.0,1.0
2010,2025-08-02,North,Accessories,Retail,Consumer,6,72.25,0.15,303.99,185.04,118.95,14.0,2.0
2327,2025-08-02,West,Footwear,Wholesale,Corporate,251,55.58,0.1,10358.31,6629.77,3728.54,14.0,5.0
3266,2025-08-02,North,Footwear,Online,Home Office,8,108.06,0.0,713.2,397.14,316.06,12.0,3.0
3690,2025-08-02,South,Outerwear,Online,Consumer,7,59.0,0.0,340.72,242.07,98.65,3.0,3.0
4191,2025-08-02,North,Apparel,Online,Home Office,6,82.99,0.0,410.8,241.96,168.84,2.0,3.0
4385,2025-08-02,North,Outerwear,Retail,Home Office,4,113.32,0.0,373.96,224.4,149.56,4.0,3.0
4750,2025-08-02,South,Accessories,Online,Consumer,4,21.65,0.05,67.87,39.63,28.24,2.0,
1268,2025-08-03,East,Outerwear,Retail,Consumer,2,82.57,0.0,136.24,78.5,57.74,10.0,
1384,2025-08-03,East,Footwear,Retail,Corporate,1,181.39,0.0,149.65,88.04,61.61,14.0,
1759,2025-08-03,South,Footwear,Retail,Corporate,9,157.53,0.0,1169.66,743.95,425.71,8.0,2.0
1824,2025-08-03,North,Outerwear,Wholesale,Home Office,168,108.94,0.15,12834.22,7509.52,5324.7,9.0,1.0
2353,2025-08-03,North,Apparel,Retail,Consumer,9,16.35,0.0,121.4,67.6,53.8,7.0,4.0
4802,2025-08-03,East,Apparel,Retail,Home Office,4,37.89,0.05,118.79,70.58,48.21,1.0,2.0
217,2025-08-04,West,Outerwear,Online,Consumer,8,101.81,0.0,671.95,400.94,271.01,4.0,5.0
938,2025-08-04,South,Accessories,Retail,Corporate,10,74.89,0.05,586.95,384.91,202.04,10.0,
1634,2025-08-04,North,Footwear,Online,Consumer,11,58.57,0.0,531.52,332.15,199.37,6.0,5.0
3081,2025-08-04,East,Outerwear,Online,Consumer,1,123.13,0.05,96.5,55.83,40.67,8.0,5.0
3694,2025-08-04,West,Apparel,Retail,Corporate,6,64.58,0.0,319.67,199.3,120.37,1.0,
4096,2025-08-04,West,Apparel,Online,Corporate,1,27.2,0.1,20.2,11.94,8.26,2.0,1.0
4367,2025-08-04,West,Outerwear,Retail,Corporate,3,31.43,0.05,73.9,45.96,27.94,5.0,4.0
4860,2025-08-04,North,Accessories,Online,Consumer,11,51.85,0.1,423.48,259.21,164.27,13.0,5.0
51,2025-08-05,North,Accessories,Retail,Consumer,10,123.43,0.15,865.55,498.17,367.38,4.0,
325,2025-08-05,South,Outerwear,Wholesale,Corporate,96,22.72,0.0,1799.42,1072.19,727.23,3.0,5.0
2330,2025-08-05,North,Outerwear,Retail,Consumer,3,131.7,0.05,309.66,197.04,112.62,5.0,3.0
2629,2025-08-05,South,Apparel,Retail,Corporate,11,95.74,0.0,868.84,488.7,380.14,14.0,2.0
2656,2025-08-05,West,Accessories,Retail,Consumer,6,34.36,0.0,170.08,95.41,74.67,5.0,3.0
3969,2025-08-05,West,Apparel,Retail,Consumer,6,53.53,0.1,238.48,145.54,92.94,6.0,
4709,2025-08-05,West,Accessories,Retail,Consumer,2,31.88,0.05,49.97,27.9,22.07,10.0,3.0
521,2025-08-06,East,Apparel,Online,Consumer,11,27.34,0.0,248.11,142.85,105.26,12.0,5.0
1095,2025-08-06,West,Accessories,Retail,Consumer,10,45.28,0.05,354.88,238.79,116.09,12.0,
1143,2025-08-06,West,Footwear,Online,Consumer,7,49.95,0.0,288.46,180.99,107.47,9.0,
2387,2025-08-06,East,Footwear,Online,Corporate,5,128.61,0.0,530.52,324.49,206.03,,5.0
2719,2025-08-06,East,Footwear,Online,Consumer,7,121.87,0.0,703.8,479.09,224.71,7.0,4.0
4819,2025-08-06,North,Apparel,Online,Corporate,2,22.89,0.1,33.99,22.37,11.62,9.0,3.0
1199,2025-08-07,South,Footwear,Online,Consumer,4,81.79,0.0,269.91,162.71,107.2,12.0,1.0
1464,2025-08-07,East,Apparel,Online,Consumer,3,71.8,0.05,168.82,101.49,67.33,7.0,1.0
3292,2025-08-07,South,Outerwear,Retail,Consumer,2,72.1,0.0,118.96,71.46,47.5,6.0,1.0
3930,2025-08-07,North,Outerwear,Online,Corporate,10,94.99,0.0,783.67,497.58,286.09,3.0,4.0
4851,2025-08-07,North,Apparel,Wholesale,Consumer,352,45.41,0.0,13187.06,7875.22,5311.84,3.0,5.0
751,2025-08-08,West,Apparel,Online,Consumer,10,51.22,0.0,422.56,270.27,152.29,12.0,4.0
1132,2025-08-08,West,Footwear,Retail,Consumer,4,24.75,0.15,69.42,41.93,27.49,7.0,3.0
2039,2025-08-08,South,Apparel,Retail,Consumer,4,41.4,0.1,122.96,75.82,47.14,2.0,
2446,2025-08-08,South,Apparel,Online,Consumer,6,46.32,0.1,206.36,121.15,85.21,6.0,4.0
2458,2025-08-08,North,Apparel,Online,Consumer,10,102.12,0.0,842.49,512.79,329.7,7.0,2.0
3565,2025-08-08,West,Footwear,Wholesale,Corporate,81,53.22,0.05,3378.61,1899.47,1479.14,9.0,
3628,2025-08-08,West,Outerwear,Online,Home Office,9,37.04,0.1,247.52,139.72,107.8,7.0,
4433,2025-08-08,North,Accessories,Retail,Corporate,4,71.7,0.05,224.78,136.64,88.14,8.0,
4900,2025-08-08,West,Outerwear,Retail,Home Office,6,89.4,0.0,442.53,263.51,179.02,12.0,3.0
588,2025-08-09,North,Outerwear,Retail,Consumer,5,83.14,0.0,342.95,209.42,133.53,9.0,1.0
1073,2025-08-09,South,Apparel,Retail,Home Office,7,29.0,0.05,159.1,76.07,83.03,11.0,5.0
1174,2025-08-09,East,Apparel,Retail,Consumer,9,61.02,0.0,453.07,278.83,174.24,14.0,3.0
2745,2025-08-09,North,Apparel,Retail,Consumer,6,14.32,0.0,70.88,44.54,26.34,12.0,
2875,2025-08-09,West,Accessories,Retail,Corporate,11,65.18,0.25,443.63,254.92,188.71,6.0,2.0
3036,2025-08-09,East,Footwear,Online,Consumer,5,67.54,0.1,250.74,171.58,79.16,,4.0
3611,2025-08-09,West,Apparel,Online,Home Office,9,83.23,0.0,617.98,373.15,244.83,8.0,5.0
4182,2025-08-09,East,Accessories,Online,Consumer,2,86.33,0.0,142.44,88.74,53.7,9.0,3.0
4536,2025-08-09,South,Apparel,Retail,Consumer,1,43.95,0.1,32.63,21.0,11.63,6.0,1.0
4540,2025-08-09,West,Footwear,Online,Home Office,2,107.74,0.05,168.88,99.78,69.1,9.0,5.0
754,2025-08-10,West,Outerwear,Online,Corporate,7,44.75,0.1,232.59,143.28,89.31,5.0,3.0
1917,2025-08-10,East,Apparel,Online,Consumer,10,40.1,0.05,314.28,192.12,122.16,10.0,
2690,2025-08-10,South,Accessories,Online,Consumer,5,20.5,0.25,63.42,42.11,21.31,9.0,2.0
2887,2025-08-10,West,Accessories,Online,Corporate,9,61.58,0.0,457.23,267.05,190.18,1.0,5.0
3301,2025-08-10,South,Outerwear,Retail,Consumer,11,73.55,0.25,500.6,314.88,185.72,14.0,2.0
3455,2025-08-10,East,Apparel,Online,Consumer,5,60.75,0.0,250.59,154.15,96.44,14.0,5.0
4588,2025-08-10,West,Apparel,Online,Corporate,11,75.52,0.15,582.54,378.68,203.86,7.0,2.0
407,2025-08-11,South,Outerwear,Online,Consumer,4,17.52,0.0,57.82,38.35,19.47,7.0,
1345,2025-08-11,East,Accessories,Online,Corporate,6,69.05,0.0,341.8,243.16,98.64,14.0,4.0
1413,2025-08-11,South,Apparel,Online,Corporate,7,133.25,0.1,692.57,413.56,279.01,12.0,1.0
1450,2025-08-11,West,Footwear,Online,Consumer,6,112.72,0.0,557.96,368.08,189.88,13.0,2.0
1455,2025-08-11,South,Apparel,Retail,Consumer,6,45.76,0.0,226.51,135.7,90.81,6.0,
1951,2025-08-11,West,Outerwear,Online,Home Office,1,58.25,0.15,40.85,27.0,13.85,12.0,1.0
2040,2025-08-11,East,Footwear,Online,Consumer,11,69.38,0.1,566.66,363.34,203.32,10.0,5.0
2575,2025-08-11,North,Footwear,Online,Consumer,7,19.44,0.05,106.65,60.22,46.43,13.0,5.0
2730,2025-08-11,North,Footwear,Retail,Consumer,5,90.71,0.1,336.76,173.24,163.52,12.0,
4002,2025-08-11,East,Accessories,Online,Consumer,11,55.41,0.0,502.85,317.63,185.22,7.0,4.0
4938,2025-08-11,West,Footwear,Retail,Consumer,4,59.24,0.0,195.49,119.16,76.33,14.0,3.0
371,2025-08-12,North,Apparel,Retail,Consumer,3,101.0,0.0,249.98,157.76,92.22,5.0,
616,2025-08-12,North,Apparel,Online,Consumer,3,42.71,0.0,105.71,71.43,34.28,6.0,1.0
1715,2025-08-12,East,Accessories,Wholesale,Consumer,109,57.93,0.05,4948.89,3202.89,1746.0,,4.0
2016,2025-08-12,South,Outerwear,Retail,Home Office,4,10.88,0.0,35.9,22.49,13.41,,3.0
2127,2025-08-12,East,Apparel,Online,Corporate,2,68.57,0.1,101.83,70.36,31.47,5.0,2.0
2660,2025-08-12,West,Outerwear,Retail,Consumer,10,22.41,0.05,175.64,122.12,53.52,5.0,
2941,2025-08-12,East,Apparel,Online,Consumer,4,41.18,0.0,135.89,78.43,57.46,7.0,4.0
3131,2025-08-12,West,Apparel,Online,Consumer,6,52.14,0.0,258.09,161.23,96.86,11.0,1.0
3850,2025-08-12,East,Accessories,Retail,Consumer,10,58.94,0.05,461.94,264.55,197.39,5.0,1.0
4396,2025-08-12,West,Footwear,Retail,Corporate,3,123.49,0.1,275.07,149.43,125.64,7.0,5.0
4678,2025-08-12,East,Apparel,Online,Consumer,10,50.31,0.15,352.8,220.71,132.09,3.0,
842,2025-08-13,West,Accessories,Online,Consumer,11,86.72,0.1,708.29,440.15,268.14,13.0,5.0
951,2025-08-13,West,Footwear,Online,Consumer,5,74.39,0.0,306.86,154.76,152.1,13.0,1.0
1027,2025-08-13,North,Footwear,Online,Consumer,2,74.29,0.0,122.58,79.4,43.18,1.0,5.0
1076,2025-08-13,North,Footwear,Wholesale,Home Office,320,50.52,0.0,13337.28,7444.86,5892.42,1.0,5.0
1129,2025-08-13,South,Apparel,Retail,Consumer,10,55.29,0.05,433.34,249.65,183.69,12.0,2.0
1617,2025-08-13,North,Accessories,Online,Consumer,7,62.32,0.05,341.9,199.36,142.54,6.0,
2041,2025-08-13,West,Accessories,Online,Home Office,4,19.98,0.0,65.93,42.4,23.53,13.0,5.0
2318,2025-08-13,North,Footwear,Online,Consumer,9,85.33,0.0,633.58,414.89,218.69,6.0,5.0
2341,2025-08-13,South,Apparel,Online,Home Office,9,84.37,0.1,563.8,332.97,230.83,14.0,
2371,2025-08-13,East,Accessories,Online,Home Office,8,13.98,0.05,87.65,51.73,35.92,7.0,4.0
3592,2025-08-13,West,Apparel,Online,Consumer,4,92.27,0.0,304.49,182.43,122.06,,4.0
1242,2025-08-14,West,Outerwear,Wholesale,Consumer,362,45.52,0.15,11555.37,8104.46,3450.91,8.0,3.0
2439,2025-08-14,South,Accessories,Online,Home Office,7,51.4,0.0,296.83,183.45,113.38,5.0,4.0
2819,2025-08-14,South,Accessories,Online,Consumer,9,110.42,0.05,778.88,465.26,313.62,11.0,
3182,2025-08-14,East,Accessories,Online,Consumer,7,28.71,0.0,165.8,101.98,63.82,3.0,
3335,2025-08-14,South,Apparel,Wholesale,Consumer,151,57.29,0.05,6780.06,4901.05,1879.01,14.0,
3484,2025-08-14,East,Accessories,Retail,Corporate,11,44.36,0.0,402.57,247.74,154.83,3.0,2.0
3350,2025-08-15,East,Accessories,Retail,Consumer,6,39.5,0.05,185.75,131.86,53.89,3.0,3.0
4423,2025-08-15,South,Outerwear,Wholesale,Consumer,154,34.88,0.1,3988.35,2749.08,1239.27,14.0,4.0
4590,2025-08-15,West,Footwear,Online,Consumer,11,24.53,0.0,222.61,133.8,88.81,9.0,
34,2025-08-16,West,Apparel,Online,Corporate,1,55.17,0.0,45.52,28.06,17.46,10.0,4.0
780,2025-08-16,West,Footwear,Retail,Home Office,8,15.04,0.0,99.26,65.65,33.61,3.0,
935,2025-08-16,South,Footwear,Wholesale,Corporate,294,66.74,0.0,16187.79,9381.3,6806.49,10.0,4.0
955,2025-08-16,West,Footwear,Online,Consumer,1,30.57,0.0,25.22,16.2,9.02,,1.0
1716,2025-08-16,East,Apparel,Online,Consumer,2,73.58,0.0,121.41,72.51,48.9,8.0,2.0
1950,2025-08-16,West,Outerwear,Online,Consumer,9,38.35,0.0,284.75,192.66,92.09,10.0,3.0
3234,2025-08-16,North,Outerwear,Online,Consumer,8,43.97,0.0,290.2,197.07,93.13,,5.0
205,2025-08-17,North,Outerwear,Retail,Consumer,2,53.47,0.05,83.81,50.68,33.13,1.0,3.0
466,2025-08-17,West,Outerwear,Online,Home Office,1,18.0,0.05,14.11,8.13,5.98,14.0,1.0
624,2025-08-17,West,Apparel,Online,Consumer,11,69.04,0.05,595.21,336.64,258.57,8.0,
1336,2025-08-17,East,Footwear,Online,Consumer,3,35.61,0.1,79.32,45.74,33.58,7.0,4.0
1694,2025-08-17,South,Footwear,Online,Corporate,10,120.6,0.0,994.95,575.13,419.82,13.0,5.0
2519,2025-08-17,North,Accessories,Online,Corporate,2,86.47,0.0,142.68,85.5,57.18,12.0,1.0
2697,2025-08-17,South,Apparel,Retail,Corporate,3,67.73,0.1,150.87,103.37,47.5,12.0,5.0
3813,2025-08-17,East,Accessories,Online,Corporate,7,39.87,0.05,218.74,123.59,95.15,4.0,5.0
250,2025-08-18,East,Footwear,Online,Consumer,5,66.7,0.0,275.14,180.28,94.86,3.0,5.0
284,2025-08-18,South,Apparel,Retail,Corporate,4,43.64,0.15,122.41,71.9,50.51,14.0,3.0
590,2025-08-18,West,Apparel,Online,Home Office,4,71.97,0.0,237.5,150.47,87.03,11.0,
655,2025-08-18,North,Apparel,Online,Consumer,11,38.72,0.15,298.68,179.66,119.02,3.0,3.0
2389,2025-08-18,North,Outerwear,Retail,Consumer,11,30.18,0.05,260.19,144.07,116.12,5.0,1.0
3749,2025-08-18,South,Footwear,Retail,Consumer,3,63.36,0.0,156.82,101.01,55.81,,4.0
4055,2025-08-18,West,Outerwear,Online,Home Office,2,43.57,0.0,71.89,46.89,25.0,13.0,5.0
4830,2025-08-18,East,Apparel,Online,Consumer,5,25.31,0.15,88.74,49.88,38.86,6.0,3.0
195,2025-08-19,West,Apparel,Retail,Consumer,8,30.62,0.05,191.99,117.85,74.14,11.0,
362,2025-08-19,West,Apparel,Online,Corporate,8,66.69,0.0,440.15,285.88,154.27,8.0,
1493,2025-08-19,West,Footwear,Online,Corporate,1,41.6,0.1,30.89,20.5,10.39,1.0,
1566,2025-08-19,East,Accessories,Online,Consumer,7,35.96,0.15,176.52,113.84,62.68,,1.0
2785,2025-08-19,South,Apparel,Retail,Corporate,8,56.76,0.15,318.42,188.17,130.25,2.0,1.0
3157,2025-08-19,West,Apparel,Online,Consumer,1,86.02,0.0,70.97,46.3,24.67,8.0,1.0
3966,2025-08-19,West,Accessories,Wholesale,Consumer,309,47.12,0.05,11411.46,6812.61,4598.85,12.0,3.0
4328,2025-08-19,East,Footwear,Retail,Home Office,3,78.31,0.1,174.44,108.14,66.3,7.0,5.0
4638,2025-08-19,South,Accessories,Online,Home Office,9,80.4,0.25,447.73,273.92,173.81,5.0,1.0
4992,2025-08-19,South,Footwear,Online,Consumer,10,77.03,0.0,635.5,390.94,244.56,4.0,
607,2025-08-20,South,Footwear,Online,Corporate,8,32.47,0.0,214.3,139.15,75.15,9.0,2.0
1711,2025-08-20,West,Footwear,Wholesale,Home Office,222,67.45,0.0,12353.47,7658.05,4695.42,2.0,2.0
1787,2025-08-20,West,Footwear,Online,Corporate,8,178.1,0.0,1175.46,769.68,405.78,8.0,5.0
3257,2025-08-20,South,Outerwear,Online,Corporate,10,24.87,0.15,174.4,109.44,64.96,,2.0
3300,2025-08-20,North,Accessories,Retail,Consumer,10,31.06,0.1,230.62,135.76,94.86,,4.0
3682,2025-08-20,East,Outerwear,Online,Home Office,6,45.75,0.0,226.46,128.99,97.47,10.0,3.0
4249,2025-08-20,East,Apparel,Wholesale,Corporate,303,32.92,0.05,7817.72,4297.38,3520.34,11.0,2.0
4330,2025-08-20,East,Apparel,Retail,Corporate,9,55.29,0.0,410.53,251.69,158.84,14.0,4.0
368,2025-08-21,West,Accessories,Retail,Consumer,7,68.97,0.0,398.3,241.31,156.99,9.0,4.0
746,2025-08-21,East,Accessories,Retail,Consumer,8,30.69,0.0,202.55,123.18,79.37,7.0,5.0
2570,2025-08-21,North,Apparel,Retail,Consumer,9,45.35,0.0,336.72,208.75,127.97,5.0,5.0
2606,2025-08-21,North,Apparel,Online,Consumer,5,22.2,0.25,68.68,41.08,27.6,13.0,3.0
3679,2025-08-21,North,Accessories,Retail,Consumer,1,49.14,0.1,36.49,23.54,12.95,10.0,
4447,2025-08-21,East,Footwear,Retail,Consumer,4,59.3,0.05,185.91,113.69,72.22,6.0,1.0
4457,2025-08-21,North,Footwear,Online,Consumer,5,52.26,0.0,215.57,130.49,85.08,3.0,3.0
162,2025-08-22,South,Apparel,Online,Consumer,4,73.9,0.0,243.87,141.95,101.92,,1.0
1138,2025-08-22,North,Apparel,Retail,Consumer,9,56.33,0.0,418.25,269.54,148.71,13.0,4.0
1713,2025-08-22,North,Footwear,Online,Consumer,3,34.5,0.0,85.39,54.08,31.31,6.0,2.0
3485,2025-08-22,East,Accessories,Retail,Consumer,2,36.17,0.1,53.71,34.14,19.57,13.0,2.0
4279,2025-08-22,West,Apparel,Online,Consumer,6,75.28,0.15,316.74,190.57,126.17,7.0,1.0
4842,2025-08-22,North,Footwear,Retail,Corporate,8,112.68,0.05,706.5,415.04,291.46,7.0,2.0
949,2025-08-23,West,Apparel,Online,Consumer,10,51.9,0.15,363.95,207.1,156.85,13.0,2.0
2084,2025-08-23,West,Footwear,Retail,Consumer,5,85.78,0.0,353.84,198.63,155.21,8.0,4.0
2685,2025-08-23,East,Footwear,Online,Consumer,6,26.7,0.05,125.56,79.64,45.92,9.0,5.0
3792,2025-08-23,West,Footwear,Retail,Home Office,6,84.19,0.0,416.74,262.2,154.54,2.0,
3924,2025-08-23,East,Apparel,Retail,Consumer,6,43.16,0.05,202.96,121.09,81.87,7.0,5.0
3944,2025-08-23,West,Footwear,Online,Consumer,2,38.9,0.05,60.98,36.49,24.49,5.0,
3954,2025-08-23,South,Outerwear,Retail,Corporate,8,14.08,0.15,78.99,48.38,30.61,9.0,1.0
4767,2025-08-23,West,Outerwear,Online,Consumer,10,50.04,0.05,392.19,248.96,143.23,12.0,
4777,2025-08-23,West,Footwear,Online,Consumer,9,32.48,0.0,241.16,150.56,90.6,1.0,3.0
334,2025-08-24,West,Apparel,Online,Consumer,4,18.58,0.0,61.31,38.48,22.83,14.0,4.0
1216,2025-08-24,East,Apparel,Online,Home Office,10,40.99,0.15,287.44,169.63,117.81,6.0,3.0
1856,2025-08-24,West,Outerwear,Online,Consumer,2,65.69,0.05,102.97,64.51,38.46,12.0,3.0
2922,2025-08-24,South,Apparel,Wholesale,Home Office,356,97.53,0.1,25780.1,14818.12,10961.98,11.0,1.0
4058,2025-08-24,West,Accessories,Retail,Consumer,4,50.04,0.05,156.88,95.33,61.55,7.0,5.0
4378,2025-08-24,South,Apparel,Retail,Consumer,8,42.17,0.25,208.74,142.8,65.94,5.0,4.0
156,2025-08-25,North,Apparel,Online,Consumer,10,48.61,0.05,380.98,219.6,161.38,13.0,5.0
360,2025-08-25,West,Footwear,Retail,Consumer,5,67.12,0.1,249.18,155.46,93.72,10.0,5.0
1837,2025-08-25,South,Apparel,Retail,Home Office,9,32.0,0.1,213.84,136.09,77.75,12.0,1.0
2076,2025-08-25,North,Accessories,Wholesale,Consumer,272,78.67,0.05,16770.87,9865.92,6904.95,8.0,5.0
2181,2025-08-25,West,Outerwear,Retail,Consumer,8,25.33,0.1,150.46,101.33,49.13,11.0,1.0
2882,2025-08-25,North,Apparel,Online,Consumer,9,21.02,0.0,156.07,99.91,56.16,11.0,
2948,2025-08-25,South,Apparel,Retail,Consumer,10,128.39,0.0,1059.22,665.03,394.19,11.0,4.0
4673,2025-08-25,East,Outerwear,Online,Consumer,11,58.27,0.0,528.8,316.2,212.6,13.0,4.0
285,2025-08-26,West,Accessories,Online,Consumer,9,18.56,0.05,130.92,83.9,47.02,10.0,2.0
384,2025-08-26,West,Outerwear,Online,Home Office,6,46.8,0.0,231.66,154.79,76.87,1.0,2.0
1842,2025-08-26,West,Apparel,Wholesale,Corporate,130,46.68,0.05,4756.11,2789.75,1966.36,9.0,5.0
2506,2025-08-26,East,Apparel,Retail,Corporate,11,47.47,0.0,430.79,290.46,140.33,8.0,2.0
4165,2025-08-26,West,Accessories,Online,Corporate,1,29.9,0.05,23.43,15.14,8.29,7.0,4.0
4194,2025-08-26,East,Apparel,Wholesale,Consumer,299,23.94,0.15,5019.59,3266.61,1752.98,14.0,3.0
4369,2025-08-26,East,Footwear,Wholesale,Consumer,226,44.89,0.0,8369.74,5029.28,3340.46,3.0,
119,2025-08-27,West,Apparel,Online,Corporate,7,86.27,0.0,498.21,303.97,194.24,13.0,1.0
201,2025-08-27,East,Footwear,Wholesale,Consumer,224,91.54,0.0,16916.59,10118.79,6797.8,5.0,1.0
433,2025-08-27,West,Outerwear,Retail,Corporate,7,64.92,0.1,337.42,202.07,135.35,13.0,
456,2025-08-27,North,Footwear,Retail,Consumer,6,53.62,0.1,238.88,139.88,99.0,5.0,
686,2025-08-27,North,Footwear,Online,Corporate,2,68.28,0.15,95.76,60.65,35.11,2.0,4.0
703,2025-08-27,West,Apparel,Retail,Home Office,10,228.22,0.1,1694.53,1165.51,529.02,9.0,4.0
1136,2025-08-27,West,Outerwear,Online,Consumer,9,68.4,0.0,507.87,353.86,154.01,11.0,2.0
1304,2025-08-27,West,Accessories,Online,Consumer,3,31.61,0.1,70.41,37.3,33.11,5.0,
2352,2025-08-27,South,Accessories,Online,Consumer,2,50.23,0.05,78.74,53.49,25.25,7.0,2.0
3218,2025-08-27,East,Apparel,Online,Consumer,11,50.39,0.0,457.29,260.78,196.51,12.0,2.0
862,2025-08-28,South,Outerwear,Online,Home Office,6,54.91,0.05,258.21,170.42,87.79,11.0,
1169,2025-08-28,South,Apparel,Online,Corporate,2,56.97,0.25,70.5,47.06,23.44,2.0,4.0
1500,2025-08-28,South,Outerwear,Online,Consumer,10,89.9,0.0,741.68,533.44,208.24,6.0,5.0
2541,2025-08-28,East,Accessories,Online,Home Office,7,81.14,0.0,468.58,279.84,188.74,,5.0
2673,2025-08-28,North,Outerwear,Retail,Consumer,6,41.95,0.25,155.74,91.41,64.33,1.0,5.0
2823,2025-08-28,South,Accessories,Wholesale,Consumer,73,35.34,0.0,2128.35,1203.84,924.51,10.0,5.0
3174,2025-08-28,South,Apparel,Online,Home Office,6,59.41,0.0,294.08,183.05,111.03,3.0,3.0
4237,2025-08-28,North,Apparel,Online,Home Office,6,20.6,0.05,96.87,65.35,31.52,3.0,1.0
4615,2025-08-28,East,Footwear,Wholesale,Home Office,231,107.21,0.15,17366.81,9569.22,7797.59,7.0,3.0
222,2025-08-29,North,Apparel,Wholesale,Corporate,376,23.85,0.1,6658.44,4293.33,2365.11,14.0,1.0
619,2025-08-29,West,Footwear,Online,Consumer,1,51.29,0.0,42.31,25.88,16.43,13.0,1.0
1149,2025-08-29,East,Outerwear,Retail,Consumer,6,52.55,0.0,260.12,184.26,75.86,5.0,4.0
1369,2025-08-29,East,Apparel,Wholesale,Home Office,229,13.75,0.1,2337.95,1583.01,754.94,12.0,5.0
1396,2025-08-29,West,Footwear,Online,Consumer,5,90.31,0.1,335.28,208.42,126.86,6.0,5.0
1742,2025-08-29,West,Apparel,Retail,Consumer,11,94.65,0.1,773.05,509.79,263.26,3.0,5.0
2325,2025-08-29,South,Apparel,Wholesale,Corporate,113,64.07,0.1,5375.63,3145.99,2229.64,8.0,4.0
2751,2025-08-29,North,Apparel,Retail,Consumer,5,60.5,0.05,237.08,149.6,87.48,10.0,2.0
3241,2025-08-29,West,Apparel,Online,Consumer,3,19.27,0.0,47.69,29.65,18.04,13.0,2.0
4640,2025-08-29,East,Apparel,Online,Consumer,6,45.02,0.0,222.85,139.52,83.33,,1.0
4968,2025-08-29,West,Outerwear,Online,Consumer,8,43.77,0.05,274.44,177.84,96.6,4.0,2.0
157,2025-08-30,West,Footwear,Online,Consumer,1,54.46,0.0,44.93,29.15,15.78,8.0,5.0
1433,2025-08-30,East,Apparel,Online,Consumer,5,45.94,0.0,189.5,126.07,63.43,,3.0
2724,2025-08-30,South,Footwear,Online,Corporate,6,72.27,0.0,357.74,210.24,147.5,4.0,
2864,2025-08-30,South,Apparel,Online,Home Office,3,19.68,0.0,48.71,30.45,18.26,3.0,5.0
3836,2025-08-30,North,Apparel,Online,Corporate,10,28.45,0.1,211.24,133.04,78.2,1.0,4.0
4111,2025-08-30,North,Apparel,Retail,Corporate,8,49.35,0.0,325.71,204.38,121.33,11.0,5.0
393,2025-08-31,West,Footwear,Online,Corporate,4,99.16,0.1,294.51,173.29,121.22,2.0,4.0
837,2025-08-31,West,Apparel,Online,Consumer,6,28.74,0.05,135.15,84.61,50.54,1.0,
1751,2025-08-31,West,Accessories,Retail,Consumer,9,33.62,0.0,249.63,148.12,101.51,,
2126,2025-08-31,South,Accessories,Wholesale,Home Office,378,64.81,0.05,19200.45,11453.2,7747.25,11.0,2.0
3034,2025-08-31,South,Footwear,Online,Consumer,6,35.79,0.05,168.3,105.28,63.02,3.0,
3519,2025-08-31,West,Apparel,Online,Consumer,7,69.95,0.15,343.37,230.17,113.2,8.0,2.0
4654,2025-08-31,East,Accessories,Retail,Consumer,6,77.43,0.0,383.28,276.78,106.5,13.0,5.0
425,2025-09-01,West,Accessories,Wholesale,Home Office,254,96.64,0.0,17106.28,9453.3,7652.98,10.0,4.0
2268,2025-09-01,West,Footwear,Wholesale,Corporate,85,48.31,0.0,2861.68,1888.78,972.9,,5.0
2479,2025-09-01,West,Footwear,Online,Consumer,8,48.28,0.0,269.17,170.81,98.36,14.0,5.0
4297,2025-09-01,East,Apparel,Online,Consumer,10,23.23,0.1,145.7,93.75,51.95,6.0,
4995,2025-09-01,West,Accessories,Online,Corporate,9,76.11,0.0,477.36,290.45,186.91,6.0,5.0
447,2025-09-02,South,Accessories,Online,Consumer,10,20.45,0.15,121.14,79.07,42.07,10.0,2.0
562,2025-09-02,North,Apparel,Wholesale,Consumer,273,40.66,0.0,7735.62,4538.46,3197.16,9.0,5.0
563,2025-09-02,South,Outerwear,Online,Corporate,10,127.1,0.25,664.31,376.41,287.9,8.0,4.0
1140,2025-09-02,East,Accessories,Online,Consumer,5,140.92,0.0,491.03,326.66,164.37,4.0,2.0
1994,2025-09-02,North,Apparel,Retail,Consumer,6,39.89,0.05,158.45,96.22,62.23,11.0,
2399,2025-09-02,East,Accessories,Retail,Consumer,6,69.43,0.0,290.31,179.49,110.82,,5.0
2520,2025-09-02,North,Apparel,Retail,Consumer,10,80.88,0.0,563.65,357.92,205.73,6.0,4.0
3289,2025-09-02,South,Accessories,Retail,Corporate,8,74.28,0.0,414.12,266.3,147.82,14.0,1.0
4493,2025-09-02,North,Footwear,Online,Home Office,7,20.04,0.0,97.76,68.28,29.48,11.0,4.0
4562,2025-09-02,East,Accessories,Online,Corporate,8,30.7,0.0,171.16,107.35,63.81,9.0,2.0
4662,2025-09-02,South,Outerwear,Online,Home Office,1,63.08,0.0,43.96,25.92,18.04,8.0,4.0
4829,2025-09-02,East,Footwear,Retail,Consumer,9,68.85,0.0,431.83,272.48,159.35,12.0,3.0
738,2025-09-03,North,Apparel,Online,Home Office,8,103.82,0.1,520.93,323.53,197.4,7.0,2.0
1227,2025-09-03,South,Footwear,Retail,Consumer,6,58.28,0.0,243.69,146.26,97.43,5.0,3.0
1265,2025-09-03,South,Apparel,Retail,Consumer,5,34.88,0.05,115.46,82.35,33.11,6.0,1.0
1631,2025-09-03,West,Outerwear,Online,Consumer,8,21.88,0.1,109.79,60.75,49.04,5.0,3.0
2108,2025-09-03,South,Outerwear,Online,Consumer,8,31.86,0.05,168.74,98.71,70.03,13.0,3.0
2222,2025-09-03,South,Apparel,Online,Home Office,11,26.6,0.05,193.71,121.16,72.55,6.0,5.0
2877,2025-09-03,South,Accessories,Retail,Consumer,7,47.12,0.05,218.37,140.51,77.86,13.0,
3021,2025-09-03,East,Footwear,Online,Home Office,5,26.52,0.15,78.55,44.71,33.84,12.0,2.0
4483,2025-09-03,East,Outerwear,Online,Corporate,1,120.24,0.0,83.79,52.18,31.61,11.0,1.0
802,2025-09-04,South,Apparel,Online,Consumer,5,166.75,0.0,581.03,361.89,219.14,1.0,5.0
931,2025-09-04,East,Accessories,Retail,Consumer,9,14.15,0.15,75.44,46.29,29.15,6.0,1.0
1834,2025-09-04,West,Apparel,Retail,Corporate,9,78.86,0.1,445.15,296.35,148.8,14.0,5.0
1882,2025-09-04,East,Outerwear,Online,Corporate,8,32.83,0.1,164.73,93.53,71.2,9.0,
2093,2025-09-04,East,Accessories,Online,Corporate,11,66.25,0.0,507.86,321.55,186.31,8.0,1.0
2687,2025-09-04,West,Apparel,Retail,Home Office,9,66.53,0.0,417.28,263.9,153.38,,5.0
3708,2025-09-04,South,Accessories,Retail,Consumer,5,68.35,0.0,238.16,150.08,88.08,2.0,1.0
4091,2025-09-04,West,Apparel,Wholesale,Home Office,139,156.25,0.05,14378.82,8921.46,5457.36,13.0,1.0
4966,2025-09-04,West,Outerwear,Retail,Corporate,9,34.41,0.15,183.45,121.3,62.15,8.0,
809,2025-09-05,East,Accessories,Retail,Consumer,3,44.05,0.0,92.09,61.36,30.73,4.0,
1052,2025-09-05,West,Apparel,Wholesale,Corporate,348,64.13,0.05,14775.05,10391.87,4383.18,13.0,3.0
1329,2025-09-05,North,Apparel,Online,Consumer,5,43.81,0.0,152.65,91.59,61.06,5.0,
1730,2025-09-05,North,Outerwear,Retail,Corporate,4,84.89,0.0,236.64,143.59,93.05,,3.0
3562,2025-09-05,North,Apparel,Wholesale,Consumer,102,21.34,0.05,1441.06,767.26,673.8,12.0,4.0
4012,2025-09-05,West,Accessories,Online,Home Office,6,65.85,0.0,275.34,167.75,107.59,3.0,5.0
685,2025-09-06,West,Footwear,Retail,Consumer,7,62.18,0.15,257.83,164.71,93.12,13.0,5.0
1059,2025-09-06,East,Apparel,Online,Home Office,8,35.65,0.1,178.88,111.63,67.25,8.0,3.0
2750,2025-09-06,South,Outerwear,Retail,Home Office,5,48.17,0.0,167.85,102.52,65.33,3.0,3.0
2773,2025-09-06,North,Accessories,Wholesale,Corporate,64,30.09,0.05,1274.94,747.04,527.9,1.0,2.0
3269,2025-09-06,North,Footwear,Online,Corporate,11,98.0,0.1,676.12,440.04,236.08,13.0,5.0
3416,2025-09-06,East,Apparel,Online,Corporate,2,19.15,0.1,24.02,14.9,9.12,4.0,2.0
3461,2025-09-06,South,Outerwear,Online,Consumer,7,19.51,0.05,90.42,51.89,38.53,7.0,5.0
3614,2025-09-06,South,Footwear,Retail,Home Office,11,48.88,0.1,337.23,201.43,135.8,3.0,5.0
75,2025-09-07,West,Footwear,Retail,Consumer,4,49.46,0.1,124.09,77.0,47.09,3.0,1.0
551,2025-09-07,West,Accessories,Retail,Consumer,10,71.34,0.0,497.16,310.24,186.92,,
620,2025-09-07,South,Accessories,Online,Consumer,3,94.24,0.0,197.03,110.7,86.33,,
651,2025-09-07,East,Accessories,Retail,Home Office,11,82.28,0.0,630.74,382.5,248.24,1.0,5.0
981,2025-09-07,West,Apparel,Retail,Corporate,11,36.23,0.0,277.73,179.84,97.89,6.0,1.0
1368,2025-09-07,South,Apparel,Retail,Corporate,8,23.57,0.0,131.41,75.36,56.05,3.0,
2014,2025-09-07,South,Apparel,Wholesale,Consumer,317,94.57,0.0,20891.88,12516.12,8375.76,,5.0
3826,2025-09-07,North,Accessories,Online,Home Office,10,88.82,0.1,557.08,326.0,231.08,4.0,2.0
4014,2025-09-07,West,Accessories,Online,Home Office,3,22.67,0.0,47.4,29.32,18.08,3.0,
1093,2025-09-08,North,Footwear,Retail,Consumer,7,65.63,0.1,288.14,167.48,120.66,12.0,
3712,2025-09-08,North,Apparel,Wholesale,Consumer,313,55.29,0.0,12060.24,7264.88,4795.36,10.0,1.0
4000,2025-09-08,South,Outerwear,Online,Corporate,5,42.19,0.0,147.01,85.76,61.25,6.0,1.0
1608,2025-09-09,West,Footwear,Online,Consumer,8,48.58,0.0,270.84,146.02,124.82,9.0,4.0
4146,2025-09-09,South,Apparel,Online,Consumer,8,29.88,0.0,166.58,103.04,63.54,2.0,2.0
4537,2025-09-09,East,Apparel,Wholesale,Consumer,195,67.07,0.0,9114.39,5448.51,3665.88,1.0,5.0
4753,2025-09-09,West,Accessories,Wholesale,Consumer,81,13.52,0.05,725.02,483.7,241.32,5.0,5.0
296,2025-09-10,South,Apparel,Online,Consumer,6,69.69,0.0,291.4,187.98,103.42,3.0,4.0
1388,2025-09-10,West,Footwear,Online,Consumer,3,55.69,0.0,116.43,76.72,39.71,14.0,4.0
1813,2025-09-10,North,Apparel,Retail,Consumer,9,17.72,0.0,111.14,66.04,45.1,7.0,
3713,2025-09-10,South,Footwear,Online,Consumer,6,22.35,0.0,93.45,54.45,39.0,8.0,
4183,2025-09-10,North,Outerwear,Online,Corporate,2,41.84,0.0,58.32,36.62,21.7,6.0,2.0
4259,2025-09-10,East,Accessories,Retail,Consumer,6,34.58,0.0,144.59,75.6,68.99,,3.0
135,2025-09-11,East,Apparel,Online,Consumer,3,38.24,0.0,79.95,56.97,22.98,9.0,5.0
584,2025-09-11,North,Apparel,Retail,Consumer,9,39.77,0.0,249.44,145.94,103.5,11.0,1.0
725,2025-09-11,West,Footwear,Online,Corporate,8,72.01,0.0,401.47,255.43,146.04,8.0,3.0
876,2025-09-11,South,Apparel,Online,Corporate,7,87.57,0.15,363.11,218.16,144.95,10.0,2.0
3661,2025-09-11,North,Outerwear,Online,Consumer,8,63.75,0.05,337.64,225.51,112.13,5.0,1.0
4564,2025-09-11,West,Footwear,Retail,Consumer,7,15.87,0.05,73.55,44.93,28.62,8.0,3.0
4566,2025-09-11,East,Apparel,Retail,Consumer,3,49.04,0.1,92.27,54.41,37.86,3.0,5.0
446,2025-09-12,West,Accessories,Online,Consumer,9,51.74,0.15,275.84,182.85,92.99,2.0,4.0
764,2025-09-12,West,Accessories,Retail,Consumer,3,79.71,0.0,166.65,103.96,62.69,8.0,3.0
1459,2025-09-12,West,Apparel,Wholesale,Consumer,230,24.84,0.1,3583.33,2132.81,1450.52,4.0,2.0
1718,2025-09-12,West,Footwear,Online,Home Office,2,55.56,0.0,77.44,48.94,28.5,11.0,1.0
2112,2025-09-12,West,Footwear,Online,Consumer,11,38.44,0.1,265.21,166.08,99.13,10.0,2.0
2314,2025-09-12,East,Apparel,Online,Consumer,11,76.07,0.15,495.67,309.31,186.36,3.0,
2376,2025-09-12,West,Footwear,Retail,Home Office,9,56.61,0.05,337.31,204.39,132.92,11.0,5.0
2566,2025-09-12,South,Apparel,Online,Consumer,2,61.25,0.0,85.37,58.68,26.69,14.0,5.0
2832,2025-09-12,South,Apparel,Retail,Corporate,9,86.63,0.05,516.18,301.33,214.85,8.0,5.0
4759,2025-09-12,South,Footwear,Online,Consumer,5,53.63,0.1,168.18,115.61,52.57,5.0,2.0
579,2025-09-13,South,Outerwear,Online,Corporate,4,72.77,0.0,202.85,131.79,71.06,2.0,
852,2025-09-13,East,Footwear,Online,Home Office,9,24.05,0.0,150.84,97.35,53.49,,
1565,2025-09-13,North,Accessories,Retail,Home Office,11,47.36,0.15,308.59,186.76,121.83,10.0,4.0
4639,2025-09-13,South,Footwear,Online,Consumer,8,37.14,0.0,207.06,136.72,70.34,7.0,2.0
4665,2025-09-13,East,Footwear,Online,Consumer,4,73.74,0.0,205.56,133.51,72.05,11.0,
925,2025-09-14,North,Apparel,Online,Consumer,1,65.09,0.05,43.09,25.78,17.31,9.0,4.0
1203,2025-09-14,North,Footwear,Wholesale,Home Office,280,68.93,0.1,12105.25,7910.82,4194.43,10.0,4.0
1210,2025-09-14,South,Footwear,Retail,Home Office,5,153.35,0.0,534.34,338.85,195.49,8.0,2.0
1300,2025-09-14,West,Accessories,Online,Consumer,7,30.49,0.25,111.55,69.42,42.13,10.0,3.0
1854,2025-09-14,West,Footwear,Online,Corporate,9,102.78,0.1,580.17,317.67,262.5,,3.0
2463,2025-09-14,North,Footwear,Online,Consumer,3,23.98,0.0,50.13,31.39,18.74,3.0,
3598,2025-09-14,North,Accessories,Wholesale,Home Office,99,32.27,0.0,2226.38,1446.28,780.1,1.0,
3892,2025-09-14,South,Accessories,Retail,Consumer,6,69.6,0.25,218.27,145.25,73.02,2.0,2.0
4106,2025-09-14,East,Accessories,Online,Corporate,9,44.15,0.05,263.06,172.78,90.28,,
4586,2025-09-14,South,Apparel,Online,Corporate,1,65.37,0.05,43.28,25.77,17.51,4.0,4.0
1978,2025-09-15,North,Apparel,Retail,Consumer,6,88.47,0.05,351.43,216.04,135.39,10.0,4.0
2021,2025-09-15,West,Apparel,Online,Corporate,5,45.47,0.05,150.52,90.68,59.84,10.0,1.0
3353,2025-09-15,South,Accessories,Online,Home Office,11,25.17,0.0,192.95,118.12,74.83,9.0,4.0
3642,2025-09-15,North,Footwear,Online,Home Office,6,82.19,0.1,309.3,205.79,103.51,13.0,5.0
4166,2025-09-15,West,Footwear,Online,Consumer,11,62.99,0.05,458.73,295.93,162.8,6.0,5.0
4975,2025-09-15,East,Outerwear,Online,Home Office,6,77.53,0.15,275.55,194.23,81.32,9.0,
418,2025-09-16,North,Outerwear,Online,Home Office,10,44.35,0.0,309.07,183.1,125.97,14.0,4.0
1084,2025-09-16,North,Footwear,Online,Corporate,7,42.9,0.1,188.35,102.08,86.27,4.0,
1261,2025-09-16,East,Outerwear,Online,Corporate,2,27.99,0.0,39.01,24.71,14.3,8.0,
1499,2025-09-16,North,Outerwear,Wholesale,Consumer,357,37.07,0.0,9222.65,5504.35,3718.3,4.0,2.0
1830,2025-09-16,East,Footwear,Online,Corporate,3,28.5,0.0,59.58,37.62,21.96,,
1878,2025-09-16,South,Footwear,Online,Consumer,5,128.39,0.0,447.37,275.26,172.11,7.0,
2494,2025-09-16,West,Footwear,Retail,Corporate,1,69.82,0.0,48.66,29.58,19.08,1.0,3.0
2601,2025-09-16,North,Accessories,Online,Home Office,4,46.31,0.0,129.09,80.36,48.73,9.0,2.0
2633,2025-09-16,East,Accessories,Online,Corporate,6,21.11,0.0,88.27,51.47,36.8,2.0,5.0
2981,2025-09-16,South,Outerwear,Online,Home Office,9,41.31,0.0,259.1,158.6,100.5,12.0,3.0
4441,2025-09-16,West,Outerwear,Retail,Consumer,1,77.88,0.0,54.27,32.39,21.88,9.0,1.0
475,2025-09-17,East,Apparel,Online,Consumer,10,45.02,0.0,313.74,205.37,108.37,,2.0
868,2025-09-17,North,Footwear,Wholesale,Consumer,324,19.98,0.05,4285.77,2747.96,1537.81,9.0,
2374,2025-09-17,West,Apparel,Retail,Corporate,10,46.62,0.0,324.89,207.24,117.65,2.0,3.0
2412,2025-09-17,East,Footwear,Online,Consumer,1,34.93,0.1,21.91,12.21,9.7,9.0,2.0
2431,2025-09-17,South,Footwear,Retail,Consumer,10,45.1,0.1,282.87,168.78,114.09,4.0,3.0
426,2025-09-18,North,Outerwear,Wholesale,Home Office,300,79.92,0.05,15873.23,10638.61,5234.62,13.0,
991,2025-09-18,East,Accessories,Online,Consumer,9,28.52,0.0,178.88,104.02,74.86,8.0,1.0
1366,2025-09-18,South,Apparel,Online,Consumer,2,54.79,0.0,76.37,50.25,26.12,12.0,5.0
1963,2025-09-18,West,Apparel,Retail,Corporate,7,62.48,0.0,304.79,187.12,117.67,1.0,
2217,2025-09-18,East,Accessories,Online,Home Office,11,53.17,0.05,387.21,233.43,153.78,5.0,
2249,2025-09-18,North,Apparel,Online,Consumer,3,28.06,0.05,55.73,37.91,17.82,3.0,3.0
2536,2025-09-18,North,Accessories,Retail,Consumer,11,84.79,0.05,617.48,397.18,220.3,3.0,4.0
2957,2025-09-18,East,Apparel,Wholesale,Home Office,398,73.4,0.1,18322.58,11337.61,6984.97,3.0,3.0
3232,2025-09-18,West,Footwear,Retail,Consumer,10,79.73,0.25,416.72,256.49,160.23,3.0,
3619,2025-09-18,East,Footwear,Online,Corporate,10,45.2,0.15,267.75,172.36,95.39,2.0,2.0
3865,2025-09-18,South,Outerwear,Wholesale,Consumer,298,50.69,0.05,10000.62,6054.84,3945.78,10.0,4.0
4024,2025-09-18,South,Outerwear,Online,Consumer,2,112.89,0.0,157.34,97.59,59.75,,1.0
4226,2025-09-18,West,Footwear,Online,Corporate,11,77.85,0.05,566.94,325.9,241.04,7.0,1.0
745,2025-09-19,East,Outerwear,Online,Consumer,4,69.02,0.15,163.54,104.36,59.18,,2.0
945,2025-09-19,East,Footwear,Retail,Consumer,2,41.54,0.0,57.9,38.43,19.47,1.0,
1579,2025-09-19,West,Outerwear,Online,Consumer,4,22.57,0.05,59.77,35.54,24.23,1.0,5.0
1918,2025-09-19,East,Footwear,Wholesale,Consumer,259,31.65,0.0,5712.66,3488.83,2223.83,3.0,3.0
2178,2025-09-19,North,Footwear,Online,Consumer,10,53.05,0.0,369.7,214.27,155.43,6.0,3.0
2515,2025-09-19,South,Footwear,Online,Corporate,11,26.6,0.0,203.91,124.76,79.15,14.0,2.0
2585,2025-09-19,East,Apparel,Online,Home Office,4,41.31,0.0,115.15,73.21,41.94,2.0,2.0
2964,2025-09-19,North,Accessories,Online,Consumer,10,25.67,0.1,161.0,97.56,63.44,10.0,5.0
4772,2025-09-19,East,Accessories,Retail,Consumer,3,59.58,0.0,124.56,78.52,46.04,9.0,4.0
1361,2025-09-20,North,Apparel,Wholesale,Consumer,307,25.94,0.15,4717.29,2529.11,2188.18,4.0,
1939,2025-09-20,West,Footwear,Online,Corporate,9,27.12,0.0,170.1,117.36,52.74,4.0,
2704,2025-09-20,South,Apparel,Online,Consumer,3,9.64,0.05,19.15,12.41,6.74,9.0,1.0
2740,2025-09-20,North,Footwear,Online,Consumer,1,22.1,0.1,13.86,8.73,5.13,7.0,5.0
2849,2025-09-20,West,Outerwear,Online,Consumer,6,47.23,0.05,187.61,109.29,78.32,2.0,
2987,2025-09-20,South,Apparel,Retail,Corporate,4,17.0,0.0,47.39,29.36,18.03,,2.0
3531,2025-09-20,East,Footwear,Wholesale,Corporate,56,57.6,0.0,2247.89,1210.8,1037.09,9.0,4.0
4660,2025-09-20,East,Accessories,Wholesale,Home Office,175,59.0,0.25,5396.55,3208.74,2187.81,1.0,4.0
1498,2025-09-21,South,Accessories,Retail,Corporate,1,79.17,0.0,55.17,35.55,19.62,12.0,5.0
2378,2025-09-21,West,Apparel,Retail,Consumer,4,97.51,0.0,271.82,158.31,113.51,13.0,2.0
2907,2025-09-21,North,Apparel,Wholesale,Corporate,48,21.01,0.0,702.8,452.3,250.5,5.0,4.0
3160,2025-09-21,North,Footwear,Retail,Corporate,4,23.13,0.1,58.03,30.99,27.04,,1.0
3276,2025-09-21,East,Outerwear,Online,Corporate,10,27.52,0.0,191.78,117.66,74.12,14.0,
3431,2025-09-21,East,Accessories,Retail,Corporate,10,21.09,0.05,139.63,76.09,63.54,3.0,
1474,2025-09-22,North,Apparel,Retail,Corporate,5,120.2,0.0,418.83,222.05,196.78,2.0,3.0
1594,2025-09-22,South,Apparel,Online,Consumer,9,94.09,0.0,590.13,363.76,226.37,,2.0
2516,2025-09-22,South,Accessories,Wholesale,Consumer,156,71.64,0.1,7009.51,4457.69,2551.82,3.0,5.0
3726,2025-09-22,West,Accessories,Online,Corporate,1,77.66,0.1,48.71,27.7,21.01,1.0,
3973,2025-09-22,West,Apparel,Online,Consumer,1,36.85,0.0,25.68,15.72,9.96,12.0,4.0
315,2025-09-23,West,Footwear,Retail,Consumer,11,74.18,0.0,568.65,362.08,206.57,13.0,1.0
2149,2025-09-23,North,Outerwear,Online,Consumer,10,48.77,0.0,339.87,209.3,130.57,8.0,1.0
2267,2025-09-23,North,Footwear,Online,Consumer,3,13.86,0.0,28.98,16.45,12.53,9.0,
3011,2025-09-23,West,Outerwear,Online,Consumer,2,44.97,0.0,62.68,38.31,24.37,4.0,5.0
3162,2025-09-23,East,Footwear,Online,Home Office,2,64.57,0.1,81.0,55.37,25.63,9.0,3.0
766,2025-09-25,South,Outerwear,Online,Consumer,7,78.65,0.15,326.12,196.57,129.55,,
1196,2025-09-25,West,Apparel,Online,Consumer,5,65.63,0.0,228.68,156.89,71.79,8.0,
2427,2025-09-25,North,Apparel,Online,Corporate,10,71.91,0.0,501.13,304.99,196.14,10.0,4.0
2855,2025-09-25,West,Accessories,Online,Corporate,8,63.42,0.0,353.57,207.12,146.45,13.0,
3309,2025-09-25,East,Footwear,Online,Home Office,10,47.81,0.05,316.52,198.9,117.62,5.0,1.0
3529,2025-09-25,West,Apparel,Online,Corporate,9,27.35,0.15,145.81,92.9,52.91,2.0,
4324,2025-09-25,North,Accessories,Online,Consumer,10,38.85,0.15,230.13,144.92,85.21,5.0,5.0
4844,2025-09-25,East,Apparel,Online,Consumer,9,81.11,0.0,508.72,339.68,169.04,3.0,5.0
159,2025-09-26,South,Outerwear,Online,Consumer,1,45.58,0.15,27.0,18.98,8.02,9.0,
538,2025-09-26,North,Accessories,Online,Home Office,1,78.64,0.0,54.8,34.98,19.82,11.0,2.0
4833,2025-09-26,South,Accessories,Online,Consumer,3,50.91,0.1,95.79,60.99,34.8,11.0,5.0
20,2025-09-27,East,Accessories,Online,Consumer,2,53.31,0.0,74.3,45.21,29.09,,
116,2025-09-27,South,Footwear,Online,Consumer,2,132.24,0.05,175.1,103.39,71.71,7.0,1.0
323,2025-09-27,West,Footwear,Online,Corporate,1,72.37,0.05,47.91,31.37,16.54,9.0,2.0
583,2025-09-27,North,Apparel,Retail,Consumer,7,79.0,0.15,327.57,200.3,127.27,6.0,4.0
826,2025-09-27,West,Apparel,Online,Consumer,9,85.28,0.0,534.88,362.04,172.84,12.0,4.0
1448,2025-09-27,North,Apparel,Retail,Home Office,6,56.83,0.15,201.98,105.1,96.88,14.0,
2628,2025-09-27,South,Outerwear,Online,Consumer,5,30.86,0.0,107.53,64.03,43.5,2.0,3.0
2760,2025-09-27,East,Footwear,Online,Consumer,11,35.97,0.0,275.74,164.38,111.36,2.0,
2982,2025-09-27,West,Accessories,Retail,Consumer,2,88.66,0.25,92.68,60.06,32.62,,
3281,2025-09-27,South,Apparel,Wholesale,Consumer,365,35.22,0.1,8062.87,4924.38,3138.49,5.0,2.0
3758,2025-09-27,West,Accessories,Retail,Consumer,10,26.73,0.0,186.28,112.28,74.0,1.0,4.0
4174,2025-09-27,East,Footwear,Retail,Consumer,8,14.88,0.05,78.81,48.46,30.35,14.0,5.0
4509,2025-09-27,East,Outerwear,Online,Home Office,5,30.08,0.05,99.57,55.53,44.04,13.0,5.0
307,2025-09-28,East,Apparel,Online,Consumer,1,49.51,0.0,34.5,21.62,12.88,1.0,2.0
496,2025-09-28,South,Footwear,Online,Consumer,11,30.23,0.0,231.74,122.06,109.68,1.0,2.0
1549,2025-09-28,South,Accessories,Online,Consumer,4,14.06,0.05,37.23,26.28,10.95,13.0,
1590,2025-09-28,North,Apparel,Wholesale,Corporate,151,68.91,0.0,7251.44,5171.4,2080.04,3.0,
2944,2025-09-28,West,Apparel,Online,Corporate,3,61.6,0.0,128.79,74.96,53.83,,4.0
3656,2025-09-28,North,Apparel,Retail,Consumer,1,145.54,0.15,86.21,53.44,32.77,1.0,
3684,2025-09-28,West,Outerwear,Online,Consumer,5,25.37,0.0,88.4,52.51,35.89,3.0,1.0
4021,2025-09-28,South,Outerwear,Online,Corporate,8,81.78,0.15,387.54,229.74,157.8,13.0,3.0
4689,2025-09-28,North,Footwear,Online,Consumer,6,30.05,0.0,125.65,82.08,43.57,14.0,5.0
4803,2025-09-28,North,Apparel,Wholesale,Corporate,362,78.34,0.1,17786.87,11977.77,5809.1,14.0,3.0
4979,2025-09-28,East,Apparel,Retail,Consumer,1,10.81,0.25,5.65,3.58,2.07,5.0,3.0
645,2025-09-29,South,Apparel,Online,Corporate,7,62.96,0.0,307.13,191.86,115.27,10.0,2.0
3625,2025-09-29,East,Footwear,Online,Consumer,7,26.89,0.0,131.18,78.8,52.38,,4.0
4333,2025-09-29,West,Accessories,Online,Consumer,5,63.54,0.0,221.4,145.48,75.92,13.0,2.0
1980,2025-09-30,East,Apparel,Online,Consumer,10,22.75,0.0,158.54,96.63,61.91,10.0,3.0
3877,2025-09-30,South,Accessories,Wholesale,Consumer,252,30.18,0.15,4505.09,2923.22,1581.87,1.0,2.0
4649,2025-09-30,North,Outerwear,Online,Consumer,9,96.26,0.0,603.74,396.63,207.11,9.0,
4923,2025-09-30,North,Apparel,Online,Home Office,5,72.08,0.05,238.6,143.81,94.79,3.0,
4994,2025-09-30,East,Accessories,Wholesale,Home Office,301,29.62,0.0,6213.22,3983.85,2229.37,14.0,4.0
520,2025-10-01,South,Apparel,Retail,Corporate,4,36.74,0.0,95.52,57.26,38.26,6.0,
674,2025-10-01,North,Footwear,Online,Consumer,10,82.0,0.0,533.0,368.57,164.43,13.0,2.0
877,2025-10-01,South,Accessories,Retail,Consumer,5,54.45,0.0,176.96,107.95,69.01,2.0,2.0
1363,2025-10-01,South,Outerwear,Wholesale,Consumer,77,42.95,0.1,1934.68,1305.87,628.81,4.0,1.0
2031,2025-10-01,East,Footwear,Retail,Corporate,2,121.63,0.0,158.12,95.91,62.21,5.0,3.0
3030,2025-10-01,South,Apparel,Online,Consumer,11,79.71,0.05,541.43,347.71,193.72,1.0,4.0
3294,2025-10-01,North,Footwear,Retail,Consumer,8,72.56,0.25,282.98,171.73,111.25,6.0,2.0
3396,2025-10-01,South,Accessories,Wholesale,Corporate,328,86.77,0.0,18499.36,11421.71,7077.65,1.0,
3469,2025-10-01,West,Footwear,Retail,Consumer,2,43.54,0.1,50.94,32.16,18.78,10.0,5.0
4495,2025-10-01,West,Apparel,Online,Consumer,10,58.1,0.0,377.65,251.49,126.16,14.0,
606,2025-10-02,West,Footwear,Online,Corporate,9,35.98,0.0,210.48,137.35,73.13,3.0,4.0
2323,2025-10-02,South,Accessories,Online,Corporate,10,87.91,0.0,571.42,340.09,231.33,13.0,2.0
2372,2025-10-02,North,Apparel,Online,Corporate,6,47.79,0.0,186.38,114.47,71.91,3.0,5.0
2391,2025-10-02,East,Outerwear,Wholesale,Consumer,70,62.3,0.0,2834.65,1735.26,1099.39,2.0,
2591,2025-10-02,West,Apparel,Online,Consumer,4,67.53,0.05,166.8,91.77,75.03,13.0,3.0
3136,2025-10-02,North,Apparel,Retail,Consumer,7,66.33,0.0,301.8,200.35,101.45,14.0,1.0
3328,2025-10-02,South,Accessories,Online,Consumer,5,47.23,0.05,145.82,88.5,57.32,14.0,4.0
3554,2025-10-02,East,Outerwear,Online,Consumer,8,96.46,0.1,451.43,285.63,165.8,5.0,
4070,2025-10-02,South,Outerwear,Wholesale,Home Office,240,84.53,0.05,12527.35,8197.41,4329.94,6.0,
4088,2025-10-02,West,Apparel,Retail,Consumer,6,116.57,0.0,454.62,246.61,208.01,,
1942,2025-10-03,East,Accessories,Online,Consumer,10,42.7,0.25,208.16,133.03,75.13,,5.0
2804,2025-10-03,North,Footwear,Retail,Consumer,5,57.41,0.05,177.25,112.27,64.98,1.0,5.0
2936,2025-10-03,South,Footwear,Online,Consumer,4,47.12,0.05,116.39,72.65,43.74,5.0,2.0
3101,2025-10-03,East,Apparel,Wholesale,Consumer,194,77.38,0.1,8781.86,6020.82,2761.04,2.0,5.0
3734,2025-10-03,West,Apparel,Retail,Consumer,3,54.7,0.1,96.0,60.25,35.75,13.0,
4893,2025-10-03,North,Footwear,Online,Consumer,6,74.63,0.15,247.4,168.85,78.55,10.0,4.0
5,2025-10-04,North,Apparel,Retail,Corporate,9,36.31,0.15,180.55,113.33,67.22,7.0,2.0
1113,2025-10-04,South,Footwear,Online,Consumer,7,115.94,0.1,474.77,320.79,153.98,1.0,1.0
2630,2025-10-04,East,Outerwear,Retail,Corporate,6,75.51,0.15,250.32,162.09,88.23,12.0,
2847,2025-10-04,East,Outerwear,Online,Home Office,10,100.64,0.1,588.74,362.3,226.44,14.0,3.0
3681,2025-10-04,West,Accessories,Retail,Consumer,2,111.87,0.25,109.07,74.37,34.7,13.0,2.0
4212,2025-10-04,West,Apparel,Online,Corporate,2,47.81,0.1,55.94,41.37,14.57,7.0,
4316,2025-10-04,West,Apparel,Wholesale,Consumer,130,63.58,0.1,4835.26,3071.57,1763.69,,2.0
4349,2025-10-04,West,Footwear,Retail,Corporate,3,30.02,0.0,58.54,36.24,22.3,2.0,4.0
291,2025-10-05,North,Accessories,Online,Consumer,9,74.84,0.25,328.36,217.8,110.56,,
545,2025-10-05,East,Footwear,Wholesale,Consumer,262,72.23,0.0,12300.77,7323.18,4977.59,5.0,5.0
835,2025-10-05,West,Apparel,Retail,Home Office,11,46.71,0.0,333.98,202.4,131.58,3.0,4.0
1362,2025-10-05,East,Apparel,Wholesale,Home Office,290,45.97,0.0,8665.34,5693.04,2972.3,2.0,4.0
1896,2025-10-05,East,Accessories,Retail,Corporate,6,96.62,0.05,357.98,212.14,145.84,8.0,4.0
3087,2025-10-05,East,Outerwear,Online,Consumer,7,55.73,0.1,228.21,136.16,92.05,9.0,3.0
3650,2025-10-05,West,Footwear,Retail,Consumer,6,41.19,0.05,152.61,97.73,54.88,5.0,1.0
31,2025-10-06,East,Accessories,Online,Consumer,7,32.42,0.1,132.76,87.19,45.57,9.0,1.0
1863,2025-10-06,North,Accessories,Retail,Consumer,1,111.9,0.1,65.46,38.47,26.99,8.0,
1889,2025-10-06,West,Apparel,Online,Corporate,8,34.81,0.1,162.91,102.94,59.97,7.0,
2752,2025-10-06,East,Footwear,Online,Corporate,4,67.71,0.0,176.05,114.18,61.87,12.0,3.0
4215,2025-10-06,North,Footwear,Retail,Consumer,7,83.63,0.0,380.52,235.13,145.39,3.0,3.0
4231,2025-10-06,West,Footwear,Retail,Consumer,1,106.46,0.05,65.74,40.29,25.45,11.0,1.0
630,2025-10-07,East,Footwear,Online,Consumer,9,48.99,0.0,286.59,178.81,107.78,6.0,2.0
3487,2025-10-07,South,Footwear,Online,Consumer,5,34.19,0.1,100.01,54.11,45.9,3.0,3.0
3935,2025-10-07,West,Footwear,Online,Corporate,2,48.31,0.0,62.8,36.23,26.57,7.0,2.0
459,2025-10-08,West,Apparel,Online,Corporate,6,18.34,0.0,71.53,47.66,23.87,,2.0
910,2025-10-08,East,Footwear,Retail,Corporate,5,115.75,0.0,376.19,250.12,126.07,2.0,1.0
1110,2025-10-08,West,Footwear,Online,Consumer,1,44.24,0.15,24.44,15.74,8.7,,1.0
3979,2025-10-08,North,Footwear,Online,Home Office,11,104.52,0.0,747.32,453.55,293.77,11.0,2.0
4706,2025-10-08,North,Apparel,Online,Home Office,3,79.02,0.05,146.38,82.67,63.71,7.0,2.0
4849,2025-10-08,East,Footwear,Retail,Consumer,1,90.28,0.1,52.81,32.63,20.18,2.0,3.0
1359,2025-10-09,West,Footwear,Retail,Home Office,2,37.12,0.05,45.84,27.52,18.32,7.0,2.0
1492,2025-10-09,North,Footwear,Wholesale,Corporate,302,104.36,0.0,20485.87,13251.97,7233.9,11.0,4.0
2818,2025-10-09,East,Apparel,Retail,Home Office,1,32.86,0.0,21.36,12.98,8.38,5.0,2.0
3178,2025-10-09,North,Accessories,Retail,Home Office,9,40.84,0.05,226.97,139.82,87.15,,1.0
4147,2025-10-09,East,Footwear,Retail,Consumer,6,68.99,0.1,242.15,134.59,107.56,6.0,4.0
4726,2025-10-09,West,Apparel,Online,Consumer,2,7.34,0.05,9.06,5.84,3.22,5.0,5.0
978,2025-10-10,East,Footwear,Retail,Consumer,9,61.77,0.05,343.29,219.36,123.93,3.0,
1635,2025-10-10,North,Apparel,Retail,Consumer,6,53.1,0.25,155.32,98.67,56.65,1.0,5.0
2658,2025-10-10,West,Apparel,Retail,Consumer,4,27.9,0.1,65.29,42.28,23.01,10.0,4.0
3414,2025-10-10,East,Accessories,Online,Consumer,3,26.87,0.0,52.4,30.27,22.13,5.0,3.0
912,2025-10-11,West,Outerwear,Retail,Corporate,11,158.1,0.05,1073.89,590.5,483.39,3.0,5.0
2351,2025-10-11,South,Accessories,Online,Home Office,5,50.18,0.1,146.78,92.74,54.04,,5.0
3384,2025-10-11,East,Apparel,Online,Corporate,2,12.85,0.25,12.53,7.8,4.73,4.0,
4708,2025-10-11,South,Accessories,Online,Consumer,5,51.25,0.15,141.58,87.08,54.5,,2.0
1,2025-10-12,West,Outerwear,Online,Consumer,5,106.34,0.0,345.6,229.81,115.79,1.0,
2220,2025-10-12,East,Accessories,Online,Home Office,2,33.61,0.0,43.69,24.95,18.74,,2.0
2969,2025-10-12,West,Apparel,Online,Consumer,11,34.95,0.15,212.41,127.2,85.21,14.0,5.0
3006,2025-10-12,North,Footwear,Wholesale,Corporate,107,65.7,0.1,4112.49,2167.65,1944.84,14.0,3.0
3033,2025-10-12,West,Apparel,Wholesale,Consumer,85,90.25,0.0,4986.31,3297.82,1688.49,14.0,2.0
3197,2025-10-12,West,Outerwear,Online,Consumer,5,31.95,0.15,88.26,51.77,36.49,1.0,2.0
4485,2025-10-12,North,Footwear,Online,Corporate,7,39.33,0.0,178.95,116.43,62.52,6.0,5.0
4598,2025-10-12,East,Accessories,Retail,Consumer,6,77.37,0.0,301.74,189.01,112.73,1.0,2.0
248,2025-10-13,North,Footwear,Retail,Home Office,6,37.5,0.0,146.25,96.61,49.64,5.0,1.0
340,2025-10-13,North,Footwear,Online,Consumer,2,92.89,0.1,108.68,66.33,42.35,12.0,3.0
2362,2025-10-13,South,Apparel,Retail,Home Office,5,47.66,0.1,139.41,87.31,52.1,13.0,
1172,2025-10-14,East,Footwear,Online,Consumer,3,27.57,0.0,53.76,33.06,20.7,12.0,3.0
1688,2025-10-14,East,Footwear,Online,Corporate,7,46.69,0.15,180.57,107.52,73.05,7.0,4.0
3404,2025-10-14,West,Apparel,Online,Consumer,4,22.24,0.1,52.04,31.39,20.65,9.0,5.0
3499,2025-10-14,West,Apparel,Online,Consumer,3,58.36,0.0,113.8,73.96,39.84,9.0,
3523,2025-10-14,West,Footwear,Online,Consumer,7,42.47,0.0,193.24,116.14,77.1,8.0,2.0
604,2025-10-15,North,Apparel,Wholesale,Corporate,191,41.5,0.1,4637.0,2881.56,1755.44,13.0,
713,2025-10-15,East,Apparel,Online,Corporate,4,99.22,0.0,257.97,152.73,105.24,1.0,
1922,2025-10-15,West,Apparel,Retail,Home Office,1,60.78,0.0,39.51,26.52,12.99,11.0,5.0
2195,2025-10-15,East,Accessories,Online,Consumer,8,67.77,0.05,334.78,213.59,121.19,8.0,3.0
2499,2025-10-15,East,Accessories,Online,Consumer,2,35.42,0.05,43.74,28.11,15.63,1.0,4.0
2563,2025-10-15,East,Apparel,Online,Corporate,2,27.64,0.15,30.54,20.45,10.09,13.0,4.0
2770,2025-10-15,North,Apparel,Retail,Consumer,11,74.57,0.05,506.52,299.36,207.16,10.0,1.0
3423,2025-10-15,South,Apparel,Retail,Home Office,10,17.16,0.05,105.96,75.67,30.29,2.0,2.0
3536,2025-10-15,North,Apparel,Wholesale,Consumer,266,57.36,0.0,9917.54,5584.69,4332.85,7.0,4.0
1587,2025-10-16,South,Accessories,Retail,Consumer,9,37.98,0.15,188.86,121.26,67.6,10.0,
1614,2025-10-16,East,Accessories,Online,Consumer,11,147.27,0.1,947.68,554.75,392.93,1.0,4.0
1906,2025-10-16,South,Apparel,Online,Consumer,2,24.26,0.1,28.38,17.4,10.98,4.0,2.0
2290,2025-10-16,East,Footwear,Retail,Consumer,8,31.67,0.0,164.68,100.2,64.48,9.0,2.0
2465,2025-10-16,South,Footwear,Online,Consumer,3,140.44,0.0,273.86,159.17,114.69,13.0,4.0
2552,2025-10-16,South,Footwear,Wholesale,Corporate,325,69.15,0.0,14607.94,9062.83,5545.11,14.0,3.0
3086,2025-10-16,North,Outerwear,Retail,Consumer,5,17.18,0.0,55.84,34.2,21.64,6.0,5.0
3183,2025-10-16,East,Outerwear,Online,Consumer,2,86.43,0.0,112.36,72.56,39.8,4.0,
4896,2025-10-16,East,Apparel,Online,Corporate,5,32.41,0.05,100.07,61.06,39.01,11.0,4.0
1355,2025-10-17,North,Apparel,Wholesale,Consumer,222,63.15,0.0,9112.54,5619.62,3492.92,12.0,4.0
1656,2025-10-17,West,Accessories,Wholesale,Consumer,51,81.66,0.25,2030.27,1252.31,777.96,10.0,1.0
1692,2025-10-17,West,Accessories,Online,Consumer,2,30.5,0.0,39.65,22.1,17.55,14.0,3.0
1850,2025-10-17,West,Apparel,Online,Consumer,4,66.61,0.25,129.89,78.54,51.35,11.0,1.0
2017,2025-10-17,North,Apparel,Online,Home Office,8,67.98,0.0,353.5,207.76,145.74,1.0,5.0
2434,2025-10-17,South,Footwear,Retail,Consumer,2,17.19,0.1,20.11,12.13,7.98,7.0,1.0
3052,2025-10-17,East,Apparel,Online,Home Office,6,39.09,0.1,137.21,93.63,43.58,8.0,
3779,2025-10-17,West,Apparel,Online,Consumer,2,17.21,0.15,19.02,10.99,8.03,14.0,
4242,2025-10-17,South,Accessories,Retail,Consumer,8,106.47,0.25,415.23,261.83,153.4,12.0,3.0
848,2025-10-18,North,Apparel,Retail,Consumer,6,35.02,0.05,129.75,71.91,57.84,3.0,4.0
1247,2025-10-18,South,Outerwear,Online,Consumer,11,26.91,0.0,192.41,114.2,78.21,3.0,
1948,2025-10-18,East,Apparel,Online,Corporate,8,38.25,0.0,198.9,107.43,91.47,6.0,4.0
2404,2025-10-18,South,Apparel,Online,Consumer,5,40.27,0.0,130.88,79.47,51.41,6.0,1.0
3203,2025-10-18,South,Accessories,Online,Corporate,2,53.98,0.0,70.17,47.35,22.82,1.0,1.0
3842,2025-10-18,East,Apparel,Online,Consumer,10,53.24,0.15,294.15,180.72,113.43,8.0,2.0
3945,2025-10-18,West,Footwear,Retail,Consumer,7,24.28,0.25,82.86,45.73,37.13,13.0,5.0
4478,2025-10-18,South,Footwear,Online,Corporate,6,110.63,0.0,431.46,299.74,131.72,6.0,5.0
4696,2025-10-18,West,Footwear,Online,Corporate,11,16.17,0.0,115.62,72.12,43.5,10.0,4.0
4997,2025-10-18,North,Accessories,Online,Consumer,8,56.13,0.0,291.88,175.5,116.38,12.0,4.0
627,2025-10-19,North,Outerwear,Retail,Consumer,9,102.58,0.25,450.07,295.68,154.39,2.0,4.0
893,2025-10-19,South,Outerwear,Wholesale,Consumer,95,67.6,0.0,4174.3,2695.92,1478.38,8.0,4.0
1530,2025-10-19,West,Footwear,Retail,Home Office,3,90.39,0.0,176.26,114.17,62.09,1.0,5.0
1802,2025-10-19,East,Accessories,Wholesale,Corporate,393,45.81,0.25,8776.62,5555.6,3221.02,1.0,1.0
2354,2025-10-19,North,Accessories,Online,Consumer,1,63.57,0.15,35.12,24.83,10.29,9.0,3.0
2562,2025-10-19,West,Outerwear,Online,Consumer,7,36.65,0.0,166.76,82.01,84.75,3.0,3.0
3303,2025-10-19,North,Apparel,Retail,Consumer,7,52.68,0.0,239.69,161.62,78.07,6.0,4.0
4115,2025-10-19,East,Outerwear,Wholesale,Corporate,113,104.34,0.0,7663.77,4908.62,2755.15,,
4310,2025-10-19,West,Outerwear,Retail,Consumer,5,156.37,0.05,482.79,329.13,153.66,8.0,2.0
4629,2025-10-19,West,Apparel,Wholesale,Corporate,354,57.12,0.05,12486.15,8461.83,4024.32,2.0,2.0
4713,2025-10-19,East,Accessories,Wholesale,Corporate,271,60.97,0.1,9665.88,6051.04,3614.84,11.0,1.0
4832,2025-10-19,South,Footwear,Retail,Corporate,6,36.26,0.0,141.41,81.17,60.24,7.0,4.0
1240,2025-10-20,West,Apparel,Retail,Consumer,6,70.99,0.1,249.17,156.02,93.15,3.0,3.0
2310,2025-10-20,West,Apparel,Wholesale,Consumer,47,69.17,0.0,2113.14,1450.23,662.91,2.0,2.0
2558,2025-10-20,South,Footwear,Retail,Consumer,6,20.62,0.1,72.38,46.26,26.12,12.0,
3059,2025-10-20,North,Footwear,Retail,Corporate,8,83.74,0.0,435.45,239.32,196.13,10.0,5.0
4787,2025-10-20,North,Accessories,Retail,Consumer,6,75.42,0.15,250.02,148.36,101.66,2.0,
416,2025-10-21,South,Footwear,Online,Corporate,5,18.69,0.25,45.56,28.62,16.94,,2.0
508,2025-10-21,West,Apparel,Online,Consumer,11,47.64,0.1,306.56,192.09,114.47,14.0,4.0
1335,2025-10-21,East,Apparel,Online,Home Office,2,64.21,0.0,83.47,48.79,34.68,1.0,2.0
1506,2025-10-21,South,Accessories,Wholesale,Consumer,162,33.05,0.05,3306.16,2071.32,1234.84,12.0,1.0
4265,2025-10-21,South,Apparel,Online,Consumer,10,92.64,0.1,541.94,322.71,219.23,2.0,2.0
4882,2025-10-21,North,Apparel,Online,Consumer,9,37.28,0.0,218.09,142.51,75.58,10.0,
457,2025-10-22,East,Footwear,Wholesale,Consumer,62,34.4,0.0,1386.32,799.28,587.04,4.0,2.0
1116,2025-10-22,North,Accessories,Retail,Consumer,6,29.58,0.0,115.36,66.37,48.99,14.0,2.0
1976,2025-10-22,North,Apparel,Online,Corporate,7,93.7,0.05,405.02,279.31,125.71,4.0,5.0
2733,2025-10-22,South,Apparel,Retail,Consumer,7,30.8,0.0,140.14,81.67,58.47,10.0,5.0
3143,2025-10-22,South,Footwear,Online,Corporate,2,44.9,0.0,58.37,36.74,21.63,12.0,2.0
233,2025-10-23,South,Accessories,Online,Consumer,4,22.63,0.0,58.84,32.79,26.05,11.0,3.0
2650,2025-10-23,South,Apparel,Wholesale,Corporate,75,67.67,0.1,2969.02,1889.05,1079.97,14.0,5.0
2814,2025-10-23,South,Accessories,Online,Corporate,5,11.27,0.05,34.8,25.17,9.63,8.0,1.0
3433,2025-10-23,North,Footwear,Online,Corporate,2,50.56,0.1,59.16,35.06,24.1,8.0,4.0
3613,2025-10-23,South,Accessories,Wholesale,Consumer,76,134.76,0.0,6657.14,4040.11,2617.03,,3.0
3676,2025-10-23,South,Apparel,Online,Consumer,7,56.79,0.05,245.47,160.18,85.29,7.0,4.0
4139,2025-10-23,West,Apparel,Retail,Consumer,5,22.32,0.1,65.29,35.99,29.3,,5.0
4705,2025-10-23,South,Apparel,Retail,Consumer,1,65.43,0.0,42.53,27.8,14.73,8.0,4.0
609,2025-10-24,South,Accessories,Retail,Consumer,7,49.6,0.15,191.83,121.89,69.94,10.0,2.0
1167,2025-10-24,East,Apparel,Online,Consumer,3,52.97,0.0,103.29,63.82,39.47,5.0,1.0
2916,2025-10-24,North,Accessories,Online,Consumer,2,35.93,0.0,46.71,26.61,20.1,1.0,1.0
3302,2025-10-24,South,Apparel,Retail,Corporate,1,48.72,0.1,28.5,18.41,10.09,11.0,1.0
3632,2025-10-24,West,Accessories,Retail,Consumer,1,21.75,0.0,14.14,9.39,4.75,13.0,5.0
463,2025-10-25,North,Outerwear,Online,Consumer,8,74.37,0.1,348.05,229.97,118.08,13.0,3.0
541,2025-10-25,South,Footwear,Retail,Consumer,11,27.49,0.05,186.73,121.56,65.17,14.0,
815,2025-10-25,East,Footwear,Online,Consumer,3,91.11,0.05,168.78,106.24,62.54,14.0,
1398,2025-10-25,South,Apparel,Online,Home Office,8,33.81,0.1,158.23,101.08,57.15,7.0,2.0
3258,2025-10-25,South,Accessories,Retail,Consumer,2,28.42,0.0,36.95,22.65,14.3,5.0,1.0
3535,2025-10-25,South,Accessories,Online,Consumer,11,23.74,0.15,144.28,84.49,59.79,11.0,4.0
3558,2025-10-25,South,Apparel,Online,Consumer,7,55.56,0.1,227.52,152.74,74.78,12.0,1.0
88,2025-10-26,North,Accessories,Wholesale,Consumer,224,34.12,0.1,4471.08,2860.38,1610.7,,2.0
990,2025-10-26,South,Footwear,Online,Home Office,2,83.91,0.0,109.08,72.07,37.01,7.0,
1289,2025-10-26,East,Footwear,Online,Home Office,5,26.59,0.05,82.1,51.1,31.0,10.0,1.0
2827,2025-10-26,North,Apparel,Online,Consumer,9,49.63,0.0,290.34,201.02,89.32,9.0,5.0
2952,2025-10-26,East,Outerwear,Retail,Consumer,9,31.97,0.15,158.97,98.31,60.66,14.0,5.0
3051,2025-10-26,South,Accessories,Retail,Consumer,9,60.42,0.0,353.46,217.93,135.53,6.0,5.0
589,2025-10-27,North,Apparel,Online,Consumer,11,34.48,0.0,246.53,142.49,104.04,14.0,
1504,2025-10-27,West,Accessories,Retail,Consumer,11,76.41,0.1,491.7,319.24,172.46,8.0,
2306,2025-10-27,East,Apparel,Retail,Home Office,5,74.85,0.0,243.26,147.41,95.85,3.0,3.0
1964,2025-10-28,West,Apparel,Online,Consumer,3,43.98,0.0,85.76,56.79,28.97,5.0,
2475,2025-10-28,West,Accessories,Retail,Consumer,4,47.37,0.0,123.16,75.22,47.94,8.0,4.0
2682,2025-10-28,East,Accessories,Retail,Corporate,8,63.07,0.1,295.17,179.3,115.87,5.0,2.0
3113,2025-10-28,North,Footwear,Online,Corporate,10,81.01,0.0,526.57,307.24,219.33,1.0,5.0
4281,2025-10-28,East,Outerwear,Online,Corporate,3,67.9,0.05,125.78,81.16,44.62,,
4375,2025-10-28,East,Apparel,Online,Consumer,7,39.75,0.0,180.86,125.15,55.71,4.0,4.0
42,2025-10-29,West,Apparel,Online,Home Office,11,32.48,0.05,220.62,141.76,78.86,8.0,2.0
130,2025-10-29,East,Accessories,Wholesale,Consumer,258,43.74,0.0,7335.2,4362.11,2973.09,4.0,1.0
707,2025-10-29,West,Footwear,Online,Consumer,2,61.18,0.15,67.6,39.74,27.86,2.0,1.0
1717,2025-10-29,South,Apparel,Wholesale,Corporate,219,34.02,0.0,4842.75,2965.22,1877.53,5.0,
1871,2025-10-29,West,Footwear,Retail,Consumer,3,59.65,0.15,98.87,68.91,29.96,9.0,
1904,2025-10-29,North,Footwear,Online,Corporate,11,127.15,0.1,818.21,518.26,299.95,9.0,1.0
2169,2025-10-29,North,Accessories,Retail,Corporate,1,44.52,0.0,28.94,17.92,11.02,9.0,4.0
2422,2025-10-29,South,Outerwear,Wholesale,Consumer,80,21.95,0.1,1027.26,616.19,411.07,6.0,5.0
2571,2025-10-29,East,Outerwear,Retail,Corporate,8,80.53,0.05,397.82,267.78,130.04,14.0,3.0
2763,2025-10-29,West,Outerwear,Wholesale,Consumer,399,191.1,0.0,49561.78,31569.11,17992.67,7.0,4.0
3007,2025-10-29,North,Footwear,Online,Consumer,3,34.32,0.1,60.23,35.26,24.97,10.0,5.0
3020,2025-10-29,North,Accessories,Online,Corporate,11,10.11,0.0,72.29,43.12,29.17,12.0,5.0
3260,2025-10-29,East,Footwear,Retail,Corporate,5,32.79,0.05,101.24,56.83,44.41,7.0,1.0
3759,2025-10-29,East,Accessories,Online,Consumer,8,36.55,0.1,171.05,101.34,69.71,1.0,5.0
4707,2025-10-29,East,Footwear,Retail,Consumer,5,45.46,0.05,140.36,93.02,47.34,2.0,3.0
855,2025-10-30,South,Footwear,Wholesale,Consumer,200,97.86,0.0,12721.8,8040.79,4681.01,4.0,2.0
946,2025-10-30,North,Accessories,Online,Corporate,3,44.43,0.0,86.64,51.69,34.95,5.0,5.0
1109,2025-10-30,South,Apparel,Retail,Consumer,3,45.48,0.0,88.69,53.25,35.44,1.0,3.0
2445,2025-10-30,East,Accessories,Online,Corporate,11,52.18,0.25,279.82,169.3,110.52,13.0,3.0
4190,2025-10-30,South,Apparel,Online,Consumer,3,25.8,0.0,50.31,28.47,21.84,9.0,4.0
4262,2025-10-30,East,Footwear,Online,Consumer,7,78.02,0.05,337.24,204.82,132.42,4.0,
4747,2025-10-30,North,Apparel,Retail,Corporate,9,39.95,0.0,233.71,154.2,79.51,,5.0
1031,2025-10-31,East,Apparel,Online,Consumer,3,69.72,0.0,135.95,79.45,56.5,13.0,1.0
1461,2025-10-31,East,Accessories,Retail,Consumer,11,65.24,0.0,466.47,328.82,137.65,2.0,
1933,2025-10-31,North,Footwear,Retail,Consumer,10,31.81,0.0,206.76,126.32,80.44,,4.0
2260,2025-10-31,East,Apparel,Online,Corporate,4,29.71,0.1,69.52,41.25,28.27,10.0,1.0
2605,2025-10-31,West,Accessories,Wholesale,Consumer,372,46.2,0.05,10612.6,6320.45,4292.15,13.0,4.0
2670,2025-10-31,East,Footwear,Retail,Consumer,7,86.54,0.05,374.07,252.98,121.09,4.0,
3450,2025-10-31,South,Outerwear,Retail,Consumer,6,28.5,0.05,105.59,64.09,41.5,4.0,3.0
3860,2025-10-31,South,Apparel,Online,Consumer,9,28.12,0.0,164.5,98.37,66.13,12.0,
4592,2025-10-31,West,Outerwear,Online,Home Office,4,36.57,0.05,90.33,59.42,30.91,3.0,3.0
3349,2025-11-01,West,Outerwear,Online,Consumer,10,133.82,0.0,932.58,548.83,383.75,11.0,2.0
980,2025-11-02,North,Apparel,Online,Consumer,7,61.13,0.1,268.39,164.89,103.5,4.0,3.0
1064,2025-11-02,West,Footwear,Online,Home Office,9,216.63,0.0,1358.71,909.2,449.51,13.0,
1471,2025-11-02,East,Accessories,Retail,Consumer,1,74.11,0.1,46.48,26.0,20.48,4.0,1.0
1723,2025-11-02,North,Accessories,Online,Corporate,11,52.09,0.0,399.31,218.13,181.18,5.0,5.0
3190,2025-11-02,North,Apparel,Wholesale,Corporate,111,54.6,0.1,3801.22,2480.47,1320.75,2.0,2.0
3435,2025-11-02,East,Apparel,Retail,Consumer,9,38.29,0.0,240.16,141.54,98.62,,5.0
3692,2025-11-02,East,Apparel,Retail,Home Office,5,53.05,0.0,184.85,115.83,69.02,11.0,1.0
3959,2025-11-02,West,Apparel,Online,Consumer,3,67.63,0.05,134.32,81.27,53.05,3.0,4.0
4976,2025-11-02,East,Footwear,Retail,Consumer,10,19.92,0.0,138.82,86.62,52.2,6.0,4.0
610,2025-11-03,West,Accessories,Online,Consumer,2,38.99,0.15,46.19,31.84,14.35,2.0,1.0
734,2025-11-03,West,Footwear,Retail,Consumer,5,31.52,0.0,109.83,57.42,52.41,4.0,2.0
863,2025-11-03,West,Footwear,Retail,Corporate,2,56.59,0.0,78.87,46.66,32.21,1.0,
1087,2025-11-03,North,Accessories,Wholesale,Corporate,190,60.93,0.05,7664.31,4531.72,3132.59,13.0,4.0
2602,2025-11-03,East,Apparel,Online,Consumer,9,100.44,0.15,535.47,295.36,240.11,1.0,
3411,2025-11-03,East,Accessories,Online,Consumer,1,44.7,0.0,31.15,18.11,13.04,1.0,5.0
3834,2025-11-03,West,Accessories,Online,Corporate,2,78.86,0.15,93.43,55.63,37.8,,1.0
4786,2025-11-03,South,Footwear,Online,Consumer,4,36.11,0.0,100.66,57.64,43.02,3.0,
4843,2025-11-03,West,Footwear,Retail,Consumer,4,84.82,0.0,236.44,146.62,89.82,12.0,5.0
385,2025-11-04,East,Apparel,Wholesale,Consumer,170,25.5,0.15,2567.87,1599.59,968.28,4.0,
1259,2025-11-04,West,Outerwear,Online,Corporate,9,43.83,0.1,247.41,160.49,86.92,1.0,2.0
1921,2025-11-04,North,Footwear,Online,Consumer,8,11.98,0.05,63.45,39.61,23.84,9.0,1.0
1971,2025-11-04,South,Apparel,Wholesale,Consumer,147,86.15,0.05,8384.19,4517.02,3867.17,2.0,5.0
2844,2025-11-04,North,Accessories,Retail,Consumer,3,85.83,0.05,170.47,113.29,57.18,11.0,4.0
2983,2025-11-04,South,Accessories,Retail,Consumer,1,66.95,0.0,46.66,29.35,17.31,1.0,5.0
3567,2025-11-04,North,Footwear,Online,Consumer,3,19.94,0.05,39.6,25.48,14.12,13.0,2.0
3957,2025-11-04,South,Outerwear,Online,Corporate,4,74.6,0.0,207.95,134.21,73.74,5.0,2.0
4009,2025-11-04,North,Apparel,Online,Consumer,6,18.61,0.05,73.92,46.79,27.13,5.0,
4078,2025-11-04,West,Accessories,Online,Corporate,7,157.36,0.0,767.64,465.69,301.95,10.0,5.0
635,2025-11-05,West,Apparel,Online,Home Office,8,80.13,0.1,402.06,231.74,170.32,10.0,4.0
1458,2025-11-05,East,Footwear,Online,Consumer,5,42.39,0.0,147.71,86.93,60.78,,
1515,2025-11-05,North,Apparel,Retail,Consumer,5,36.38,0.0,126.76,85.82,40.94,3.0,4.0
1560,2025-11-05,East,Footwear,Wholesale,Corporate,336,86.41,0.1,18210.03,11582.64,6627.39,9.0,
2557,2025-11-05,North,Footwear,Online,Corporate,10,99.88,0.0,696.05,430.09,265.96,14.0,2.0
3315,2025-11-05,North,Accessories,Retail,Consumer,10,36.61,0.0,255.13,168.04,87.09,5.0,5.0
3938,2025-11-05,South,Apparel,Online,Consumer,10,27.36,0.0,190.67,119.37,71.3,5.0,2.0
4034,2025-11-05,South,Apparel,Retail,Consumer,5,45.19,0.25,118.1,86.17,31.93,6.0,5.0
1452,2025-11-06,South,Outerwear,Online,Corporate,2,52.47,0.0,73.13,46.58,26.55,13.0,3.0
4937,2025-11-06,South,Footwear,Retail,Consumer,8,83.15,0.1,417.21,281.59,135.62,8.0,1.0
113,2025-11-07,East,Apparel,Online,Consumer,6,84.43,0.05,335.38,218.34,117.04,3.0,3.0
373,2025-11-07,West,Outerwear,Online,Home Office,3,80.6,0.1,151.66,102.09,49.57,6.0,2.0
1183,2025-11-07,North,Apparel,Online,Corporate,9,71.89,0.05,428.35,249.03,179.32,13.0,2.0
1496,2025-11-07,East,Accessories,Wholesale,Consumer,320,73.99,0.05,15675.14,9029.1,6646.04,4.0,4.0
1583,2025-11-07,South,Accessories,Online,Consumer,7,38.48,0.05,178.33,120.03,58.3,5.0,1.0
1739,2025-11-07,East,Accessories,Online,Home Office,5,39.87,0.05,131.98,79.98,52.0,12.0,5.0
1817,2025-11-07,East,Outerwear,Retail,Consumer,11,80.6,0.0,617.86,370.86,247.0,1.0,2.0
2176,2025-11-07,North,Outerwear,Wholesale,Consumer,216,164.0,0.0,24686.67,15638.52,9048.15,1.0,
2383,2025-11-07,East,Apparel,Retail,Consumer,11,52.8,0.0,404.75,247.76,156.99,11.0,3.0
2762,2025-11-07,West,Outerwear,Retail,Corporate,2,31.12,0.0,43.37,27.13,16.24,13.0,
4206,2025-11-07,North,Footwear,Online,Corporate,4,49.4,0.25,103.28,63.16,40.12,,
1198,2025-11-08,East,Footwear,Online,Home Office,4,41.92,0.1,105.17,62.38,42.79,5.0,3.0
1418,2025-11-08,North,Apparel,Wholesale,Corporate,298,66.1,0.0,13727.22,8755.15,4972.07,8.0,1.0
2129,2025-11-08,North,Accessories,Online,Consumer,7,59.95,0.0,292.45,174.42,118.03,5.0,4.0
3075,2025-11-08,East,Outerwear,Retail,Consumer,8,33.8,0.0,188.44,117.09,71.35,14.0,
3245,2025-11-08,South,Accessories,Retail,Consumer,7,44.86,0.0,218.84,129.67,89.17,6.0,5.0
3822,2025-11-08,South,Apparel,Online,Consumer,4,23.95,0.05,63.42,39.76,23.66,6.0,5.0
4214,2025-11-08,North,Apparel,Online,Consumer,11,63.22,0.15,411.94,258.08,153.86,9.0,4.0
4496,2025-11-08,West,Accessories,Retail,Consumer,4,120.68,0.05,319.58,196.39,123.19,1.0,1.0
241,2025-11-09,South,Footwear,Retail,Corporate,8,78.68,0.05,416.72,243.16,173.56,6.0,1.0
1244,2025-11-09,East,Footwear,Online,Home Office,11,76.54,0.0,586.74,377.82,208.92,3.0,2.0
1693,2025-11-09,South,Footwear,Retail,Corporate,5,23.14,0.15,68.54,46.04,22.5,10.0,4.0
1776,2025-11-09,West,Apparel,Retail,Consumer,8,63.74,0.0,355.36,207.1,148.26,4.0,2.0
3651,2025-11-09,West,Outerwear,Retail,Consumer,2,99.16,0.0,138.21,85.69,52.52,11.0,1.0
3717,2025-11-09,South,Footwear,Online,Consumer,7,69.11,0.0,337.14,207.09,130.05,,1.0
4432,2025-11-09,South,Apparel,Wholesale,Consumer,283,97.33,0.0,19195.44,11665.46,7529.98,12.0,
111,2025-11-10,North,Accessories,Online,Corporate,4,76.81,0.05,203.41,136.58,66.83,1.0,4.0
1752,2025-11-10,East,Apparel,Online,Consumer,4,97.14,0.0,270.78,163.8,106.98,7.0,5.0
1982,2025-11-10,West,Footwear,Wholesale,Consumer,398,68.34,0.05,18007.22,10989.72,7017.5,7.0,1.0
4001,2025-11-10,North,Apparel,Online,Consumer,5,23.99,0.0,83.59,45.57,38.02,4.0,
8,2025-11-11,East,Apparel,Online,Corporate,7,50.33,0.0,245.52,137.51,108.01,,
471,2025-11-11,South,Footwear,Retail,Corporate,10,19.79,0.1,124.12,70.06,54.06,13.0,
570,2025-11-11,South,Footwear,Retail,Consumer,8,101.14,0.0,563.87,365.55,198.32,14.0,
1387,2025-11-11,East,Accessories,Online,Consumer,5,39.86,0.1,125.0,76.75,48.25,7.0,3.0
1534,2025-11-11,East,Footwear,Retail,Consumer,4,116.27,0.0,324.11,194.36,129.75,8.0,2.0
2440,2025-11-11,South,Footwear,Online,Consumer,7,36.41,0.0,177.62,105.78,71.84,3.0,2.0
2561,2025-11-11,South,Apparel,Retail,Consumer,6,64.46,0.0,269.53,172.43,97.1,6.0,3.0
2790,2025-11-11,South,Apparel,Online,Corporate,2,61.64,0.0,85.91,55.95,29.96,13.0,
3544,2025-11-11,East,Apparel,Online,Corporate,10,47.66,0.0,332.14,208.93,123.21,8.0,2.0
4285,2025-11-11,West,Footwear,Online,Consumer,6,40.76,0.05,161.91,103.78,58.13,6.0,1.0
4527,2025-11-11,East,Accessories,Retail,Consumer,4,45.74,0.1,114.75,66.89,47.86,10.0,
36,2025-11-12,South,Outerwear,Online,Consumer,9,80.15,0.0,502.7,299.07,203.63,3.0,5.0
1123,2025-11-12,East,Apparel,Online,Corporate,5,67.39,0.0,234.82,149.83,84.99,5.0,5.0
1404,2025-11-12,East,Footwear,Online,Consumer,10,55.71,0.0,388.24,229.31,158.93,8.0,
2184,2025-11-12,West,Apparel,Online,Consumer,2,48.43,0.0,67.5,41.42,26.08,3.0,2.0
4570,2025-11-12,North,Apparel,Online,Corporate,4,69.45,0.05,183.92,108.36,75.56,9.0,1.0
118,2025-11-13,South,Outerwear,Retail,Home Office,6,39.19,0.05,155.67,89.96,65.71,4.0,4.0
173,2025-11-13,North,Outerwear,Retail,Corporate,3,19.17,0.05,38.07,23.51,14.56,9.0,1.0
856,2025-11-13,North,Footwear,Online,Consumer,11,112.96,0.15,736.04,464.82,271.22,3.0,2.0
994,2025-11-13,East,Accessories,Retail,Consumer,9,47.14,0.0,295.66,189.16,106.5,10.0,
1706,2025-11-13,South,Footwear,Retail,Corporate,9,60.41,0.0,378.89,218.69,160.2,6.0,
2063,2025-11-13,North,Outerwear,Online,Consumer,8,18.73,0.0,104.42,55.43,48.99,6.0,
2457,2025-11-13,East,Apparel,Retail,Consumer,7,27.46,0.15,113.86,59.44,54.42,10.0,5.0
3852,2025-11-13,West,Footwear,Retail,Consumer,11,32.51,0.1,224.29,150.54,73.75,4.0,3.0
4735,2025-11-13,North,Accessories,Online,Consumer,3,72.12,0.05,143.24,85.19,58.05,,
26,2025-11-14,South,Outerwear,Retail,Consumer,8,72.02,0.0,401.52,262.46,139.06,11.0,3.0
558,2025-11-14,East,Accessories,Retail,Consumer,6,88.63,0.1,333.53,210.83,122.7,3.0,
1695,2025-11-14,South,Accessories,Online,Home Office,1,20.39,0.1,12.79,8.35,4.44,1.0,
1870,2025-11-14,West,Apparel,Retail,Corporate,10,28.11,0.0,195.9,114.14,81.76,2.0,1.0
2732,2025-11-14,West,Apparel,Online,Corporate,11,84.27,0.0,646.0,403.37,242.63,7.0,1.0
3185,2025-11-14,South,Accessories,Online,Consumer,11,47.58,0.15,310.03,171.43,138.6,2.0,
4424,2025-11-14,East,Footwear,Online,Corporate,6,56.95,0.0,238.13,147.86,90.27,4.0,
636,2025-11-15,South,Footwear,Online,Corporate,6,74.56,0.0,311.76,180.65,131.11,11.0,
1068,2025-11-15,South,Apparel,Retail,Consumer,6,41.44,0.0,173.28,113.15,60.13,6.0,5.0
1126,2025-11-15,East,Outerwear,Online,Consumer,6,78.76,0.05,312.86,209.76,103.1,1.0,4.0
2956,2025-11-15,North,Outerwear,Retail,Consumer,7,21.04,0.05,97.51,62.92,34.59,8.0,
4963,2025-11-15,West,Apparel,Online,Home Office,6,86.21,0.05,342.45,218.09,124.36,13.0,1.0
539,2025-11-16,West,Apparel,Wholesale,Corporate,78,71.66,0.0,3895.26,2518.51,1376.75,9.0,
1179,2025-11-16,South,Apparel,Retail,Corporate,7,84.49,0.05,391.55,250.08,141.47,14.0,5.0
2133,2025-11-16,West,Outerwear,Online,Consumer,7,21.0,0.05,97.32,59.21,38.11,9.0,2.0
2322,2025-11-16,North,Outerwear,Retail,Consumer,8,109.53,0.0,610.64,384.78,225.86,7.0,5.0
262,2025-11-17,North,Footwear,Online,Consumer,11,36.33,0.05,264.57,164.33,100.24,3.0,
336,2025-11-17,West,Outerwear,Wholesale,Consumer,379,57.92,0.25,11473.45,6782.08,4691.37,6.0,
347,2025-11-17,South,Outerwear,Retail,Corporate,4,97.6,0.0,272.07,158.58,113.49,7.0,2.0
2336,2025-11-17,West,Footwear,Online,Corporate,8,127.92,0.05,677.51,389.86,287.65,4.0,4.0
2559,2025-11-17,West,Outerwear,Online,Consumer,2,46.37,0.0,64.63,39.03,25.6,5.0,4.0
2890,2025-11-17,West,Footwear,Online,Corporate,7,58.67,0.05,271.9,152.61,119.29,10.0,3.0
3574,2025-11-17,East,Apparel,Retail,Consumer,1,15.37,0.0,10.71,6.76,3.95,11.0,5.0
3626,2025-11-17,East,Apparel,Retail,Consumer,7,94.13,0.0,459.19,237.77,221.42,,4.0
3881,2025-11-17,East,Outerwear,Online,Consumer,9,25.55,0.05,152.24,94.1,58.14,10.0,1.0
4118,2025-11-17,North,Apparel,Online,Consumer,4,75.35,0.0,210.04,128.09,81.95,10.0,2.0
4604,2025-11-17,West,Footwear,Online,Consumer,4,41.67,0.0,116.16,73.49,42.67,5.0,2.0
4886,2025-11-17,South,Accessories,Retail,Home Office,10,62.26,0.05,412.19,241.95,170.24,10.0,1.0
33,2025-11-18,West,Apparel,Online,Corporate,9,95.66,0.0,599.98,368.91,231.07,5.0,3.0
67,2025-11-18,South,Accessories,Retail,Corporate,10,75.16,0.1,471.41,275.41,196.0,5.0,5.0
455,2025-11-18,South,Apparel,Retail,Corporate,8,38.84,0.25,162.4,106.62,55.78,9.0,2.0
582,2025-11-18,North,Accessories,Wholesale,Consumer,141,44.22,0.05,4127.87,2818.59,1309.28,12.0,2.0
1890,2025-11-18,South,Apparel,Online,Consumer,3,42.7,0.0,89.27,57.12,32.15,,4.0
2674,2025-11-18,East,Apparel,Online,Corporate,9,59.61,0.0,373.88,234.81,139.07,9.0,3.0
2989,2025-11-18,East,Accessories,Online,Consumer,10,76.82,0.05,508.58,285.0,223.58,3.0,2.0
3189,2025-11-18,West,Footwear,Retail,Corporate,6,41.72,0.05,165.72,96.51,69.21,3.0,4.0
275,2025-11-19,West,Apparel,Online,Corporate,5,45.62,0.0,158.96,90.67,68.29,4.0,4.0
386,2025-11-19,North,Apparel,Retail,Consumer,1,41.95,0.0,29.23,16.12,13.11,12.0,3.0
2714,2025-11-19,East,Outerwear,Retail,Consumer,7,69.72,0.1,306.1,191.51,114.59,11.0,
2953,2025-11-19,South,Footwear,Wholesale,Home Office,112,56.99,0.15,3780.95,2391.03,1389.92,2.0,2.0
2966,2025-11-19,North,Accessories,Retail,Corporate,10,104.38,0.15,618.3,441.74,176.56,2.0,5.0
3615,2025-11-19,North,Apparel,Online,Home Office,10,45.12,0.05,298.72,176.05,122.67,14.0,2.0
3942,2025-11-19,East,Apparel,Retail,Home Office,8,39.59,0.1,198.65,126.79,71.86,2.0,4.0
4094,2025-11-19,West,Footwear,Retail,Corporate,11,46.55,0.0,356.84,226.81,130.03,2.0,2.0
60,2025-11-20,North,Outerwear,Retail,Corporate,7,77.41,0.05,358.74,209.43,149.31,3.0,3.0
4410,2025-11-20,West,Outerwear,Online,Consumer,1,95.53,0.0,66.57,40.3,26.27,14.0,
2079,2025-11-21,North,Apparel,Retail,Consumer,9,44.23,0.0,277.41,162.34,115.07,3.0,3.0
2791,2025-11-21,South,Outerwear,Online,Consumer,1,50.13,0.0,34.94,22.17,12.77,,2.0
2967,2025-11-21,West,Footwear,Online,Consumer,2,56.45,0.0,78.68,52.13,26.55,7.0,2.0
4741,2025-11-21,West,Apparel,Online,Consumer,1,37.96,0.0,26.45,16.09,10.36,6.0,2.0
66,2025-11-22,East,Accessories,Online,Corporate,1,48.59,0.1,30.48,16.82,13.66,,1.0
448,2025-11-22,South,Outerwear,Online,Corporate,8,52.79,0.05,279.6,182.13,97.47,14.0,1.0
1154,2025-11-22,East,Outerwear,Retail,Consumer,2,28.35,0.0,39.51,25.08,14.43,9.0,3.0
1466,2025-11-22,North,Apparel,Online,Home Office,8,149.46,0.05,791.6,507.73,283.87,5.0,
2319,2025-11-22,East,Footwear,Retail,Corporate,10,68.71,0.15,407.01,260.11,146.9,11.0,2.0
2449,2025-11-22,North,Accessories,Online,Consumer,5,65.27,0.0,227.43,125.99,101.44,6.0,4.0
2618,2025-11-22,East,Accessories,Wholesale,Corporate,67,85.22,0.05,3780.11,2599.67,1180.44,9.0,5.0
3004,2025-11-22,East,Accessories,Online,Consumer,10,43.69,0.0,304.47,201.66,102.81,11.0,5.0
3422,2025-11-22,North,Outerwear,Online,Consumer,3,108.99,0.1,205.08,124.0,81.08,6.0,5.0
4261,2025-11-22,North,Apparel,Wholesale,Corporate,335,17.25,0.0,4027.16,2436.18,1590.98,7.0,
4999,2025-11-22,North,Footwear,Online,Corporate,7,64.2,0.0,313.18,214.44,98.74,6.0,
1773,2025-11-23,West,Apparel,Online,Consumer,10,59.9,0.1,375.69,245.2,130.49,3.0,3.0
2747,2025-11-23,East,Apparel,Online,Consumer,2,42.7,0.0,59.51,38.3,21.21,1.0,1.0
3227,2025-11-23,South,Apparel,Online,Consumer,4,50.47,0.0,140.69,87.52,53.17,14.0,5.0
3947,2025-11-23,West,Apparel,Online,Consumer,5,24.99,0.05,82.72,51.33,31.39,13.0,
1057,2025-11-24,South,Footwear,Online,Consumer,1,31.84,0.05,21.08,13.24,7.84,6.0,1.0
1709,2025-11-24,North,Apparel,Wholesale,Consumer,237,69.15,0.05,10849.98,6558.5,4291.48,12.0,1.0
3105,2025-11-24,North,Apparel,Online,Corporate,3,30.42,0.0,63.6,37.03,26.57,8.0,5.0
4331,2025-11-24,North,Footwear,Retail,Consumer,11,26.74,0.1,184.49,124.57,59.92,5.0,
115,2025-11-25,West,Outerwear,Online,Consumer,1,26.3,0.0,18.33,10.22,8.11,14.0,
591,2025-11-25,North,Outerwear,Online,Home Office,10,69.15,0.0,481.9,270.47,211.43,,4.0
1181,2025-11-25,West,Outerwear,Online,Consumer,7,48.88,0.05,226.53,147.12,79.41,13.0,1.0
3491,2025-11-25,North,Apparel,Online,Corporate,9,54.69,0.1,308.72,205.27,103.45,12.0,1.0
3549,2025-11-25,North,Footwear,Online,Consumer,5,51.18,0.1,160.5,104.46,56.04,12.0,5.0
3899,2025-11-25,North,Footwear,Online,Consumer,8,74.88,0.0,417.47,242.51,174.96,7.0,4.0
4080,2025-11-25,North,Outerwear,Retail,Home Office,11,27.54,0.05,200.56,132.94,67.62,14.0,3.0
4928,2025-11-25,East,Footwear,Retail,Consumer,11,37.69,0.0,288.92,186.1,102.82,10.0,
796,2025-11-26,North,Accessories,Wholesale,Corporate,147,46.53,0.0,4766.67,3142.25,1624.42,13.0,3.0
1873,2025-11-26,North,Apparel,Online,Corporate,6,97.3,0.0,406.85,242.52,164.33,13.0,4.0
2251,2025-11-26,East,Footwear,Online,Consumer,6,31.9,0.0,133.38,85.59,47.79,3.0,4.0
3108,2025-11-26,North,Accessories,Online,Consumer,9,55.28,0.0,346.72,237.38,109.34,10.0,1.0
3382,2025-11-26,North,Apparel,Retail,Consumer,6,41.24,0.0,172.44,114.72,57.72,10.0,2.0
4045,2025-11-26,South,Apparel,Wholesale,Consumer,247,47.02,0.1,7284.29,4821.86,2462.43,4.0,4.0
4260,2025-11-26,West,Outerwear,Online,Consumer,1,109.31,0.05,72.37,51.78,20.59,1.0,1.0
25,2025-11-27,West,Outerwear,Online,Consumer,5,42.01,0.0,146.38,93.73,52.65,13.0,5.0
458,2025-11-27,West,Apparel,Online,Consumer,7,23.25,0.0,113.42,70.35,43.07,1.0,2.0
885,2025-11-27,North,Footwear,Retail,Consumer,5,44.28,0.1,138.86,79.23,59.63,8.0,4.0
928,2025-11-27,East,Outerwear,Online,Corporate,6,90.21,0.05,358.34,232.85,125.49,7.0,5.0
1545,2025-11-27,South,Outerwear,Retail,Consumer,9,53.56,0.1,302.34,196.55,105.79,11.0,1.0
2140,2025-11-27,East,Apparel,Online,Corporate,6,65.27,0.0,272.92,166.38,106.54,,5.0
2528,2025-11-27,West,Accessories,Retail,Consumer,5,19.51,0.0,67.98,42.67,25.31,14.0,4.0
3002,2025-11-27,South,Accessories,Retail,Corporate,3,113.17,0.05,224.77,130.63,94.14,6.0,3.0
3678,2025-11-27,North,Accessories,Online,Consumer,1,46.7,0.15,27.66,17.21,10.45,7.0,2.0
3699,2025-11-27,East,Outerwear,Wholesale,Consumer,271,12.16,0.0,2296.51,1344.06,952.45,,2.0
4041,2025-11-27,North,Apparel,Online,Consumer,3,45.68,0.0,95.5,55.66,39.84,5.0,4.0
4738,2025-11-27,South,Apparel,Online,Consumer,1,68.26,0.0,47.57,29.71,17.86,12.0,
2117,2025-11-28,North,Footwear,Retail,Home Office,1,41.08,0.05,27.2,17.22,9.98,3.0,
2359,2025-11-28,East,Outerwear,Online,Corporate,3,56.11,0.0,117.31,71.65,45.66,5.0,5.0
2384,2025-11-28,South,Outerwear,Online,Corporate,9,92.63,0.1,522.88,347.37,175.51,5.0,
2549,2025-11-28,West,Accessories,Online,Consumer,6,41.19,0.1,155.01,107.9,47.11,6.0,
3421,2025-11-28,East,Apparel,Online,Consumer,11,51.44,0.0,394.33,247.21,147.12,3.0,
3671,2025-11-28,West,Footwear,Wholesale,Consumer,129,29.37,0.0,2640.33,1642.93,997.4,10.0,2.0
3858,2025-11-28,South,Apparel,Online,Consumer,4,85.76,0.0,239.06,149.81,89.25,8.0,1.0
4004,2025-11-28,North,Footwear,Online,Consumer,9,26.71,0.0,167.53,112.09,55.44,9.0,4.0
4484,2025-11-28,South,Outerwear,Retail,Consumer,9,12.06,0.0,75.64,45.43,30.21,6.0,1.0
4702,2025-11-28,West,Accessories,Retail,Consumer,11,57.92,0.15,377.4,240.54,136.86,9.0,5.0
4955,2025-11-28,North,Outerwear,Retail,Corporate,1,20.85,0.0,14.53,9.55,4.98,10.0,4.0
372,2025-11-29,North,Footwear,Online,Consumer,8,51.69,0.0,288.18,195.1,93.08,13.0,4.0
482,2025-11-29,North,Footwear,Online,Consumer,3,33.4,0.0,69.83,42.07,27.76,1.0,1.0
786,2025-11-29,North,Apparel,Online,Corporate,9,18.7,0.1,105.56,72.34,33.22,12.0,4.0
1069,2025-11-29,South,Outerwear,Online,Consumer,6,27.18,0.15,96.6,65.16,31.44,2.0,3.0
2189,2025-11-29,East,Outerwear,Retail,Consumer,9,135.88,0.0,852.24,539.12,313.12,6.0,1.0
3410,2025-11-29,West,Footwear,Online,Consumer,4,81.64,0.0,227.58,138.17,89.41,6.0,3.0
3584,2025-11-29,South,Accessories,Online,Consumer,5,40.02,0.0,139.45,81.79,57.66,14.0,
4175,2025-11-29,South,Footwear,Online,Consumer,10,48.47,0.1,304.0,202.32,101.68,8.0,1.0
4876,2025-11-29,North,Accessories,Online,Consumer,10,104.76,0.0,730.06,471.72,258.34,7.0,5.0
142,2025-11-30,South,Footwear,Retail,Corporate,1,60.78,0.0,42.36,27.62,14.74,9.0,2.0
941,2025-11-30,West,Accessories,Online,Corporate,3,40.5,0.0,84.67,51.76,32.91,,1.0
1703,2025-11-30,East,Apparel,Online,Corporate,1,123.6,0.0,86.14,48.13,38.01,8.0,
1321,2025-12-01,South,Footwear,Retail,Corporate,8,80.73,0.0,532.82,305.68,227.14,3.0,
2034,2025-12-01,North,Accessories,Retail,Consumer,4,87.25,0.0,287.92,179.98,107.94,5.0,4.0
2303,2025-12-01,South,Footwear,Online,Corporate,4,119.81,0.15,336.07,229.0,107.07,5.0,5.0
3526,2025-12-01,North,Accessories,Online,Home Office,10,7.97,0.15,55.89,37.26,18.63,2.0,4.0
580,2025-12-02,South,Apparel,Retail,Consumer,9,47.71,0.25,265.69,184.12,81.57,14.0,1.0
688,2025-12-02,East,Accessories,Online,Consumer,5,125.41,0.0,517.32,320.27,197.05,7.0,5.0
854,2025-12-02,South,Outerwear,Wholesale,Consumer,319,40.45,0.0,10645.43,7158.02,3487.41,10.0,3.0
2928,2025-12-02,North,Apparel,Retail,Consumer,6,30.91,0.0,153.0,88.79,64.21,1.0,2.0
3089,2025-12-02,South,Footwear,Online,Corporate,3,62.79,0.0,155.41,105.18,50.23,11.0,2.0
3516,2025-12-02,East,Footwear,Wholesale,Home Office,213,40.47,0.0,7111.59,4336.67,2774.92,2.0,
4208,2025-12-02,East,Apparel,Retail,Consumer,4,67.18,0.0,221.69,135.93,85.76,11.0,1.0
720,2025-12-03,South,Accessories,Retail,Consumer,3,40.72,0.0,100.78,65.0,35.78,12.0,4.0
1054,2025-12-03,West,Apparel,Online,Home Office,2,34.55,0.25,42.76,27.46,15.3,14.0,
1186,2025-12-03,South,Apparel,Retail,Corporate,6,27.64,0.15,116.3,76.2,40.1,1.0,3.0
3080,2025-12-03,West,Footwear,Online,Home Office,4,81.73,0.05,256.22,165.3,90.92,2.0,3.0
3932,2025-12-03,East,Footwear,Online,Corporate,4,61.85,0.05,193.9,126.08,67.82,11.0,5.0
4176,2025-12-03,North,Footwear,Online,Consumer,2,54.55,0.05,85.51,48.18,37.33,6.0,1.0
4404,2025-12-03,East,Accessories,Online,Consumer,1,38.74,0.0,31.96,20.23,11.73,4.0,4.0
4444,2025-12-03,West,Footwear,Retail,Corporate,2,98.59,0.05,154.54,104.38,50.16,7.0,
4657,2025-12-03,East,Apparel,Retail,Home Office,9,84.11,0.0,624.52,425.17,199.35,14.0,3.0
4742,2025-12-03,West,Footwear,Online,Consumer,7,18.03,0.0,104.12,61.27,42.85,4.0,2.0
73,2025-12-04,North,Footwear,Wholesale,Home Office,104,147.82,0.0,12682.96,7624.36,5058.6,,4.0
314,2025-12-04,North,Outerwear,Online,Consumer,1,96.81,0.0,79.87,50.67,29.2,1.0,
810,2025-12-04,North,Apparel,Online,Corporate,1,58.48,0.1,43.42,25.41,18.01,10.0,1.0
1674,2025-12-04,North,Outerwear,Online,Home Office,9,46.7,0.1,312.07,177.41,134.66,8.0,5.0
2266,2025-12-04,East,Footwear,Wholesale,Consumer,228,43.88,0.0,8253.83,5307.05,2946.78,3.0,
2455,2025-12-04,East,Apparel,Wholesale,Home Office,279,64.39,0.0,14820.97,9145.26,5675.71,8.0,2.0
4538,2025-12-04,West,Outerwear,Online,Consumer,8,18.17,0.0,119.92,72.82,47.1,11.0,
253,2025-12-05,East,Accessories,Wholesale,Corporate,225,86.1,0.1,14384.08,9661.59,4722.49,2.0,3.0
731,2025-12-05,West,Footwear,Online,Consumer,7,40.72,0.0,235.16,143.19,91.97,4.0,1.0
740,2025-12-05,West,Apparel,Wholesale,Consumer,191,59.37,0.0,9355.23,6410.92,2944.31,2.0,3.0
785,2025-12-05,North,Footwear,Retail,Corporate,8,63.1,0.0,416.46,249.14,167.32,8.0,3.0
843,2025-12-05,West,Apparel,Online,Corporate,10,36.28,0.05,284.34,167.12,117.22,8.0,
1869,2025-12-05,North,Apparel,Retail,Consumer,10,34.09,0.0,281.24,193.34,87.9,11.0,4.0
1990,2025-12-05,East,Apparel,Online,Consumer,6,46.18,0.05,217.16,133.65,83.51,1.0,2.0
2388,2025-12-05,West,Footwear,Online,Corporate,3,103.33,0.0,255.74,166.34,89.4,4.0,
2409,2025-12-05,East,Apparel,Retail,Corporate,9,33.91,0.25,188.84,123.29,65.55,13.0,5.0
2988,2025-12-05,West,Accessories,Online,Corporate,6,32.08,0.0,158.8,86.9,71.9,12.0,3.0
3417,2025-12-05,East,Apparel,Online,Consumer,7,34.68,0.0,200.28,119.66,80.62,1.0,5.0
3916,2025-12-05,North,Accessories,Online,Consumer,2,64.19,0.15,90.03,61.6,28.43,4.0,4.0
701,2025-12-06,West,Outerwear,Retail,Consumer,4,84.3,0.05,264.28,153.28,111.0,11.0,2.0
2103,2025-12-06,South,Accessories,Retail,Consumer,2,68.09,0.05,106.73,63.24,43.49,10.0,1.0
2204,2025-12-06,East,Apparel,Online,Consumer,2,53.56,0.1,79.54,52.26,27.28,11.0,
3196,2025-12-06,South,Apparel,Retail,Corporate,1,25.16,0.05,19.72,12.76,6.96,,1.0
4090,2025-12-06,East,Footwear,Online,Consumer,2,55.9,0.1,83.01,54.56,28.45,12.0,4.0
4658,2025-12-06,West,Apparel,Online,Consumer,2,50.45,0.05,79.08,48.99,30.09,2.0,5.0
38,2025-12-07,East,Footwear,Retail,Corporate,11,80.72,0.0,732.53,474.19,258.34,10.0,4.0
517,2025-12-07,East,Apparel,Online,Corporate,2,51.69,0.0,85.29,54.01,31.28,10.0,5.0
3765,2025-12-07,West,Accessories,Wholesale,Consumer,197,76.13,0.0,12373.03,7474.02,4899.01,13.0,4.0
4500,2025-12-07,West,Footwear,Online,Corporate,6,71.6,0.0,354.42,217.6,136.82,1.0,3.0
4637,2025-12-07,West,Apparel,Online,Consumer,1,24.03,0.05,18.83,12.07,6.76,13.0,2.0
288,2025-12-08,West,Outerwear,Online,Consumer,6,38.75,0.15,163.04,99.01,64.03,9.0,1.0
1344,2025-12-08,West,Accessories,Online,Consumer,4,76.26,0.25,188.74,104.88,83.86,12.0,1.0
1419,2025-12-08,West,Apparel,Retail,Consumer,4,59.64,0.25,147.61,93.98,53.63,5.0,5.0
3024,2025-12-08,North,Footwear,Retail,Consumer,5,36.21,0.0,149.37,93.98,55.39,10.0,4.0
3329,2025-12-08,North,Accessories,Online,Consumer,10,29.39,0.05,230.34,140.55,89.79,5.0,5.0
3453,2025-12-08,West,Footwear,Online,Consumer,11,28.29,0.0,256.73,143.37,113.36,4.0,
3505,2025-12-08,South,Accessories,Retail,Home Office,7,38.9,0.0,224.65,142.18,82.47,14.0,3.0
4180,2025-12-08,West,Apparel,Retail,Home Office,2,59.17,0.0,97.63,61.0,36.63,5.0,1.0
4806,2025-12-08,West,Accessories,Online,Consumer,5,24.0,0.1,89.1,58.08,31.02,1.0,4.0
834,2025-12-09,East,Apparel,Retail,Consumer,3,77.24,0.15,162.49,107.74,54.75,2.0,4.0
1171,2025-12-09,West,Footwear,Online,Consumer,9,46.4,0.05,327.29,160.16,167.13,1.0,2.0
2450,2025-12-09,West,Footwear,Online,Consumer,7,49.53,0.05,271.73,168.59,103.14,6.0,5.0
3026,2025-12-09,South,Footwear,Online,Consumer,5,19.96,0.1,74.1,50.38,23.72,6.0,3.0
3393,2025-12-09,East,Accessories,Online,Corporate,10,88.92,0.0,733.59,451.18,282.41,6.0,2.0
4059,2025-12-09,North,Apparel,Retail,Consumer,9,55.1,0.15,347.75,222.15,125.6,5.0,5.0
4358,2025-12-09,East,Footwear,Wholesale,Consumer,371,54.88,0.0,16797.4,10453.55,6343.85,6.0,1.0
223,2025-12-10,South,Accessories,Online,Corporate,2,69.33,0.0,114.39,67.21,47.18,3.0,5.0
231,2025-12-10,North,Outerwear,Online,Consumer,8,77.92,0.05,488.56,288.33,200.23,5.0,
1702,2025-12-10,South,Apparel,Online,Consumer,11,81.66,0.0,741.06,503.7,237.36,8.0,
3278,2025-12-10,West,Footwear,Online,Consumer,2,38.11,0.1,56.59,33.43,23.16,1.0,
3462,2025-12-10,East,Apparel,Online,Home Office,9,94.19,0.0,699.36,427.43,271.93,7.0,2.0
3795,2025-12-10,West,Footwear,Online,Consumer,6,23.17,0.0,114.69,75.85,38.84,2.0,3.0
4127,2025-12-10,North,Accessories,Online,Home Office,6,70.74,0.05,332.65,225.11,107.54,1.0,4.0
633,2025-12-11,South,Apparel,Online,Consumer,9,69.94,0.0,519.3,324.03,195.27,2.0,3.0
1056,2025-12-11,South,Apparel,Wholesale,Consumer,330,86.5,0.0,23549.62,13795.18,9754.44,5.0,3.0
1258,2025-12-11,North,Footwear,Online,Consumer,4,107.37,0.15,301.17,200.71,100.46,13.0,3.0
1389,2025-12-11,East,Apparel,Retail,Consumer,2,48.49,0.15,68.01,37.13,30.88,8.0,3.0
1518,2025-12-11,East,Apparel,Online,Corporate,5,74.47,0.0,307.19,175.78,131.41,8.0,4.0
2190,2025-12-11,South,Outerwear,Retail,Consumer,9,68.13,0.0,505.87,304.96,200.91,5.0,5.0
2560,2025-12-11,East,Footwear,Wholesale,Consumer,347,51.42,0.1,13248.23,7398.21,5850.02,8.0,4.0
2852,2025-12-11,West,Footwear,Online,Consumer,5,52.05,0.0,214.71,125.87,88.84,14.0,3.0
3047,2025-12-11,East,Apparel,Wholesale,Corporate,68,61.52,0.1,3106.14,1933.09,1173.05,,2.0
3263,2025-12-11,East,Footwear,Retail,Consumer,9,11.62,0.05,81.96,56.7,25.26,12.0,
4941,2025-12-11,West,Apparel,Online,Consumer,8,69.62,0.15,390.57,248.51,142.06,12.0,2.0
70,2025-12-12,South,Apparel,Retail,Corporate,1,23.09,0.0,19.05,13.23,5.82,13.0,5.0
238,2025-12-12,East,Footwear,Online,Corporate,9,38.19,0.0,283.56,162.25,121.31,8.0,
813,2025-12-12,South,Footwear,Online,Corporate,10,35.28,0.0,291.06,187.46,103.6,6.0,5.0
2741,2025-12-12,West,Outerwear,Retail,Consumer,5,36.52,0.0,150.64,96.65,53.99,3.0,4.0
3495,2025-12-12,South,Apparel,Online,Consumer,6,70.38,0.05,330.96,235.83,95.13,3.0,2.0
3521,2025-12-12,East,Apparel,Retail,Consumer,11,24.03,0.25,163.55,105.55,58.0,1.0,1.0
3755,2025-12-12,East,Footwear,Wholesale,Corporate,126,28.52,0.0,2964.65,1696.67,1267.98,7.0,5.0
3458,2025-12-13,North,Footwear,Retail,Consumer,4,96.02,0.0,316.87,203.14,113.73,6.0,1.0
290,2025-12-14,West,Footwear,Online,Home Office,11,44.46,0.0,403.47,278.41,125.06,10.0,1.0
853,2025-12-14,North,Accessories,Retail,Consumer,5,39.57,0.25,122.42,75.75,46.67,,2.0
1060,2025-12-14,North,Footwear,Online,Consumer,4,35.39,0.05,110.95,70.46,40.49,9.0,4.0
1426,2025-12-14,East,Apparel,Online,Consumer,1,80.0,0.0,66.0,38.35,27.65,9.0,2.0
1993,2025-12-14,North,Footwear,Online,Corporate,10,61.06,0.0,503.74,291.71,212.03,13.0,2.0
2142,2025-12-14,West,Apparel,Retail,Corporate,11,30.04,0.0,272.61,184.05,88.56,9.0,3.0
2530,2025-12-14,West,Footwear,Wholesale,Consumer,68,57.2,0.25,2406.69,1480.09,926.6,12.0,5.0
2644,2025-12-14,East,Footwear,Online,Home Office,7,50.83,0.15,249.51,151.46,98.05,2.0,2.0
3709,2025-12-14,East,Apparel,Online,Corporate,8,48.01,0.05,301.02,178.24,122.78,7.0,
4062,2025-12-14,North,Accessories,Online,Corporate,11,69.2,0.0,627.99,414.77,213.22,,
4120,2025-12-14,East,Apparel,Retail,Home Office,1,24.79,0.25,15.34,9.91,5.43,13.0,
3049,2025-12-15,North,Apparel,Online,Consumer,11,44.89,0.0,407.38,250.41,156.97,5.0,1.0
3556,2025-12-15,West,Accessories,Wholesale,Consumer,399,72.17,0.15,20193.08,13096.52,7096.56,3.0,2.0
4634,2025-12-15,South,Apparel,Retail,Corporate,1,23.22,0.25,14.37,8.9,5.47,,5.0
4809,2025-12-15,East,Footwear,Retail,Consumer,3,21.59,0.0,53.44,34.11,19.33,9.0,5.0
973,2025-12-16,North,Apparel,Wholesale,Consumer,335,31.79,0.25,6589.47,3892.39,2697.08,10.0,4.0
1811,2025-12-16,North,Apparel,Online,Home Office,10,69.83,0.05,547.29,311.77,235.52,4.0,5.0
1927,2025-12-16,North,Footwear,Online,Consumer,1,46.87,0.0,38.67,24.72,13.95,4.0,4.0
2513,2025-12-16,North,Apparel,Online,Corporate,3,66.13,0.1,147.3,92.4,54.9,10.0,2.0
2722,2025-12-16,East,Apparel,Wholesale,Home Office,308,72.24,0.05,17438.37,10157.77,7280.6,10.0,
3413,2025-12-16,West,Outerwear,Online,Corporate,8,57.07,0.0,376.66,265.35,111.31,10.0,
3918,2025-12-16,East,Footwear,Wholesale,Corporate,173,177.67,0.15,21554.26,13206.88,8347.38,7.0,4.0
388,2025-12-17,South,Accessories,Online,Corporate,2,55.85,0.0,92.15,59.28,32.87,9.0,2.0
763,2025-12-17,North,Footwear,Online,Home Office,2,30.87,0.25,38.2,22.6,15.6,12.0,5.0
1406,2025-12-17,East,Accessories,Online,Corporate,5,18.05,0.0,74.46,48.23,26.23,2.0,5.0
2980,2025-12-17,West,Outerwear,Retail,Corporate,2,31.46,0.0,51.91,36.22,15.69,8.0,4.0
3415,2025-12-17,West,Apparel,Online,Consumer,2,31.71,0.05,49.71,32.29,17.42,6.0,3.0
3851,2025-12-17,West,Apparel,Online,Consumer,10,79.89,0.05,626.14,371.87,254.27,2.0,4.0
191,2025-12-18,North,Apparel,Online,Home Office,1,28.21,0.0,23.27,16.13,7.14,13.0,5.0
1649,2025-12-18,East,Footwear,Online,Home Office,5,43.61,0.15,152.91,98.52,54.39,,5.0
2501,2025-12-18,West,Apparel,Online,Corporate,5,28.59,0.0,117.93,69.6,48.33,1.0,2.0
3107,2025-12-18,West,Accessories,Online,Corporate,9,63.91,0.1,427.08,264.46,162.62,7.0,1.0
4029,2025-12-18,West,Accessories,Retail,Corporate,9,66.87,0.0,496.51,328.87,167.64,10.0,
4314,2025-12-18,East,Apparel,Retail,Consumer,10,202.5,0.0,1670.62,1103.29,567.33,11.0,5.0
4651,2025-12-18,South,Apparel,Wholesale,Consumer,271,114.99,0.25,19281.67,11514.33,7767.34,11.0,2.0
184,2025-12-19,East,Apparel,Retail,Corporate,9,78.83,0.1,526.78,308.22,218.56,7.0,2.0
1043,2025-12-19,North,Footwear,Online,Consumer,2,26.7,0.0,44.05,25.2,18.85,,3.0
1340,2025-12-19,West,Apparel,Online,Consumer,9,20.27,0.05,142.98,93.11,49.87,11.0,
1780,2025-12-19,South,Accessories,Online,Corporate,7,26.96,0.0,155.69,99.09,56.6,8.0,3.0
2806,2025-12-19,South,Accessories,Retail,Consumer,10,62.21,0.05,487.57,304.88,182.69,11.0,4.0
2860,2025-12-19,East,Footwear,Retail,Home Office,11,31.33,0.0,284.32,176.42,107.9,,4.0
3466,2025-12-19,East,Apparel,Online,Consumer,6,26.03,0.1,115.96,63.47,52.49,6.0,3.0
3578,2025-12-19,South,Accessories,Retail,Consumer,1,93.36,0.0,77.02,47.09,29.93,1.0,4.0
4792,2025-12-19,South,Footwear,Retail,Consumer,2,96.28,0.0,158.86,89.28,69.58,4.0,1.0
903,2025-12-20,South,Apparel,Online,Consumer,10,115.6,0.05,906.01,633.51,272.5,9.0,1.0
2705,2025-12-20,South,Accessories,Wholesale,Consumer,105,111.19,0.0,9631.83,6094.49,3537.34,10.0,1.0
32,2025-12-21,West,Footwear,Retail,Corporate,8,117.05,0.0,772.53,445.07,327.46,,4.0
297,2025-12-21,South,Outerwear,Online,Consumer,2,106.3,0.15,149.09,81.83,67.26,10.0,5.0
354,2025-12-21,East,Accessories,Wholesale,Corporate,324,78.02,0.0,20854.75,12638.5,8216.25,12.0,3.0
967,2025-12-21,West,Accessories,Online,Consumer,8,109.77,0.0,724.48,472.39,252.09,,
1266,2025-12-21,North,Footwear,Retail,Consumer,5,54.55,0.0,225.02,140.05,84.97,11.0,2.0
1378,2025-12-21,South,Apparel,Online,Consumer,5,38.39,0.0,158.36,102.21,56.15,,5.0
2438,2025-12-21,West,Apparel,Retail,Consumer,1,66.88,0.25,41.38,25.84,15.54,9.0,3.0
3319,2025-12-21,South,Accessories,Retail,Consumer,6,93.57,0.05,440.01,266.78,173.23,6.0,
3387,2025-12-21,South,Footwear,Online,Consumer,6,41.9,0.05,197.03,126.51,70.52,,
937,2025-12-22,West,Apparel,Online,Corporate,11,33.2,0.0,301.29,182.01,119.28,,
2996,2025-12-22,West,Footwear,Online,Home Office,5,78.17,0.1,290.21,162.83,127.38,6.0,2.0
15,2025-12-23,East,Accessories,Retail,Corporate,4,45.8,0.15,128.47,77.13,51.34,3.0,4.0
166,2025-12-23,South,Apparel,Online,Consumer,5,21.04,0.0,86.79,54.77,32.02,3.0,
1044,2025-12-23,West,Apparel,Online,Consumer,4,74.87,0.1,222.36,146.69,75.67,1.0,4.0
1480,2025-12-23,South,Footwear,Retail,Consumer,7,68.58,0.0,396.05,243.37,152.68,11.0,2.0
2071,2025-12-23,North,Accessories,Retail,Home Office,10,51.19,0.0,422.32,259.65,162.67,5.0,3.0
2234,2025-12-23,North,Apparel,Retail,Consumer,3,58.2,0.0,144.04,98.38,45.66,11.0,5.0
4178,2025-12-23,North,Accessories,Online,Consumer,3,57.96,0.0,143.45,90.93,52.52,2.0,2.0
4284,2025-12-23,East,Apparel,Online,Home Office,6,82.32,0.0,407.48,249.76,157.72,11.0,4.0
4817,2025-12-23,East,Apparel,Retail,Consumer,11,63.72,0.05,549.35,377.78,171.57,14.0,1.0
394,2025-12-24,West,Apparel,Retail,Corporate,6,55.6,0.1,247.7,159.12,88.58,14.0,3.0
1484,2025-12-24,East,Apparel,Wholesale,Corporate,89,54.74,0.15,3416.39,1839.16,1577.23,1.0,
3984,2025-12-24,East,Outerwear,Online,Corporate,7,61.19,0.05,335.7,173.79,161.91,6.0,4.0
4601,2025-12-24,East,Footwear,Online,Consumer,1,70.13,0.0,57.86,36.08,21.78,4.0,2.0
35,2025-12-25,East,Footwear,Wholesale,Consumer,98,59.69,0.1,4343.34,2892.38,1450.96,9.0,3.0
375,2025-12-25,South,Accessories,Online,Corporate,11,55.81,0.0,506.48,278.85,227.63,14.0,4.0
1754,2025-12-25,West,Apparel,Online,Consumer,3,29.38,0.0,72.72,52.67,20.05,4.0,1.0
1764,2025-12-25,South,Apparel,Online,Home Office,3,135.91,0.25,252.28,149.6,102.68,11.0,5.0
1909,2025-12-25,West,Accessories,Online,Consumer,7,31.0,0.0,179.02,96.45,82.57,4.0,5.0
3310,2025-12-25,North,Apparel,Online,Consumer,5,45.93,0.0,189.46,112.55,76.91,,4.0
3720,2025-12-25,East,Apparel,Retail,Home Office,5,19.34,0.0,79.78,52.85,26.93,2.0,3.0
4372,2025-12-25,East,Apparel,Retail,Corporate,7,75.62,0.1,393.03,245.11,147.92,12.0,2.0
1356,2025-12-26,South,Outerwear,Online,Consumer,8,133.47,0.0,880.9,538.3,342.6,1.0,1.0
1529,2025-12-26,South,Apparel,Online,Corporate,2,101.19,0.15,141.92,79.49,62.43,8.0,
2600,2025-12-26,South,Outerwear,Online,Corporate,7,73.2,0.25,317.05,171.02,146.03,11.0,2.0
2867,2025-12-26,West,Footwear,Online,Home Office,1,89.62,0.0,73.94,46.84,27.1,5.0,
3579,2025-12-26,North,Apparel,Retail,Corporate,10,53.21,0.0,438.98,287.32,151.66,11.0,3.0
4522,2025-12-26,South,Apparel,Online,Consumer,11,74.84,0.15,577.3,345.03,232.27,14.0,
4597,2025-12-26,West,Outerwear,Online,Consumer,2,26.84,0.15,37.64,22.62,15.02,8.0,2.0
4721,2025-12-26,West,Accessories,Online,Home Office,6,41.82,0.05,196.66,138.68,57.98,7.0,5.0
4814,2025-12-26,South,Apparel,Online,Consumer,4,159.59,0.1,473.98,289.68,184.3,14.0,1.0
1078,2025-12-27,East,Apparel,Retail,Corporate,2,61.07,0.05,95.73,63.32,32.41,13.0,
1673,2025-12-27,South,Outerwear,Online,Corporate,6,74.27,0.1,330.87,211.63,119.24,13.0,
2188,2025-12-27,South,Apparel,Retail,Home Office,7,38.86,0.0,224.42,147.27,77.15,2.0,
3145,2025-12-27,South,Apparel,Wholesale,Consumer,232,58.17,0.0,11133.74,6862.71,4271.03,12.0,4.0
3244,2025-12-27,West,Apparel,Wholesale,Corporate,103,68.46,0.1,5235.65,3353.21,1882.44,3.0,2.0
3603,2025-12-27,West,Apparel,Retail,Consumer,4,34.71,0.0,114.54,74.89,39.65,2.0,2.0
3703,2025-12-27,East,Apparel,Retail,Consumer,3,48.26,0.0,119.44,78.18,41.26,5.0,3.0
4052,2025-12-27,North,Apparel,Online,Consumer,5,42.1,0.1,156.3,98.04,58.26,7.0,3.0
1309,2025-12-28,East,Footwear,Online,Home Office,5,39.24,0.0,161.86,107.62,54.24,,3.0
1632,2025-12-28,North,Apparel,Retail,Consumer,3,41.1,0.05,96.64,62.64,34.0,8.0,2.0
1769,2025-12-28,East,Accessories,Online,Consumer,5,32.86,0.05,128.77,84.84,43.93,8.0,3.0
1812,2025-12-28,North,Apparel,Online,Consumer,2,32.28,0.05,50.6,30.51,20.09,4.0,3.0
3005,2025-12-28,North,Apparel,Retail,Consumer,4,43.32,0.0,142.96,90.67,52.29,6.0,4.0
3163,2025-12-28,West,Footwear,Retail,Consumer,3,32.96,0.0,81.58,53.87,27.71,,1.0
4490,2025-12-28,West,Footwear,Wholesale,Consumer,218,159.12,0.15,24325.07,14410.02,9915.05,9.0,
975,2025-12-29,East,Apparel,Online,Consumer,9,57.93,0.05,408.62,243.65,164.97,11.0,3.0
2145,2025-12-29,North,Outerwear,Online,Consumer,6,31.41,0.0,155.48,92.85,62.63,4.0,2.0
2990,2025-12-29,North,Footwear,Online,Corporate,5,108.56,0.05,425.42,265.96,159.46,10.0,
4256,2025-12-29,South,Apparel,Wholesale,Corporate,261,77.04,0.05,15759.21,10229.51,5529.7,4.0,2.0
4560,2025-12-29,South,Footwear,Wholesale,Corporate,219,46.26,0.15,7104.32,4465.82,2638.5,,3.0
4789,2025-12-29,East,Accessories,Retail,Consumer,10,62.0,0.0,511.5,330.26,181.24,2.0,
4859,2025-12-29,West,Accessories,Online,Home Office,10,23.04,0.0,190.08,108.48,81.6,,3.0
4907,2025-12-29,West,Apparel,Online,Consumer,7,60.9,0.0,351.7,229.24,122.46,6.0,1.0
150,2025-12-30,South,Accessories,Retail,Consumer,4,47.29,0.0,156.06,89.11,66.95,,2.0
1841,2025-12-30,North,Apparel,Online,Consumer,4,69.34,0.1,205.94,126.54,79.4,2.0,
3298,2025-12-30,North,Apparel,Wholesale,Corporate,90,49.48,0.1,3306.5,2311.99,994.51,9.0,
3621,2025-12-30,South,Apparel,Retail,Consumer,8,23.47,0.0,154.9,96.1,58.8,1.0,1.0
3831,2025-12-30,West,Apparel,Online,Consumer,9,62.58,0.0,464.66,292.44,172.22,3.0,2.0
4068,2025-12-30,North,Accessories,Retail,Consumer,3,56.65,0.25,105.16,67.56,37.6,11.0,4.0
4441,2025-09-16,West,Outerwear,Retail,Consumer,1,77.88,0.0,54.27,32.39,21.88,9.0,1.0
2575,2025-08-11,North,Footwear,Online,Consumer,7,19.44,0.05,106.65,60.22,46.43,13.0,5.0
4834,2024-06-12,East,Apparel,Online,Consumer,9,77.76,0.05,781.2,488.08,293.12,12.0,4.0
4882,2025-10-21,North,Apparel,Online,Consumer,9,37.28,0.0,218.09,142.51,75.58,10.0,
2589,2025-07-12,East,Apparel,Online,Consumer,1,68.2,0.0,68.2,44.55,23.65,3.0,
2469,2024-06-26,North,Accessories,Retail,Consumer,2,62.43,0.0,146.71,88.59,58.12,13.0,5.0
4784,2025-03-14,South,Apparel,Retail,Consumer,4,52.77,0.0,275.06,180.74,94.32,4.0,3.0
3563,2025-07-31,East,Footwear,Online,Corporate,10,64.13,0.0,641.3,446.02,195.28,4.0,1.0
2684,2024-01-07,North,Accessories,Online,Corporate,5,61.63,0.15,261.93,158.91,103.02,6.0,1.0
4479,2024-02-12,South,Footwear,Online,Home Office,1,28.66,0.15,28.62,17.97,10.65,5.0,
1241,2024-07-17,West,Footwear,Online,Corporate,2,94.23,0.15,160.19,99.73,60.46,,2.0
4562,2025-09-02,East,Accessories,Online,Corporate,8,30.7,0.0,171.16,107.35,63.81,9.0,2.0
2355,2024-12-02,South,Footwear,Online,Consumer,5,60.84,0.1,225.87,133.52,92.35,8.0,2.0
4985,2025-06-25,North,Apparel,Online,Consumer,3,41.66,0.0,146.85,94.52,52.33,,
3210,2024-04-29,East,Footwear,Online,Consumer,1,49.3,0.0,66.56,38.13,28.43,9.0,1.0
1808,2024-06-23,West,Apparel,Retail,Consumer,1,49.1,0.0,57.69,32.71,24.98,1.0,2.0
957,2025-05-14,West,Apparel,Online,Corporate,9,94.09,0.0,1103.49,703.43,400.06,3.0,1.0
4798,2025-01-10,West,Outerwear,Online,Consumer,9,123.72,0.0,1113.48,668.49,444.99,7.0,
1471,2025-11-02,East,Accessories,Retail,Consumer,1,74.11,0.1,46.48,26.0,20.48,4.0,1.0
1168,2024-01-06,West,Apparel,Online,Consumer,2,63.76,0.0,127.52,83.71,43.81,7.0,3.0
2114,2024-01-30,West,Apparel,Retail,Home Office,8,102.31,0.0,818.48,459.34,359.14,,2.0
1823,2024-09-22,South,Footwear,Online,Consumer,5,81.96,0.15,242.75,155.33,87.42,13.0,5.0
2755,2024-07-16,West,Footwear,Wholesale,Corporate,287,16.48,0.05,4493.27,2783.5,1709.77,5.0,1.0
710,2024-02-06,East,Accessories,Online,Home Office,7,26.87,0.05,209.96,136.19,73.77,,
2637,2024-07-22,South,Outerwear,Retail,Consumer,8,51.79,0.25,310.74,200.71,110.03,4.0,5.0
4045,2025-11-26,South,Apparel,Wholesale,Consumer,247,47.02,0.1,7284.29,4821.86,2462.43,4.0,4.0
2821,2024-07-12,South,Apparel,Online,Consumer,11,40.27,0.0,442.97,245.14,197.83,14.0,5.0
2947,2024-05-15,South,Footwear,Online,Consumer,5,62.25,0.0,405.59,222.55,183.04,7.0,5.0
3017,2025-04-18,South,Footwear,Retail,Home Office,1,34.01,0.05,43.62,27.3,16.32,3.0,
3004,2025-11-22,East,Accessories,Online,Consumer,10,43.69,0.0,304.47,201.66,102.81,11.0,5.0
1553,2024-05-27,West,Footwear,Online,Corporate,8,26.06,0.0,271.67,163.58,108.09,9.0,5.0
2035,2025-06-02,East,Apparel,Retail,Corporate,5,116.74,0.25,514.39,319.07,195.32,3.0,5.0
1377,2024-03-11,East,Apparel,Retail,Corporate,1,40.41,0.05,50.03,32.24,17.79,8.0,4.0
959,2024-12-07,East,Accessories,Online,Consumer,1,62.6,0.15,43.9,25.63,18.27,9.0,5.0
2222,2025-09-03,South,Apparel,Online,Home Office,11,26.6,0.05,193.71,121.16,72.55,6.0,5.0
4796,2025-04-14,North,Apparel,Online,Corporate,7,38.18,0.05,342.76,216.13,126.63,2.0,4.0
4020,2025-06-08,West,Apparel,Online,Consumer,2,28.29,0.05,63.16,38.91,24.25,,3.0
2278,2025-04-13,West,Apparel,Online,Corporate,6,73.76,0.05,567.58,382.42,185.16,8.0,3.0
4556,2024-10-27,South,Footwear,Retail,Consumer,2,48.95,0.05,60.45,37.36,23.09,4.0,2.0
2520,2025-09-02,North,Apparel,Retail,Consumer,10,80.88,0.0,563.65,357.92,205.73,6.0,4.0
